/*
 Navicat Premium Data Transfer

 Source Server         : mysql.pearadmin.com_3306
 Source Server Type    : MySQL
 Source Server Version : 80022
 Source Host           : mysql.pearadmin.com:3306
 Source Schema         : pear-admin-boot

 Target Server Type    : MySQL
 Target Server Version : 80022
 File Encoding         : 65001

 Date: 26/01/2022 00:55:11
*/

SET NAMES utf8mb4;
SET FOREIGN_KEY_CHECKS = 0;

-- ----------------------------
-- Table structure for ACT_EVT_LOG
-- ----------------------------
DROP TABLE IF EXISTS `ACT_EVT_LOG`;
CREATE TABLE `ACT_EVT_LOG`  (
  `LOG_NR_` bigint NOT NULL AUTO_INCREMENT,
  `TYPE_` varchar(64) CHARACTER SET utf8 COLLATE utf8_bin NULL DEFAULT NULL,
  `PROC_DEF_ID_` varchar(64) CHARACTER SET utf8 COLLATE utf8_bin NULL DEFAULT NULL,
  `PROC_INST_ID_` varchar(64) CHARACTER SET utf8 COLLATE utf8_bin NULL DEFAULT NULL,
  `EXECUTION_ID_` varchar(64) CHARACTER SET utf8 COLLATE utf8_bin NULL DEFAULT NULL,
  `TASK_ID_` varchar(64) CHARACTER SET utf8 COLLATE utf8_bin NULL DEFAULT NULL,
  `TIME_STAMP_` timestamp(3) NOT NULL,
  `USER_ID_` varchar(255) CHARACTER SET utf8 COLLATE utf8_bin NULL DEFAULT NULL,
  `DATA_` longblob NULL,
  `LOCK_OWNER_` varchar(255) CHARACTER SET utf8 COLLATE utf8_bin NULL DEFAULT NULL,
  `LOCK_TIME_` timestamp(3) NULL DEFAULT NULL,
  `IS_PROCESSED_` tinyint NULL DEFAULT 0,
  PRIMARY KEY (`LOG_NR_`) USING BTREE
) ENGINE = InnoDB AUTO_INCREMENT = 1 CHARACTER SET = utf8 COLLATE = utf8_bin ROW_FORMAT = Dynamic;

-- ----------------------------
-- Records of ACT_EVT_LOG
-- ----------------------------

-- ----------------------------
-- Table structure for ACT_GE_BYTEARRAY
-- ----------------------------
DROP TABLE IF EXISTS `ACT_GE_BYTEARRAY`;
CREATE TABLE `ACT_GE_BYTEARRAY`  (
  `ID_` varchar(64) CHARACTER SET utf8 COLLATE utf8_bin NOT NULL,
  `REV_` int NULL DEFAULT NULL,
  `NAME_` varchar(255) CHARACTER SET utf8 COLLATE utf8_bin NULL DEFAULT NULL,
  `DEPLOYMENT_ID_` varchar(64) CHARACTER SET utf8 COLLATE utf8_bin NULL DEFAULT NULL,
  `BYTES_` longblob NULL,
  `GENERATED_` tinyint NULL DEFAULT NULL,
  PRIMARY KEY (`ID_`) USING BTREE,
  INDEX `ACT_FK_BYTEARR_DEPL`(`DEPLOYMENT_ID_` ASC) USING BTREE,
  CONSTRAINT `ACT_FK_BYTEARR_DEPL` FOREIGN KEY (`DEPLOYMENT_ID_`) REFERENCES `ACT_RE_DEPLOYMENT` (`ID_`) ON DELETE RESTRICT ON UPDATE RESTRICT
) ENGINE = InnoDB CHARACTER SET = utf8 COLLATE = utf8_bin ROW_FORMAT = Dynamic;

-- ----------------------------
-- Records of ACT_GE_BYTEARRAY
-- ----------------------------
INSERT INTO `ACT_GE_BYTEARRAY` VALUES ('10002', 1, 'leave.bpmn20.xml', '10001', 0x3C3F786D6C2076657273696F6E3D22312E302220656E636F64696E673D225554462D38223F3E0A3C646566696E6974696F6E7320786D6C6E733D22687474703A2F2F7777772E6F6D672E6F72672F737065632F42504D4E2F32303130303532342F4D4F44454C2220786D6C6E733A7873693D22687474703A2F2F7777772E77332E6F72672F323030312F584D4C536368656D612D696E7374616E63652220786D6C6E733A7873643D22687474703A2F2F7777772E77332E6F72672F323030312F584D4C536368656D612220786D6C6E733A61637469766974693D22687474703A2F2F61637469766974692E6F72672F62706D6E2220786D6C6E733A62706D6E64693D22687474703A2F2F7777772E6F6D672E6F72672F737065632F42504D4E2F32303130303532342F44492220786D6C6E733A6F6D6764633D22687474703A2F2F7777772E6F6D672E6F72672F737065632F44442F32303130303532342F44432220786D6C6E733A6F6D6764693D22687474703A2F2F7777772E6F6D672E6F72672F737065632F44442F32303130303532342F44492220747970654C616E67756167653D22687474703A2F2F7777772E77332E6F72672F323030312F584D4C536368656D61222065787072657373696F6E4C616E67756167653D22687474703A2F2F7777772E77332E6F72672F313939392F585061746822207461726765744E616D6573706163653D22687474703A2F2F7777772E61637469766974692E6F72672F70726F63657373646566223E0A20203C70726F636573732069643D2270726F6365737322206E616D653D22E8AFB7E58187E6B581E7A88B2220697345786563757461626C653D2274727565223E0A202020203C646F63756D656E746174696F6E3EE8AFB7E58187E6B581E7A88B3C2F646F63756D656E746174696F6E3E0A202020203C73746172744576656E742069643D227369642D30383841414438442D393133392D343931362D423442372D304538394434453737324544223E3C2F73746172744576656E743E0A202020203C757365725461736B2069643D227369642D42383330454343322D453438432D344136372D423542352D304231353032313330423435223E3C2F757365725461736B3E0A202020203C73657175656E6365466C6F772069643D227369642D42453244463942442D433335302D344141412D383431362D4234434239373445454439342220736F757263655265663D227369642D30383841414438442D393133392D343931362D423442372D30453839443445373732454422207461726765745265663D227369642D42383330454343322D453438432D344136372D423542352D304231353032313330423435223E3C2F73657175656E6365466C6F773E0A202020203C656E644576656E742069643D227369642D34373641414131352D314431312D343543392D413035362D353438384236444534374436223E3C2F656E644576656E743E0A202020203C73657175656E6365466C6F772069643D227369642D44384534433644452D423545302D344133452D414234322D3246413643414239383541382220736F757263655265663D227369642D42383330454343322D453438432D344136372D423542352D30423135303231333042343522207461726765745265663D227369642D34373641414131352D314431312D343543392D413035362D353438384236444534374436223E3C2F73657175656E6365466C6F773E0A20203C2F70726F636573733E0A20203C62706D6E64693A42504D4E4469616772616D2069643D2242504D4E4469616772616D5F70726F63657373223E0A202020203C62706D6E64693A42504D4E506C616E652062706D6E456C656D656E743D2270726F63657373222069643D2242504D4E506C616E655F70726F63657373223E0A2020202020203C62706D6E64693A42504D4E53686170652062706D6E456C656D656E743D227369642D30383841414438442D393133392D343931362D423442372D304538394434453737324544222069643D2242504D4E53686170655F7369642D30383841414438442D393133392D343931362D423442372D304538394434453737324544223E0A20202020202020203C6F6D6764633A426F756E6473206865696768743D2233302E30222077696474683D2233302E302220783D223135382E33393939393939393939393939382220793D223133332E30223E3C2F6F6D6764633A426F756E64733E0A2020202020203C2F62706D6E64693A42504D4E53686170653E0A2020202020203C62706D6E64693A42504D4E53686170652062706D6E456C656D656E743D227369642D42383330454343322D453438432D344136372D423542352D304231353032313330423435222069643D2242504D4E53686170655F7369642D42383330454343322D453438432D344136372D423542352D304231353032313330423435223E0A20202020202020203C6F6D6764633A426F756E6473206865696768743D2238302E30222077696474683D223130302E302220783D223237382E342220793D223130382E30223E3C2F6F6D6764633A426F756E64733E0A2020202020203C2F62706D6E64693A42504D4E53686170653E0A2020202020203C62706D6E64693A42504D4E53686170652062706D6E456C656D656E743D227369642D34373641414131352D314431312D343543392D413035362D353438384236444534374436222069643D2242504D4E53686170655F7369642D34373641414131352D314431312D343543392D413035362D353438384236444534374436223E0A20202020202020203C6F6D6764633A426F756E6473206865696768743D2232382E30222077696474683D2232382E302220783D223437322E342220793D223133342E30223E3C2F6F6D6764633A426F756E64733E0A2020202020203C2F62706D6E64693A42504D4E53686170653E0A2020202020203C62706D6E64693A42504D4E456467652062706D6E456C656D656E743D227369642D44384534433644452D423545302D344133452D414234322D324641364341423938354138222069643D2242504D4E456467655F7369642D44384534433644452D423545302D344133452D414234322D324641364341423938354138223E0A20202020202020203C6F6D6764693A776179706F696E7420783D223337382E342220793D223134382E30223E3C2F6F6D6764693A776179706F696E743E0A20202020202020203C6F6D6764693A776179706F696E7420783D223437322E342220793D223134382E30223E3C2F6F6D6764693A776179706F696E743E0A2020202020203C2F62706D6E64693A42504D4E456467653E0A2020202020203C62706D6E64693A42504D4E456467652062706D6E456C656D656E743D227369642D42453244463942442D433335302D344141412D383431362D423443423937344545443934222069643D2242504D4E456467655F7369642D42453244463942442D433335302D344141412D383431362D423443423937344545443934223E0A20202020202020203C6F6D6764693A776179706F696E7420783D223138382E33393939393939393939393939382220793D223134382E30223E3C2F6F6D6764693A776179706F696E743E0A20202020202020203C6F6D6764693A776179706F696E7420783D223237382E342220793D223134382E30223E3C2F6F6D6764693A776179706F696E743E0A2020202020203C2F62706D6E64693A42504D4E456467653E0A202020203C2F62706D6E64693A42504D4E506C616E653E0A20203C2F62706D6E64693A42504D4E4469616772616D3E0A3C2F646566696E6974696F6E733E, 0);
INSERT INTO `ACT_GE_BYTEARRAY` VALUES ('10003', 1, 'leave.process.png', '10001', 0x89504E470D0A1A0A0000000D49484452000001FE000000C608060000003331E25100000AEA49444154785EEDDD6F8F54D51D07F0BE80BE9BBE02E3C33EE903647775595CFF8044144D58944283F6014842D4482349492CE9032A6952933635882E1851316993462B624A408DA5EC8A08E81A4076E7F6FED61D339C5DE0B23B67E62CF97C926F0666EE9C3BD99939DFB977E6CEFCEC6700000000000000000000000000000000000000000000000000000000000000000000000000000000000000000000000000000000000000000000000000000000000000000000000000000000000000000000000000000000000000000000000000000000000000000000000000000000000000000000000000000000000000000000000000000000000000000000000000000000000000000000000000000000000000000000000000000000000000000000000000000000000000000000000000000000000000000000000000000000000000000000B0CC5455F5F3D3A74F7F79ECD8B16A7C7CBC7AF3CD37A5C789BFFBD1A347670E1F3EBC3DBD7F00A0ABA2F4DF79E79D6A7272B2BA7CF97275F5EA55E971E2EF1E7FFF23478EB4EA1702CFA4F71100744D6CE947E9A46524BDCFC4C44414FF547A1F0140D7C46E665BFA6524EE87D8F59FDE4700D0355134690149FFA2F801C8AA69F14F5D3C5B9DFEC71FAAE36FFD7636F1EF382F5D4E9616C50F40564D8AFFBB0B67AA8FDFF84DF5E1DFC7AE4B9C1797A5CBCBE2A3F801C8AA49F17F79FCAFF34ABF9DFF1EFFDBBCE565F151FC0064D5A4F84F1CD939AFF0DB89CBD2E565F151FC0064D5A4F83F7EF3997985DF4E5C962E2F8B8FE207202BC55F56143F00593529FEF8147F5AF8EDC465E9F2B2F8287E00B26A52FC27DFFBDDBCC26F272E4B9797C547F103905593E23F7FE6A3EAE343DBE6957E9C1797A5CBCBE2A3F801C8AA49F1473EFBE71FE7157F9C972E274B8BE20720AB46C57FE54A75F2FD3DF38A3FCE8BCBE62D2F8B8EE20720AB5B157F7C33DF7FDEDB3DAFF4DB89CB7C7B5FF7A2F801C8EA86C55F6FC99F3D79B8FAF7C15FCF2BFB34B14C2C6BEB7FE951FC0064B550F1DF6A2BFF46B1F5BFF4287E00B25AA8F89B6CE5DF2871DD743C691EC50F40560B157F5AE6B79B743C691EC50F40560B15BFF42F8A1F80AC147F5951FC0064A5F8CB8AE207202BC55F56143FB06C1C387060F59E3D7BBED8B66DDBCCA64D9BAA471E79A41A1C1C9C3DDDB871636BEBD6ADD32FBDF4D2C9175E78E197E975E91FC55F56147FB9EEB9E79E5FD473DAFE81818189FA74AACE74CC7173A75373E7EF8FE5D2EBC21D65EFDEBD7F79FAE9A75B0F3DF450F5F2CB2F571F7CF04175EAD4A9EAFCF9F35588D3F87F9C1F97C772636363333B77EEFC7D3A16BDA7F8CB8AE22FCFCA952B9FAC0BFDE25CC937CDC5B85E3A162C6B75E1AFABB7E2679E78E289EAD8B163D5CCCCCC6CD1DF4A2C17CBC7F59E7AEAA9E9CD9B37FF2A1D9BDE51FC6545F197A32EEEBBEA023FB740A9DF4ECEC538E9D8B0ECECD9B3E7CF6BD6ACA95E7FFDF56A7A7A3AEDF646E27A71FDD803B06DDBB6DDE93AE80DC55F56147F19EAB2DE549776ABB3C457AD5A55EDD8B1A31A1F1F5F70AF669C1F97C77249F9B762BC741DB06C3CFFFCF3FF8AF7ED3FFDF4D3A4CA1727C689F1EA2DFF37D275919FE22F2B8ABFFF8686865EA9F35371DF77DF7DD5DEBD7BAB0B172EA4D3D78262B9583EAED7F90220C64DD705C5DBB56BD7BEB56BD756939393E9637D4962BCD883F0E4934FEE48D7495E8ABFAC28FEFE9ADBD2FFA9ACD7AF5F5F7DF6D967E994D5485C2FAEDF399E2D7F9695679F7D7620CAB95B5BFAA9183776FBAF58B1E2EE74DDE4A3F8CB8AE2EF9F987B62B77CBBA4B76CD9525DBA74299DAA6E4B5C3FC6E928FF96398E65636C6CEC87784F3EA718FFD1471FFD3E5D37F928FEB2A2F8FBA72EE5AF3AB7F4975AFA6D314EB2E5FF55BA6E28CED6AD5B776DD8B061D11FE46B2AC67FECB1C7AAD5AB57DB1DD6238ABFAC28FEFE983B646FB698E3BDF9C5EEDEBF9118AFF33D7F87FA51BCC71F7F7C3A0EC1EB8558CFDAB56BAFA4B7813C147F5951FCFD5197F1A57629C707F37288713BB6FA2FA5B7018A11DF42F5E0830F363E4E7FA9623DA3A3A3956FBF5A9AA1A1A10B759E48CF4F29FEB2A2F8BBABC9F360EE1BF9660B390EC56BFAE9FDDB15E3761EEA678EA3581B376E3C12DFB8D74BBB77EF8EDD6207D2DB4273EDC9E556139FE22F2B8ABFBB9A3C0F060606FED45EEEB9E79E4BA7A3AE8AF1DBEB8AF5A6B7058AB061C386A95EEDE66F8BF53DF0C0035FA7B785E63A7629DE74E253FC6545F1775793E7417DFE99F6E56FBDF5563A1D75558CDF717BCE74DE0E28C6BA75EBA64F9F3E9D3E7EB38AF5D5C57F35BD2D34974E78379AF8147F5951FCDD953EFE177A1E0CFEF8833BB3E7E79EEB62FC8EDB3195DE5E28C2E8E868EB9B6FBE491FBF59C5FA4646465AE96DA1B974A24BD39EF8147F5951FCDD953EEED3C4F360B0E3D8FDDC735D8CDFB1FEE9F4F64211E210946BD7AEA58FDFAC627DE91354F244F19795F4FE91DE26F75C97CE6DE97C0B45B8FFFEFBFBB2C5BF6AD5AA99F4B6D05C3AA1B563577FD9B1C5DF5DE9E37FA1E741FDFFE9F6F9B9E73A5BFC2C0B6BD6ACB996FB7DAF54AC6F6464E4727A5B68EE66135D27C55F56147F7735791E0C7A8F1FAE179FAEEFF5A7FADF7DF7DD56FDE4FC5F7A5B68EE66135D27C55F56147F7735791E0CFA543F5C2F8E357DF1C5175BE90338A7EDDBB7FFE018D7A5B9D944D749F19715C5DF5D4D9E078EE387447CBBD4EAD5AB7BFACD7DC3C3C32DDF6AD51B8ABFAC28FEDEF3CD7DB080FAC13AF5FEFBEFA78FE32CDE7EFBEDE9FA15BAEFB1EE11C55F56147F7F0CFAAE7EB85EFC92D4C30F3FDCEAC5AFF38D8E8ECEF8E5AADE51FC6545F1F7875FE783050C0F0F7FFDDA6BAF65DDDF7FE0C081AB837EABBAA7147F5951FCFD13734FBB98D7AF5F5F5DBA74299DA21625C689F13AB6F6CD712C0F2B56ACB8BB7EC53AF3C9279F64F9A0DF471F7D347DEFBDF7CEC47AD275938FE22F2B8ABF7F62EE19ECF816BF2D5BB62CB9FCE3FA314E47E9B7CC712C2B2B57AEDC141FBC9B9898481FDF4B72F6ECD999785111E3A7EB242FC55F56147F7FC51CD451D2B35BEA8BDDED1FD74BB6F46317BF398EE5676868E895BAFC678E1F3FDE95DDFE1F7EF8E10FB1A51FE3A6EB223FC55F56147FFFC55CD459D6F1DE7C7C30AFE9A7FD63B958BEF33DFD88398E652D5EB54659BFFAEAAB5716FB81BFB8DEBE7DFBBEAD9F0CB6F4FB48F19715C55F86B92DFF9F76FB47E250BC1D3B7654E3E3E3D5A953A7AAF3E7CFCFCE65711AFF8FF3E3F2CE43F6E6D232C77147A81FC877D50FE873232323D3F503FE6AD3E3FC63B983070F7E373C3C7C2DAE1FE3A463D33B8ABFAC28FE72B4E7B8A4C46F37E638EE3C7387C15CACB7DC5B9B376FFEEED0A143DF9F3871E2EAB973E7665F09D4A7D7EAFF5FAECBFEDBB1B1B13856365E455F74384B19147F5951FCE569CF710B94FACD628EE3CE37F7ED57FB07060626067FFCD18BF62F5EC5E9D4DCF9FB7D5B5559147F5951FCE532C7017704C55F56143F005929FEB2A2F801C84AF19715C50F40568ABFAC287E00B252FC6545F1039095E22F2B8A1F80AC147F5951FC0064A5F8CB8AE207202BC55F56143F005929FEB2A2F801C84AF19715C50F40568ABFAC287E00B252FC6545F1039095E22F2B8A1F80AC147F5951FC0064A5F8CB8AE207202BC55F56143F005929FEB2A2F801C84AF19715C50F40568ABFAC287E00B252FC6545F10390D5F8F87875F9F2E5790524BD4F7D3F4C2B7E00B23A7AF4E8CCE4E4E4BC1292DEE7F3CF3FFFA22EFEA9F43E0280AE397CF8F0F623478EB42626265AB6FCFB93FAEF3E5397FEE775E9C716FF33E97D04005D1565135B9AB19B59FA96F8FB3F93DE37000000000000000000000000000000000000DCA6FF03AB19D854557D5BAE0000000049454E44AE426082, 1);
INSERT INTO `ACT_GE_BYTEARRAY` VALUES ('12502', 1, 'leave.bpmn20.xml', '12501', 0x3C3F786D6C2076657273696F6E3D22312E302220656E636F64696E673D225554462D38223F3E0A3C646566696E6974696F6E7320786D6C6E733D22687474703A2F2F7777772E6F6D672E6F72672F737065632F42504D4E2F32303130303532342F4D4F44454C2220786D6C6E733A7873693D22687474703A2F2F7777772E77332E6F72672F323030312F584D4C536368656D612D696E7374616E63652220786D6C6E733A7873643D22687474703A2F2F7777772E77332E6F72672F323030312F584D4C536368656D612220786D6C6E733A61637469766974693D22687474703A2F2F61637469766974692E6F72672F62706D6E2220786D6C6E733A62706D6E64693D22687474703A2F2F7777772E6F6D672E6F72672F737065632F42504D4E2F32303130303532342F44492220786D6C6E733A6F6D6764633D22687474703A2F2F7777772E6F6D672E6F72672F737065632F44442F32303130303532342F44432220786D6C6E733A6F6D6764693D22687474703A2F2F7777772E6F6D672E6F72672F737065632F44442F32303130303532342F44492220747970654C616E67756167653D22687474703A2F2F7777772E77332E6F72672F323030312F584D4C536368656D61222065787072657373696F6E4C616E67756167653D22687474703A2F2F7777772E77332E6F72672F313939392F585061746822207461726765744E616D6573706163653D22687474703A2F2F7777772E61637469766974692E6F72672F70726F63657373646566223E0A20203C70726F636573732069643D2270726F6365737322206E616D653D22E8AFB7E58187E6B581E7A88B2220697345786563757461626C653D2274727565223E0A202020203C646F63756D656E746174696F6E3EE8AFB7E58187E6B581E7A88B3C2F646F63756D656E746174696F6E3E0A202020203C73746172744576656E742069643D227369642D30383841414438442D393133392D343931362D423442372D304538394434453737324544223E3C2F73746172744576656E743E0A202020203C757365725461736B2069643D227369642D42383330454343322D453438432D344136372D423542352D304231353032313330423435223E3C2F757365725461736B3E0A202020203C73657175656E6365466C6F772069643D227369642D42453244463942442D433335302D344141412D383431362D4234434239373445454439342220736F757263655265663D227369642D30383841414438442D393133392D343931362D423442372D30453839443445373732454422207461726765745265663D227369642D42383330454343322D453438432D344136372D423542352D304231353032313330423435223E3C2F73657175656E6365466C6F773E0A202020203C656E644576656E742069643D227369642D34373641414131352D314431312D343543392D413035362D353438384236444534374436223E3C2F656E644576656E743E0A202020203C73657175656E6365466C6F772069643D227369642D44384534433644452D423545302D344133452D414234322D3246413643414239383541382220736F757263655265663D227369642D42383330454343322D453438432D344136372D423542352D30423135303231333042343522207461726765745265663D227369642D34373641414131352D314431312D343543392D413035362D353438384236444534374436223E3C2F73657175656E6365466C6F773E0A20203C2F70726F636573733E0A20203C62706D6E64693A42504D4E4469616772616D2069643D2242504D4E4469616772616D5F70726F63657373223E0A202020203C62706D6E64693A42504D4E506C616E652062706D6E456C656D656E743D2270726F63657373222069643D2242504D4E506C616E655F70726F63657373223E0A2020202020203C62706D6E64693A42504D4E53686170652062706D6E456C656D656E743D227369642D30383841414438442D393133392D343931362D423442372D304538394434453737324544222069643D2242504D4E53686170655F7369642D30383841414438442D393133392D343931362D423442372D304538394434453737324544223E0A20202020202020203C6F6D6764633A426F756E6473206865696768743D2233302E30222077696474683D2233302E302220783D223135382E33393939393939393939393939382220793D223133332E30223E3C2F6F6D6764633A426F756E64733E0A2020202020203C2F62706D6E64693A42504D4E53686170653E0A2020202020203C62706D6E64693A42504D4E53686170652062706D6E456C656D656E743D227369642D42383330454343322D453438432D344136372D423542352D304231353032313330423435222069643D2242504D4E53686170655F7369642D42383330454343322D453438432D344136372D423542352D304231353032313330423435223E0A20202020202020203C6F6D6764633A426F756E6473206865696768743D2238302E30222077696474683D223130302E302220783D223237382E342220793D223130382E30223E3C2F6F6D6764633A426F756E64733E0A2020202020203C2F62706D6E64693A42504D4E53686170653E0A2020202020203C62706D6E64693A42504D4E53686170652062706D6E456C656D656E743D227369642D34373641414131352D314431312D343543392D413035362D353438384236444534374436222069643D2242504D4E53686170655F7369642D34373641414131352D314431312D343543392D413035362D353438384236444534374436223E0A20202020202020203C6F6D6764633A426F756E6473206865696768743D2232382E30222077696474683D2232382E302220783D223437322E342220793D223133342E30223E3C2F6F6D6764633A426F756E64733E0A2020202020203C2F62706D6E64693A42504D4E53686170653E0A2020202020203C62706D6E64693A42504D4E456467652062706D6E456C656D656E743D227369642D44384534433644452D423545302D344133452D414234322D324641364341423938354138222069643D2242504D4E456467655F7369642D44384534433644452D423545302D344133452D414234322D324641364341423938354138223E0A20202020202020203C6F6D6764693A776179706F696E7420783D223337382E342220793D223134382E30223E3C2F6F6D6764693A776179706F696E743E0A20202020202020203C6F6D6764693A776179706F696E7420783D223437322E342220793D223134382E30223E3C2F6F6D6764693A776179706F696E743E0A2020202020203C2F62706D6E64693A42504D4E456467653E0A2020202020203C62706D6E64693A42504D4E456467652062706D6E456C656D656E743D227369642D42453244463942442D433335302D344141412D383431362D423443423937344545443934222069643D2242504D4E456467655F7369642D42453244463942442D433335302D344141412D383431362D423443423937344545443934223E0A20202020202020203C6F6D6764693A776179706F696E7420783D223138382E33393939393939393939393939382220793D223134382E30223E3C2F6F6D6764693A776179706F696E743E0A20202020202020203C6F6D6764693A776179706F696E7420783D223237382E342220793D223134382E30223E3C2F6F6D6764693A776179706F696E743E0A2020202020203C2F62706D6E64693A42504D4E456467653E0A202020203C2F62706D6E64693A42504D4E506C616E653E0A20203C2F62706D6E64693A42504D4E4469616772616D3E0A3C2F646566696E6974696F6E733E, 0);
INSERT INTO `ACT_GE_BYTEARRAY` VALUES ('12503', 1, 'leave.process.png', '12501', 0x89504E470D0A1A0A0000000D49484452000001FE000000C608060000003331E25100000AEA49444154785EEDDD6F8F54D51D07F0BE80BE9BBE02E3C33EE903647775595CFF8044144D58944283F6014842D4482349492CE9032A6952933635882E1851316993462B624A408DA5EC8A08E81A4076E7F6FED61D339C5DE0B23B67E62CF97C926F0666EE9C3BD99939DFB977E6CEFCEC6700000000000000000000000000000000000000000000000000000000000000000000000000000000000000000000000000000000000000000000000000000000000000000000000000000000000000000000000000000000000000000000000000000000000000000000000000000000000000000000000000000000000000000000000000000000000000000000000000000000000000000000000000000000000000000000000000000000000000000000000000000000000000000000000000000000000000000000000000000000000000000000B0CC5455F5F3D3A74F7F79ECD8B16A7C7CBC7AF3CD37A5C789BFFBD1A347670E1F3EBC3DBD7F00A0ABA2F4DF79E79D6A7272B2BA7CF97275F5EA55E971E2EF1E7FFF23478EB4EA1702CFA4F71100744D6CE947E9A46524BDCFC4C44414FF547A1F0140D7C46E665BFA6524EE87D8F59FDE4700D0355134690149FFA2F801C8AA69F14F5D3C5B9DFEC71FAAE36FFD7636F1EF382F5D4E9616C50F40564D8AFFBB0B67AA8FDFF84DF5E1DFC7AE4B9C1797A5CBCBE2A3F801C8AA49F17F79FCAFF34ABF9DFF1EFFDBBCE565F151FC0064D5A4F84F1CD939AFF0DB89CBD2E565F151FC0064D5A4F83F7EF3997985DF4E5C962E2F8B8FE207202BC55F56143F00593529FEF8147F5AF8EDC465E9F2B2F8287E00B26A52FC27DFFBDDBCC26F272E4B9797C547F103905593E23F7FE6A3EAE343DBE6957E9C1797A5CBCBE2A3F801C8AA49F1473EFBE71FE7157F9C972E274B8BE20720AB46C57FE54A75F2FD3DF38A3FCE8BCBE62D2F8B8EE20720AB5B157F7C33DF7FDEDB3DAFF4DB89CB7C7B5FF7A2F801C8EA86C55F6FC99F3D79B8FAF7C15FCF2BFB34B14C2C6BEB7FE951FC0064B550F1DF6A2BFF46B1F5BFF4287E00B25AA8F89B6CE5DF2871DD743C691EC50F40560B157F5AE6B79B743C691EC50F40560B15BFF42F8A1F80AC147F5951FC0064A5F8CB8AE207202BC55F56143FB06C1C387060F59E3D7BBED8B66DDBCCA64D9BAA471E79A41A1C1C9C3DDDB871636BEBD6ADD32FBDF4D2C9175E78E197E975E91FC55F56147FB9EEB9E79E5FD473DAFE81818189FA74AACE74CC7173A75373E7EF8FE5D2EBC21D65EFDEBD7F79FAE9A75B0F3DF450F5F2CB2F571F7CF04175EAD4A9EAFCF9F35588D3F87F9C1F97C772636363333B77EEFC7D3A16BDA7F8CB8AE22FCFCA952B9FAC0BFDE25CC937CDC5B85E3A162C6B75E1AFABB7E2679E78E289EAD8B163D5CCCCCC6CD1DF4A2C17CBC7F59E7AEAA9E9CD9B37FF2A1D9BDE51FC6545F197A32EEEBBEA023FB740A9DF4ECEC538E9D8B0ECECD9B3E7CF6BD6ACA95E7FFDF56A7A7A3AEDF646E27A71FDD803B06DDBB6DDE93AE80DC55F56147F19EAB2DE549776ABB3C457AD5A55EDD8B1A31A1F1F5F70AF669C1F97C77249F9B762BC741DB06C3CFFFCF3FF8AF7ED3FFDF4D3A4CA1727C689F1EA2DFF37D275919FE22F2B8ABFFF8686865EA9F35371DF77DF7DD5DEBD7BAB0B172EA4D3D78262B9583EAED7F90220C64DD705C5DBB56BD7BEB56BD756939393E9637D4962BCD883F0E4934FEE48D7495E8ABFAC28FEFE9ADBD2FFA9ACD7AF5F5F7DF6D967E994D5485C2FAEDF399E2D7F9695679F7D7620CAB95B5BFAA9183776FBAF58B1E2EE74DDE4A3F8CB8AE2EF9F987B62B77CBBA4B76CD9525DBA74299DAA6E4B5C3FC6E928FF96398E65636C6CEC87784F3EA718FFD1471FFD3E5D37F928FEB2A2F8FBA72EE5AF3AB7F4975AFA6D314EB2E5FF55BA6E28CED6AD5B776DD8B061D11FE46B2AC67FECB1C7AAD5AB57DB1DD6238ABFAC28FEFE983B646FB698E3BDF9C5EEDEBF9118AFF33D7F87FA51BCC71F7F7C3A0EC1EB8558CFDAB56BAFA4B7813C147F5951FCFD5197F1A57629C707F37288713BB6FA2FA5B7018A11DF42F5E0830F363E4E7FA9623DA3A3A3956FBF5A9AA1A1A10B759E48CF4F29FEB2A2F8BBABC9F360EE1BF9660B390EC56BFAE9FDDB15E3761EEA678EA3581B376E3C12DFB8D74BBB77EF8EDD6207D2DB4273EDC9E556139FE22F2B8ABFBB9A3C0F060606FED45EEEB9E79E4BA7A3AE8AF1DBEB8AF5A6B7058AB061C386A95EEDE66F8BF53DF0C0035FA7B785E63A7629DE74E253FC6545F1775793E7417DFE99F6E56FBDF5563A1D75558CDF717BCE74DE0E28C6BA75EBA64F9F3E9D3E7EB38AF5D5C57F35BD2D34974E78379AF8147F5951FCDD953EFE177A1E0CFEF8833BB3E7E79EEB62FC8EDB3195DE5E28C2E8E868EB9B6FBE491FBF59C5FA4646465AE96DA1B974A24BD39EF8147F5951FCDD953EEED3C4F360B0E3D8FDDC735D8CDFB1FEE9F4F64211E210946BD7AEA58FDFAC627DE91354F244F19795F4FE91DE26F75C97CE6DE97C0B45B8FFFEFBFBB2C5BF6AD5AA99F4B6D05C3AA1B563577FD9B1C5DF5DE9E37FA1E741FDFFE9F6F9B9E73A5BFC2C0B6BD6ACB996FB7DAF54AC6F6464E4727A5B68EE66135D27C55F56147F7735791E0C7A8F1FAE179FAEEFF5A7FADF7DF7DD56FDE4FC5F7A5B68EE66135D27C55F56147F7735791E0CFA543F5C2F8E357DF1C5175BE90338A7EDDBB7FFE018D7A5B9D944D749F19715C5DF5D4D9E078EE387447CBBD4EAD5AB7BFACD7DC3C3C32DDF6AD51B8ABFAC28FEDEF3CD7DB080FAC13AF5FEFBEFA78FE32CDE7EFBEDE9FA15BAEFB1EE11C55F56147F7F0CFAAE7EB85EFC92D4C30F3FDCEAC5AFF38D8E8ECEF8E5AADE51FC6545F1F7875FE783050C0F0F7FFDDA6BAF65DDDF7FE0C081AB837EABBAA7147F5951FCFD13734FBB98D7AF5F5F5DBA74299DA21625C689F13AB6F6CD712C0F2B56ACB8BB7EC53AF3C9279F64F9A0DF471F7D347DEFBDF7CEC47AD275938FE22F2B8ABF7F62EE19ECF816BF2D5BB62CB9FCE3FA314E47E9B7CC712C2B2B57AEDC141FBC9B9898481FDF4B72F6ECD999785111E3A7EB242FC55F56147F7FC51CD451D2B35BEA8BDDED1FD74BB6F46317BF398EE5676868E895BAFC678E1F3FDE95DDFE1F7EF8E10FB1A51FE3A6EB223FC55F56147FFFC55CD459D6F1DE7C7C30AFE9A7FD63B958BEF33DFD88398E652D5EB54659BFFAEAAB5716FB81BFB8DEBE7DFBBEAD9F0CB6F4FB48F19715C55F86B92DFF9F76FB47E250BC1D3B7654E3E3E3D5A953A7AAF3E7CFCFCE65711AFF8FF3E3F2CE43F6E6D232C77147A81FC877D50FE873232323D3F503FE6AD3E3FC63B983070F7E373C3C7C2DAE1FE3A463D33B8ABFAC28FE72B4E7B8A4C46F37E638EE3C7387C15CACB7DC5B9B376FFEEED0A143DF9F3871E2EAB973E7665F09D4A7D7EAFF5FAECBFEDBB1B1B13856365E455F74384B19147F5951FCE569CF710B94FACD628EE3CE37F7ED57FB07060626067FFCD18BF62F5EC5E9D4DCF9FB7D5B5559147F5951FCE532C7017704C55F56143F005929FEB2A2F801C84AF19715C50F40568ABFAC287E00B252FC6545F1039095E22F2B8A1F80AC147F5951FC0064A5F8CB8AE207202BC55F56143F005929FEB2A2F801C84AF19715C50F40568ABFAC287E00B252FC6545F1039095E22F2B8A1F80AC147F5951FC0064A5F8CB8AE207202BC55F56143F005929FEB2A2F801C84AF19715C50F40568ABFAC287E00B252FC6545F10390D5F8F87875F9F2E5790524BD4F7D3F4C2B7E00B23A7AF4E8CCE4E4E4BC1292DEE7F3CF3FFFA22EFEA9F43E0280AE397CF8F0F623478EB42626265AB6FCFB93FAEF3E5397FEE775E9C716FF33E97D04005D1565135B9AB19B59FA96F8FB3F93DE37000000000000000000000000000000000000DCA6FF03AB19D854557D5BAE0000000049454E44AE426082, 1);
INSERT INTO `ACT_GE_BYTEARRAY` VALUES ('12506', 1, 'leave.bpmn20.xml', '12505', 0x3C3F786D6C2076657273696F6E3D22312E302220656E636F64696E673D225554462D38223F3E0A3C646566696E6974696F6E7320786D6C6E733D22687474703A2F2F7777772E6F6D672E6F72672F737065632F42504D4E2F32303130303532342F4D4F44454C2220786D6C6E733A7873693D22687474703A2F2F7777772E77332E6F72672F323030312F584D4C536368656D612D696E7374616E63652220786D6C6E733A7873643D22687474703A2F2F7777772E77332E6F72672F323030312F584D4C536368656D612220786D6C6E733A61637469766974693D22687474703A2F2F61637469766974692E6F72672F62706D6E2220786D6C6E733A62706D6E64693D22687474703A2F2F7777772E6F6D672E6F72672F737065632F42504D4E2F32303130303532342F44492220786D6C6E733A6F6D6764633D22687474703A2F2F7777772E6F6D672E6F72672F737065632F44442F32303130303532342F44432220786D6C6E733A6F6D6764693D22687474703A2F2F7777772E6F6D672E6F72672F737065632F44442F32303130303532342F44492220747970654C616E67756167653D22687474703A2F2F7777772E77332E6F72672F323030312F584D4C536368656D61222065787072657373696F6E4C616E67756167653D22687474703A2F2F7777772E77332E6F72672F313939392F585061746822207461726765744E616D6573706163653D22687474703A2F2F7777772E61637469766974692E6F72672F70726F63657373646566223E0A20203C70726F636573732069643D2270726F6365737322206E616D653D22E8AFB7E58187E6B581E7A88B2220697345786563757461626C653D2274727565223E0A202020203C646F63756D656E746174696F6E3EE8AFB7E58187E6B581E7A88B3C2F646F63756D656E746174696F6E3E0A202020203C73746172744576656E742069643D227369642D30383841414438442D393133392D343931362D423442372D304538394434453737324544223E3C2F73746172744576656E743E0A202020203C757365725461736B2069643D227369642D42383330454343322D453438432D344136372D423542352D304231353032313330423435223E3C2F757365725461736B3E0A202020203C73657175656E6365466C6F772069643D227369642D42453244463942442D433335302D344141412D383431362D4234434239373445454439342220736F757263655265663D227369642D30383841414438442D393133392D343931362D423442372D30453839443445373732454422207461726765745265663D227369642D42383330454343322D453438432D344136372D423542352D304231353032313330423435223E3C2F73657175656E6365466C6F773E0A202020203C656E644576656E742069643D227369642D34373641414131352D314431312D343543392D413035362D353438384236444534374436223E3C2F656E644576656E743E0A202020203C73657175656E6365466C6F772069643D227369642D44384534433644452D423545302D344133452D414234322D3246413643414239383541382220736F757263655265663D227369642D42383330454343322D453438432D344136372D423542352D30423135303231333042343522207461726765745265663D227369642D34373641414131352D314431312D343543392D413035362D353438384236444534374436223E3C2F73657175656E6365466C6F773E0A20203C2F70726F636573733E0A20203C62706D6E64693A42504D4E4469616772616D2069643D2242504D4E4469616772616D5F70726F63657373223E0A202020203C62706D6E64693A42504D4E506C616E652062706D6E456C656D656E743D2270726F63657373222069643D2242504D4E506C616E655F70726F63657373223E0A2020202020203C62706D6E64693A42504D4E53686170652062706D6E456C656D656E743D227369642D30383841414438442D393133392D343931362D423442372D304538394434453737324544222069643D2242504D4E53686170655F7369642D30383841414438442D393133392D343931362D423442372D304538394434453737324544223E0A20202020202020203C6F6D6764633A426F756E6473206865696768743D2233302E30222077696474683D2233302E302220783D223135382E33393939393939393939393939382220793D223133332E30223E3C2F6F6D6764633A426F756E64733E0A2020202020203C2F62706D6E64693A42504D4E53686170653E0A2020202020203C62706D6E64693A42504D4E53686170652062706D6E456C656D656E743D227369642D42383330454343322D453438432D344136372D423542352D304231353032313330423435222069643D2242504D4E53686170655F7369642D42383330454343322D453438432D344136372D423542352D304231353032313330423435223E0A20202020202020203C6F6D6764633A426F756E6473206865696768743D2238302E30222077696474683D223130302E302220783D223237382E342220793D223130382E30223E3C2F6F6D6764633A426F756E64733E0A2020202020203C2F62706D6E64693A42504D4E53686170653E0A2020202020203C62706D6E64693A42504D4E53686170652062706D6E456C656D656E743D227369642D34373641414131352D314431312D343543392D413035362D353438384236444534374436222069643D2242504D4E53686170655F7369642D34373641414131352D314431312D343543392D413035362D353438384236444534374436223E0A20202020202020203C6F6D6764633A426F756E6473206865696768743D2232382E30222077696474683D2232382E302220783D223437322E342220793D223133342E30223E3C2F6F6D6764633A426F756E64733E0A2020202020203C2F62706D6E64693A42504D4E53686170653E0A2020202020203C62706D6E64693A42504D4E456467652062706D6E456C656D656E743D227369642D44384534433644452D423545302D344133452D414234322D324641364341423938354138222069643D2242504D4E456467655F7369642D44384534433644452D423545302D344133452D414234322D324641364341423938354138223E0A20202020202020203C6F6D6764693A776179706F696E7420783D223337382E342220793D223134382E30223E3C2F6F6D6764693A776179706F696E743E0A20202020202020203C6F6D6764693A776179706F696E7420783D223437322E342220793D223134382E30223E3C2F6F6D6764693A776179706F696E743E0A2020202020203C2F62706D6E64693A42504D4E456467653E0A2020202020203C62706D6E64693A42504D4E456467652062706D6E456C656D656E743D227369642D42453244463942442D433335302D344141412D383431362D423443423937344545443934222069643D2242504D4E456467655F7369642D42453244463942442D433335302D344141412D383431362D423443423937344545443934223E0A20202020202020203C6F6D6764693A776179706F696E7420783D223138382E33393939393939393939393939382220793D223134382E30223E3C2F6F6D6764693A776179706F696E743E0A20202020202020203C6F6D6764693A776179706F696E7420783D223237382E342220793D223134382E30223E3C2F6F6D6764693A776179706F696E743E0A2020202020203C2F62706D6E64693A42504D4E456467653E0A202020203C2F62706D6E64693A42504D4E506C616E653E0A20203C2F62706D6E64693A42504D4E4469616772616D3E0A3C2F646566696E6974696F6E733E, 0);
INSERT INTO `ACT_GE_BYTEARRAY` VALUES ('12507', 1, 'leave.process.png', '12505', 0x89504E470D0A1A0A0000000D49484452000001FE000000C608060000003331E25100000AEA49444154785EEDDD6F8F54D51D07F0BE80BE9BBE02E3C33EE903647775595CFF8044144D58944283F6014842D4482349492CE9032A6952933635882E1851316993462B624A408DA5EC8A08E81A4076E7F6FED61D339C5DE0B23B67E62CF97C926F0666EE9C3BD99939DFB977E6CEFCEC6700000000000000000000000000000000000000000000000000000000000000000000000000000000000000000000000000000000000000000000000000000000000000000000000000000000000000000000000000000000000000000000000000000000000000000000000000000000000000000000000000000000000000000000000000000000000000000000000000000000000000000000000000000000000000000000000000000000000000000000000000000000000000000000000000000000000000000000000000000000000000000000B0CC5455F5F3D3A74F7F79ECD8B16A7C7CBC7AF3CD37A5C789BFFBD1A347670E1F3EBC3DBD7F00A0ABA2F4DF79E79D6A7272B2BA7CF97275F5EA55E971E2EF1E7FFF23478EB4EA1702CFA4F71100744D6CE947E9A46524BDCFC4C44414FF547A1F0140D7C46E665BFA6524EE87D8F59FDE4700D0355134690149FFA2F801C8AA69F14F5D3C5B9DFEC71FAAE36FFD7636F1EF382F5D4E9616C50F40564D8AFFBB0B67AA8FDFF84DF5E1DFC7AE4B9C1797A5CBCBE2A3F801C8AA49F17F79FCAFF34ABF9DFF1EFFDBBCE565F151FC0064D5A4F84F1CD939AFF0DB89CBD2E565F151FC0064D5A4F83F7EF3997985DF4E5C962E2F8B8FE207202BC55F56143F00593529FEF8147F5AF8EDC465E9F2B2F8287E00B26A52FC27DFFBDDBCC26F272E4B9797C547F103905593E23F7FE6A3EAE343DBE6957E9C1797A5CBCBE2A3F801C8AA49F1473EFBE71FE7157F9C972E274B8BE20720AB46C57FE54A75F2FD3DF38A3FCE8BCBE62D2F8B8EE20720AB5B157F7C33DF7FDEDB3DAFF4DB89CB7C7B5FF7A2F801C8EA86C55F6FC99F3D79B8FAF7C15FCF2BFB34B14C2C6BEB7FE951FC0064B550F1DF6A2BFF46B1F5BFF4287E00B25AA8F89B6CE5DF2871DD743C691EC50F40560B157F5AE6B79B743C691EC50F40560B15BFF42F8A1F80AC147F5951FC0064A5F8CB8AE207202BC55F56143FB06C1C387060F59E3D7BBED8B66DDBCCA64D9BAA471E79A41A1C1C9C3DDDB871636BEBD6ADD32FBDF4D2C9175E78E197E975E91FC55F56147FB9EEB9E79E5FD473DAFE81818189FA74AACE74CC7173A75373E7EF8FE5D2EBC21D65EFDEBD7F79FAE9A75B0F3DF450F5F2CB2F571F7CF04175EAD4A9EAFCF9F35588D3F87F9C1F97C772636363333B77EEFC7D3A16BDA7F8CB8AE22FCFCA952B9FAC0BFDE25CC937CDC5B85E3A162C6B75E1AFABB7E2679E78E289EAD8B163D5CCCCCC6CD1DF4A2C17CBC7F59E7AEAA9E9CD9B37FF2A1D9BDE51FC6545F197A32EEEBBEA023FB740A9DF4ECEC538E9D8B0ECECD9B3E7CF6BD6ACA95E7FFDF56A7A7A3AEDF646E27A71FDD803B06DDBB6DDE93AE80DC55F56147F19EAB2DE549776ABB3C457AD5A55EDD8B1A31A1F1F5F70AF669C1F97C77249F9B762BC741DB06C3CFFFCF3FF8AF7ED3FFDF4D3A4CA1727C689F1EA2DFF37D275919FE22F2B8ABFFF8686865EA9F35371DF77DF7DD5DEBD7BAB0B172EA4D3D78262B9583EAED7F90220C64DD705C5DBB56BD7BEB56BD756939393E9637D4962BCD883F0E4934FEE48D7495E8ABFAC28FEFE9ADBD2FFA9ACD7AF5F5F7DF6D967E994D5485C2FAEDF399E2D7F9695679F7D7620CAB95B5BFAA9183776FBAF58B1E2EE74DDE4A3F8CB8AE2EF9F987B62B77CBBA4B76CD9525DBA74299DAA6E4B5C3FC6E928FF96398E65636C6CEC87784F3EA718FFD1471FFD3E5D37F928FEB2A2F8FBA72EE5AF3AB7F4975AFA6D314EB2E5FF55BA6E28CED6AD5B776DD8B061D11FE46B2AC67FECB1C7AAD5AB57DB1DD6238ABFAC28FEFE983B646FB698E3BDF9C5EEDEBF9118AFF33D7F87FA51BCC71F7F7C3A0EC1EB8558CFDAB56BAFA4B7813C147F5951FCFD5197F1A57629C707F37288713BB6FA2FA5B7018A11DF42F5E0830F363E4E7FA9623DA3A3A3956FBF5A9AA1A1A10B759E48CF4F29FEB2A2F8BBABC9F360EE1BF9660B390EC56BFAE9FDDB15E3761EEA678EA3581B376E3C12DFB8D74BBB77EF8EDD6207D2DB4273EDC9E556139FE22F2B8ABFBB9A3C0F060606FED45EEEB9E79E4BA7A3AE8AF1DBEB8AF5A6B7058AB061C386A95EEDE66F8BF53DF0C0035FA7B785E63A7629DE74E253FC6545F1775793E7417DFE99F6E56FBDF5563A1D75558CDF717BCE74DE0E28C6BA75EBA64F9F3E9D3E7EB38AF5D5C57F35BD2D34974E78379AF8147F5951FCDD953EFE177A1E0CFEF8833BB3E7E79EEB62FC8EDB3195DE5E28C2E8E868EB9B6FBE491FBF59C5FA4646465AE96DA1B974A24BD39EF8147F5951FCDD953EEED3C4F360B0E3D8FDDC735D8CDFB1FEE9F4F64211E210946BD7AEA58FDFAC627DE91354F244F19795F4FE91DE26F75C97CE6DE97C0B45B8FFFEFBFBB2C5BF6AD5AA99F4B6D05C3AA1B563577FD9B1C5DF5DE9E37FA1E741FDFFE9F6F9B9E73A5BFC2C0B6BD6ACB996FB7DAF54AC6F6464E4727A5B68EE66135D27C55F56147F7735791E0C7A8F1FAE179FAEEFF5A7FADF7DF7DD56FDE4FC5F7A5B68EE66135D27C55F56147F7735791E0CFA543F5C2F8E357DF1C5175BE90338A7EDDBB7FFE018D7A5B9D944D749F19715C5DF5D4D9E078EE387447CBBD4EAD5AB7BFACD7DC3C3C32DDF6AD51B8ABFAC28FEDEF3CD7DB080FAC13AF5FEFBEFA78FE32CDE7EFBEDE9FA15BAEFB1EE11C55F56147F7F0CFAAE7EB85EFC92D4C30F3FDCEAC5AFF38D8E8ECEF8E5AADE51FC6545F1F7875FE783050C0F0F7FFDDA6BAF65DDDF7FE0C081AB837EABBAA7147F5951FCFD13734FBB98D7AF5F5F5DBA74299DA21625C689F13AB6F6CD712C0F2B56ACB8BB7EC53AF3C9279F64F9A0DF471F7D347DEFBDF7CEC47AD275938FE22F2B8ABF7F62EE19ECF816BF2D5BB62CB9FCE3FA314E47E9B7CC712C2B2B57AEDC141FBC9B9898481FDF4B72F6ECD999785111E3A7EB242FC55F56147F7FC51CD451D2B35BEA8BDDED1FD74BB6F46317BF398EE5676868E895BAFC678E1F3FDE95DDFE1F7EF8E10FB1A51FE3A6EB223FC55F56147FFFC55CD459D6F1DE7C7C30AFE9A7FD63B958BEF33DFD88398E652D5EB54659BFFAEAAB5716FB81BFB8DEBE7DFBBEAD9F0CB6F4FB48F19715C55F86B92DFF9F76FB47E250BC1D3B7654E3E3E3D5A953A7AAF3E7CFCFCE65711AFF8FF3E3F2CE43F6E6D232C77147A81FC877D50FE873232323D3F503FE6AD3E3FC63B983070F7E373C3C7C2DAE1FE3A463D33B8ABFAC28FE72B4E7B8A4C46F37E638EE3C7387C15CACB7DC5B9B376FFEEED0A143DF9F3871E2EAB973E7665F09D4A7D7EAFF5FAECBFEDBB1B1B13856365E455F74384B19147F5951FCE569CF710B94FACD628EE3CE37F7ED57FB07060626067FFCD18BF62F5EC5E9D4DCF9FB7D5B5559147F5951FCE532C7017704C55F56143F005929FEB2A2F801C84AF19715C50F40568ABFAC287E00B252FC6545F1039095E22F2B8A1F80AC147F5951FC0064A5F8CB8AE207202BC55F56143F005929FEB2A2F801C84AF19715C50F40568ABFAC287E00B252FC6545F1039095E22F2B8A1F80AC147F5951FC0064A5F8CB8AE207202BC55F56143F005929FEB2A2F801C84AF19715C50F40568ABFAC287E00B252FC6545F10390D5F8F87875F9F2E5790524BD4F7D3F4C2B7E00B23A7AF4E8CCE4E4E4BC1292DEE7F3CF3FFFA22EFEA9F43E0280AE397CF8F0F623478EB42626265AB6FCFB93FAEF3E5397FEE775E9C716FF33E97D04005D1565135B9AB19B59FA96F8FB3F93DE37000000000000000000000000000000000000DCA6FF03AB19D854557D5BAE0000000049454E44AE426082, 1);
INSERT INTO `ACT_GE_BYTEARRAY` VALUES ('15002', 1, 'leave.bpmn20.xml', '15001', 0x3C3F786D6C2076657273696F6E3D22312E302220656E636F64696E673D225554462D38223F3E0A3C646566696E6974696F6E7320786D6C6E733D22687474703A2F2F7777772E6F6D672E6F72672F737065632F42504D4E2F32303130303532342F4D4F44454C2220786D6C6E733A7873693D22687474703A2F2F7777772E77332E6F72672F323030312F584D4C536368656D612D696E7374616E63652220786D6C6E733A7873643D22687474703A2F2F7777772E77332E6F72672F323030312F584D4C536368656D612220786D6C6E733A61637469766974693D22687474703A2F2F61637469766974692E6F72672F62706D6E2220786D6C6E733A62706D6E64693D22687474703A2F2F7777772E6F6D672E6F72672F737065632F42504D4E2F32303130303532342F44492220786D6C6E733A6F6D6764633D22687474703A2F2F7777772E6F6D672E6F72672F737065632F44442F32303130303532342F44432220786D6C6E733A6F6D6764693D22687474703A2F2F7777772E6F6D672E6F72672F737065632F44442F32303130303532342F44492220747970654C616E67756167653D22687474703A2F2F7777772E77332E6F72672F323030312F584D4C536368656D61222065787072657373696F6E4C616E67756167653D22687474703A2F2F7777772E77332E6F72672F313939392F585061746822207461726765744E616D6573706163653D22687474703A2F2F7777772E61637469766974692E6F72672F70726F63657373646566223E0A20203C70726F636573732069643D2270726F6365737322206E616D653D22E8AFB7E58187E6B581E7A88B2220697345786563757461626C653D2274727565223E0A202020203C646F63756D656E746174696F6E3EE8AFB7E58187E6B581E7A88B3C2F646F63756D656E746174696F6E3E0A202020203C73746172744576656E742069643D227369642D30383841414438442D393133392D343931362D423442372D304538394434453737324544223E3C2F73746172744576656E743E0A202020203C757365725461736B2069643D227369642D42383330454343322D453438432D344136372D423542352D304231353032313330423435223E3C2F757365725461736B3E0A202020203C73657175656E6365466C6F772069643D227369642D42453244463942442D433335302D344141412D383431362D4234434239373445454439342220736F757263655265663D227369642D30383841414438442D393133392D343931362D423442372D30453839443445373732454422207461726765745265663D227369642D42383330454343322D453438432D344136372D423542352D304231353032313330423435223E3C2F73657175656E6365466C6F773E0A202020203C656E644576656E742069643D227369642D34373641414131352D314431312D343543392D413035362D353438384236444534374436223E3C2F656E644576656E743E0A202020203C73657175656E6365466C6F772069643D227369642D44384534433644452D423545302D344133452D414234322D3246413643414239383541382220736F757263655265663D227369642D42383330454343322D453438432D344136372D423542352D30423135303231333042343522207461726765745265663D227369642D34373641414131352D314431312D343543392D413035362D353438384236444534374436223E3C2F73657175656E6365466C6F773E0A20203C2F70726F636573733E0A20203C62706D6E64693A42504D4E4469616772616D2069643D2242504D4E4469616772616D5F70726F63657373223E0A202020203C62706D6E64693A42504D4E506C616E652062706D6E456C656D656E743D2270726F63657373222069643D2242504D4E506C616E655F70726F63657373223E0A2020202020203C62706D6E64693A42504D4E53686170652062706D6E456C656D656E743D227369642D30383841414438442D393133392D343931362D423442372D304538394434453737324544222069643D2242504D4E53686170655F7369642D30383841414438442D393133392D343931362D423442372D304538394434453737324544223E0A20202020202020203C6F6D6764633A426F756E6473206865696768743D2233302E30222077696474683D2233302E302220783D223135382E33393939393939393939393939382220793D223133332E30223E3C2F6F6D6764633A426F756E64733E0A2020202020203C2F62706D6E64693A42504D4E53686170653E0A2020202020203C62706D6E64693A42504D4E53686170652062706D6E456C656D656E743D227369642D42383330454343322D453438432D344136372D423542352D304231353032313330423435222069643D2242504D4E53686170655F7369642D42383330454343322D453438432D344136372D423542352D304231353032313330423435223E0A20202020202020203C6F6D6764633A426F756E6473206865696768743D2238302E30222077696474683D223130302E302220783D223237382E342220793D223130382E30223E3C2F6F6D6764633A426F756E64733E0A2020202020203C2F62706D6E64693A42504D4E53686170653E0A2020202020203C62706D6E64693A42504D4E53686170652062706D6E456C656D656E743D227369642D34373641414131352D314431312D343543392D413035362D353438384236444534374436222069643D2242504D4E53686170655F7369642D34373641414131352D314431312D343543392D413035362D353438384236444534374436223E0A20202020202020203C6F6D6764633A426F756E6473206865696768743D2232382E30222077696474683D2232382E302220783D223437322E342220793D223133342E30223E3C2F6F6D6764633A426F756E64733E0A2020202020203C2F62706D6E64693A42504D4E53686170653E0A2020202020203C62706D6E64693A42504D4E456467652062706D6E456C656D656E743D227369642D44384534433644452D423545302D344133452D414234322D324641364341423938354138222069643D2242504D4E456467655F7369642D44384534433644452D423545302D344133452D414234322D324641364341423938354138223E0A20202020202020203C6F6D6764693A776179706F696E7420783D223337382E342220793D223134382E30223E3C2F6F6D6764693A776179706F696E743E0A20202020202020203C6F6D6764693A776179706F696E7420783D223437322E342220793D223134382E30223E3C2F6F6D6764693A776179706F696E743E0A2020202020203C2F62706D6E64693A42504D4E456467653E0A2020202020203C62706D6E64693A42504D4E456467652062706D6E456C656D656E743D227369642D42453244463942442D433335302D344141412D383431362D423443423937344545443934222069643D2242504D4E456467655F7369642D42453244463942442D433335302D344141412D383431362D423443423937344545443934223E0A20202020202020203C6F6D6764693A776179706F696E7420783D223138382E33393939393939393939393939382220793D223134382E30223E3C2F6F6D6764693A776179706F696E743E0A20202020202020203C6F6D6764693A776179706F696E7420783D223237382E342220793D223134382E30223E3C2F6F6D6764693A776179706F696E743E0A2020202020203C2F62706D6E64693A42504D4E456467653E0A202020203C2F62706D6E64693A42504D4E506C616E653E0A20203C2F62706D6E64693A42504D4E4469616772616D3E0A3C2F646566696E6974696F6E733E, 0);
INSERT INTO `ACT_GE_BYTEARRAY` VALUES ('15003', 1, 'leave.process.png', '15001', 0x89504E470D0A1A0A0000000D49484452000001FE000000C608060000003331E25100000AEA49444154785EEDDD6F8F54D51D07F0BE80BE9BBE02E3C33EE903647775595CFF8044144D58944283F6014842D4482349492CE9032A6952933635882E1851316993462B624A408DA5EC8A08E81A4076E7F6FED61D339C5DE0B23B67E62CF97C926F0666EE9C3BD99939DFB977E6CEFCEC6700000000000000000000000000000000000000000000000000000000000000000000000000000000000000000000000000000000000000000000000000000000000000000000000000000000000000000000000000000000000000000000000000000000000000000000000000000000000000000000000000000000000000000000000000000000000000000000000000000000000000000000000000000000000000000000000000000000000000000000000000000000000000000000000000000000000000000000000000000000000000000000B0CC5455F5F3D3A74F7F79ECD8B16A7C7CBC7AF3CD37A5C789BFFBD1A347670E1F3EBC3DBD7F00A0ABA2F4DF79E79D6A7272B2BA7CF97275F5EA55E971E2EF1E7FFF23478EB4EA1702CFA4F71100744D6CE947E9A46524BDCFC4C44414FF547A1F0140D7C46E665BFA6524EE87D8F59FDE4700D0355134690149FFA2F801C8AA69F14F5D3C5B9DFEC71FAAE36FFD7636F1EF382F5D4E9616C50F40564D8AFFBB0B67AA8FDFF84DF5E1DFC7AE4B9C1797A5CBCBE2A3F801C8AA49F17F79FCAFF34ABF9DFF1EFFDBBCE565F151FC0064D5A4F84F1CD939AFF0DB89CBD2E565F151FC0064D5A4F83F7EF3997985DF4E5C962E2F8B8FE207202BC55F56143F00593529FEF8147F5AF8EDC465E9F2B2F8287E00B26A52FC27DFFBDDBCC26F272E4B9797C547F103905593E23F7FE6A3EAE343DBE6957E9C1797A5CBCBE2A3F801C8AA49F1473EFBE71FE7157F9C972E274B8BE20720AB46C57FE54A75F2FD3DF38A3FCE8BCBE62D2F8B8EE20720AB5B157F7C33DF7FDEDB3DAFF4DB89CB7C7B5FF7A2F801C8EA86C55F6FC99F3D79B8FAF7C15FCF2BFB34B14C2C6BEB7FE951FC0064B550F1DF6A2BFF46B1F5BFF4287E00B25AA8F89B6CE5DF2871DD743C691EC50F40560B157F5AE6B79B743C691EC50F40560B15BFF42F8A1F80AC147F5951FC0064A5F8CB8AE207202BC55F56143FB06C1C387060F59E3D7BBED8B66DDBCCA64D9BAA471E79A41A1C1C9C3DDDB871636BEBD6ADD32FBDF4D2C9175E78E197E975E91FC55F56147FB9EEB9E79E5FD473DAFE81818189FA74AACE74CC7173A75373E7EF8FE5D2EBC21D65EFDEBD7F79FAE9A75B0F3DF450F5F2CB2F571F7CF04175EAD4A9EAFCF9F35588D3F87F9C1F97C772636363333B77EEFC7D3A16BDA7F8CB8AE22FCFCA952B9FAC0BFDE25CC937CDC5B85E3A162C6B75E1AFABB7E2679E78E289EAD8B163D5CCCCCC6CD1DF4A2C17CBC7F59E7AEAA9E9CD9B37FF2A1D9BDE51FC6545F197A32EEEBBEA023FB740A9DF4ECEC538E9D8B0ECECD9B3E7CF6BD6ACA95E7FFDF56A7A7A3AEDF646E27A71FDD803B06DDBB6DDE93AE80DC55F56147F19EAB2DE549776ABB3C457AD5A55EDD8B1A31A1F1F5F70AF669C1F97C77249F9B762BC741DB06C3CFFFCF3FF8AF7ED3FFDF4D3A4CA1727C689F1EA2DFF37D275919FE22F2B8ABFFF8686865EA9F35371DF77DF7DD5DEBD7BAB0B172EA4D3D78262B9583EAED7F90220C64DD705C5DBB56BD7BEB56BD756939393E9637D4962BCD883F0E4934FEE48D7495E8ABFAC28FEFE9ADBD2FFA9ACD7AF5F5F7DF6D967E994D5485C2FAEDF399E2D7F9695679F7D7620CAB95B5BFAA9183776FBAF58B1E2EE74DDE4A3F8CB8AE2EF9F987B62B77CBBA4B76CD9525DBA74299DAA6E4B5C3FC6E928FF96398E65636C6CEC87784F3EA718FFD1471FFD3E5D37F928FEB2A2F8FBA72EE5AF3AB7F4975AFA6D314EB2E5FF55BA6E28CED6AD5B776DD8B061D11FE46B2AC67FECB1C7AAD5AB57DB1DD6238ABFAC28FEFE983B646FB698E3BDF9C5EEDEBF9118AFF33D7F87FA51BCC71F7F7C3A0EC1EB8558CFDAB56BAFA4B7813C147F5951FCFD5197F1A57629C707F37288713BB6FA2FA5B7018A11DF42F5E0830F363E4E7FA9623DA3A3A3956FBF5A9AA1A1A10B759E48CF4F29FEB2A2F8BBABC9F360EE1BF9660B390EC56BFAE9FDDB15E3761EEA678EA3581B376E3C12DFB8D74BBB77EF8EDD6207D2DB4273EDC9E556139FE22F2B8ABFBB9A3C0F060606FED45EEEB9E79E4BA7A3AE8AF1DBEB8AF5A6B7058AB061C386A95EEDE66F8BF53DF0C0035FA7B785E63A7629DE74E253FC6545F1775793E7417DFE99F6E56FBDF5563A1D75558CDF717BCE74DE0E28C6BA75EBA64F9F3E9D3E7EB38AF5D5C57F35BD2D34974E78379AF8147F5951FCDD953EFE177A1E0CFEF8833BB3E7E79EEB62FC8EDB3195DE5E28C2E8E868EB9B6FBE491FBF59C5FA4646465AE96DA1B974A24BD39EF8147F5951FCDD953EEED3C4F360B0E3D8FDDC735D8CDFB1FEE9F4F64211E210946BD7AEA58FDFAC627DE91354F244F19795F4FE91DE26F75C97CE6DE97C0B45B8FFFEFBFBB2C5BF6AD5AA99F4B6D05C3AA1B563577FD9B1C5DF5DE9E37FA1E741FDFFE9F6F9B9E73A5BFC2C0B6BD6ACB996FB7DAF54AC6F6464E4727A5B68EE66135D27C55F56147F7735791E0C7A8F1FAE179FAEEFF5A7FADF7DF7DD56FDE4FC5F7A5B68EE66135D27C55F56147F7735791E0CFA543F5C2F8E357DF1C5175BE90338A7EDDBB7FFE018D7A5B9D944D749F19715C5DF5D4D9E078EE387447CBBD4EAD5AB7BFACD7DC3C3C32DDF6AD51B8ABFAC28FEDEF3CD7DB080FAC13AF5FEFBEFA78FE32CDE7EFBEDE9FA15BAEFB1EE11C55F56147F7F0CFAAE7EB85EFC92D4C30F3FDCEAC5AFF38D8E8ECEF8E5AADE51FC6545F1F7875FE783050C0F0F7FFDDA6BAF65DDDF7FE0C081AB837EABBAA7147F5951FCFD13734FBB98D7AF5F5F5DBA74299DA21625C689F13AB6F6CD712C0F2B56ACB8BB7EC53AF3C9279F64F9A0DF471F7D347DEFBDF7CEC47AD275938FE22F2B8ABF7F62EE19ECF816BF2D5BB62CB9FCE3FA314E47E9B7CC712C2B2B57AEDC141FBC9B9898481FDF4B72F6ECD999785111E3A7EB242FC55F56147F7FC51CD451D2B35BEA8BDDED1FD74BB6F46317BF398EE5676868E895BAFC678E1F3FDE95DDFE1F7EF8E10FB1A51FE3A6EB223FC55F56147FFFC55CD459D6F1DE7C7C30AFE9A7FD63B958BEF33DFD88398E652D5EB54659BFFAEAAB5716FB81BFB8DEBE7DFBBEAD9F0CB6F4FB48F19715C55F86B92DFF9F76FB47E250BC1D3B7654E3E3E3D5A953A7AAF3E7CFCFCE65711AFF8FF3E3F2CE43F6E6D232C77147A81FC877D50FE873232323D3F503FE6AD3E3FC63B983070F7E373C3C7C2DAE1FE3A463D33B8ABFAC28FE72B4E7B8A4C46F37E638EE3C7387C15CACB7DC5B9B376FFEEED0A143DF9F3871E2EAB973E7665F09D4A7D7EAFF5FAECBFEDBB1B1B13856365E455F74384B19147F5951FCE569CF710B94FACD628EE3CE37F7ED57FB07060626067FFCD18BF62F5EC5E9D4DCF9FB7D5B5559147F5951FCE532C7017704C55F56143F005929FEB2A2F801C84AF19715C50F40568ABFAC287E00B252FC6545F1039095E22F2B8A1F80AC147F5951FC0064A5F8CB8AE207202BC55F56143F005929FEB2A2F801C84AF19715C50F40568ABFAC287E00B252FC6545F1039095E22F2B8A1F80AC147F5951FC0064A5F8CB8AE207202BC55F56143F005929FEB2A2F801C84AF19715C50F40568ABFAC287E00B252FC6545F10390D5F8F87875F9F2E5790524BD4F7D3F4C2B7E00B23A7AF4E8CCE4E4E4BC1292DEE7F3CF3FFFA22EFEA9F43E0280AE397CF8F0F623478EB42626265AB6FCFB93FAEF3E5397FEE775E9C716FF33E97D04005D1565135B9AB19B59FA96F8FB3F93DE37000000000000000000000000000000000000DCA6FF03AB19D854557D5BAE0000000049454E44AE426082, 1);
INSERT INTO `ACT_GE_BYTEARRAY` VALUES ('17502', 1, 'leave.bpmn20.xml', '17501', 0x3C3F786D6C2076657273696F6E3D22312E302220656E636F64696E673D225554462D38223F3E0A3C646566696E6974696F6E7320786D6C6E733D22687474703A2F2F7777772E6F6D672E6F72672F737065632F42504D4E2F32303130303532342F4D4F44454C2220786D6C6E733A7873693D22687474703A2F2F7777772E77332E6F72672F323030312F584D4C536368656D612D696E7374616E63652220786D6C6E733A7873643D22687474703A2F2F7777772E77332E6F72672F323030312F584D4C536368656D612220786D6C6E733A61637469766974693D22687474703A2F2F61637469766974692E6F72672F62706D6E2220786D6C6E733A62706D6E64693D22687474703A2F2F7777772E6F6D672E6F72672F737065632F42504D4E2F32303130303532342F44492220786D6C6E733A6F6D6764633D22687474703A2F2F7777772E6F6D672E6F72672F737065632F44442F32303130303532342F44432220786D6C6E733A6F6D6764693D22687474703A2F2F7777772E6F6D672E6F72672F737065632F44442F32303130303532342F44492220747970654C616E67756167653D22687474703A2F2F7777772E77332E6F72672F323030312F584D4C536368656D61222065787072657373696F6E4C616E67756167653D22687474703A2F2F7777772E77332E6F72672F313939392F585061746822207461726765744E616D6573706163653D22687474703A2F2F7777772E61637469766974692E6F72672F70726F63657373646566223E0A20203C70726F636573732069643D2270726F6365737322206E616D653D22E8AFB7E58187E6B581E7A88B2220697345786563757461626C653D2274727565223E0A202020203C646F63756D656E746174696F6E3EE8AFB7E58187E6B581E7A88B3C2F646F63756D656E746174696F6E3E0A202020203C73746172744576656E742069643D227369642D30383841414438442D393133392D343931362D423442372D304538394434453737324544223E3C2F73746172744576656E743E0A202020203C757365725461736B2069643D227369642D42383330454343322D453438432D344136372D423542352D304231353032313330423435223E3C2F757365725461736B3E0A202020203C73657175656E6365466C6F772069643D227369642D42453244463942442D433335302D344141412D383431362D4234434239373445454439342220736F757263655265663D227369642D30383841414438442D393133392D343931362D423442372D30453839443445373732454422207461726765745265663D227369642D42383330454343322D453438432D344136372D423542352D304231353032313330423435223E3C2F73657175656E6365466C6F773E0A202020203C656E644576656E742069643D227369642D34373641414131352D314431312D343543392D413035362D353438384236444534374436223E3C2F656E644576656E743E0A202020203C73657175656E6365466C6F772069643D227369642D44384534433644452D423545302D344133452D414234322D3246413643414239383541382220736F757263655265663D227369642D42383330454343322D453438432D344136372D423542352D30423135303231333042343522207461726765745265663D227369642D34373641414131352D314431312D343543392D413035362D353438384236444534374436223E3C2F73657175656E6365466C6F773E0A20203C2F70726F636573733E0A20203C62706D6E64693A42504D4E4469616772616D2069643D2242504D4E4469616772616D5F70726F63657373223E0A202020203C62706D6E64693A42504D4E506C616E652062706D6E456C656D656E743D2270726F63657373222069643D2242504D4E506C616E655F70726F63657373223E0A2020202020203C62706D6E64693A42504D4E53686170652062706D6E456C656D656E743D227369642D30383841414438442D393133392D343931362D423442372D304538394434453737324544222069643D2242504D4E53686170655F7369642D30383841414438442D393133392D343931362D423442372D304538394434453737324544223E0A20202020202020203C6F6D6764633A426F756E6473206865696768743D2233302E30222077696474683D2233302E302220783D223135382E33393939393939393939393939382220793D223133332E30223E3C2F6F6D6764633A426F756E64733E0A2020202020203C2F62706D6E64693A42504D4E53686170653E0A2020202020203C62706D6E64693A42504D4E53686170652062706D6E456C656D656E743D227369642D42383330454343322D453438432D344136372D423542352D304231353032313330423435222069643D2242504D4E53686170655F7369642D42383330454343322D453438432D344136372D423542352D304231353032313330423435223E0A20202020202020203C6F6D6764633A426F756E6473206865696768743D2238302E30222077696474683D223130302E302220783D223237382E342220793D223130382E30223E3C2F6F6D6764633A426F756E64733E0A2020202020203C2F62706D6E64693A42504D4E53686170653E0A2020202020203C62706D6E64693A42504D4E53686170652062706D6E456C656D656E743D227369642D34373641414131352D314431312D343543392D413035362D353438384236444534374436222069643D2242504D4E53686170655F7369642D34373641414131352D314431312D343543392D413035362D353438384236444534374436223E0A20202020202020203C6F6D6764633A426F756E6473206865696768743D2232382E30222077696474683D2232382E302220783D223437322E342220793D223133342E30223E3C2F6F6D6764633A426F756E64733E0A2020202020203C2F62706D6E64693A42504D4E53686170653E0A2020202020203C62706D6E64693A42504D4E456467652062706D6E456C656D656E743D227369642D44384534433644452D423545302D344133452D414234322D324641364341423938354138222069643D2242504D4E456467655F7369642D44384534433644452D423545302D344133452D414234322D324641364341423938354138223E0A20202020202020203C6F6D6764693A776179706F696E7420783D223337382E342220793D223134382E30223E3C2F6F6D6764693A776179706F696E743E0A20202020202020203C6F6D6764693A776179706F696E7420783D223437322E342220793D223134382E30223E3C2F6F6D6764693A776179706F696E743E0A2020202020203C2F62706D6E64693A42504D4E456467653E0A2020202020203C62706D6E64693A42504D4E456467652062706D6E456C656D656E743D227369642D42453244463942442D433335302D344141412D383431362D423443423937344545443934222069643D2242504D4E456467655F7369642D42453244463942442D433335302D344141412D383431362D423443423937344545443934223E0A20202020202020203C6F6D6764693A776179706F696E7420783D223138382E33393939393939393939393939382220793D223134382E30223E3C2F6F6D6764693A776179706F696E743E0A20202020202020203C6F6D6764693A776179706F696E7420783D223237382E342220793D223134382E30223E3C2F6F6D6764693A776179706F696E743E0A2020202020203C2F62706D6E64693A42504D4E456467653E0A202020203C2F62706D6E64693A42504D4E506C616E653E0A20203C2F62706D6E64693A42504D4E4469616772616D3E0A3C2F646566696E6974696F6E733E, 0);
INSERT INTO `ACT_GE_BYTEARRAY` VALUES ('17503', 1, 'leave.process.png', '17501', 0x89504E470D0A1A0A0000000D49484452000001FE000000C608060000003331E25100000AEA49444154785EEDDD6F8F54D51D07F0BE80BE9BBE02E3C33EE903647775595CFF8044144D58944283F6014842D4482349492CE9032A6952933635882E1851316993462B624A408DA5EC8A08E81A4076E7F6FED61D339C5DE0B23B67E62CF97C926F0666EE9C3BD99939DFB977E6CEFCEC6700000000000000000000000000000000000000000000000000000000000000000000000000000000000000000000000000000000000000000000000000000000000000000000000000000000000000000000000000000000000000000000000000000000000000000000000000000000000000000000000000000000000000000000000000000000000000000000000000000000000000000000000000000000000000000000000000000000000000000000000000000000000000000000000000000000000000000000000000000000000000000000B0CC5455F5F3D3A74F7F79ECD8B16A7C7CBC7AF3CD37A5C789BFFBD1A347670E1F3EBC3DBD7F00A0ABA2F4DF79E79D6A7272B2BA7CF97275F5EA55E971E2EF1E7FFF23478EB4EA1702CFA4F71100744D6CE947E9A46524BDCFC4C44414FF547A1F0140D7C46E665BFA6524EE87D8F59FDE4700D0355134690149FFA2F801C8AA69F14F5D3C5B9DFEC71FAAE36FFD7636F1EF382F5D4E9616C50F40564D8AFFBB0B67AA8FDFF84DF5E1DFC7AE4B9C1797A5CBCBE2A3F801C8AA49F17F79FCAFF34ABF9DFF1EFFDBBCE565F151FC0064D5A4F84F1CD939AFF0DB89CBD2E565F151FC0064D5A4F83F7EF3997985DF4E5C962E2F8B8FE207202BC55F56143F00593529FEF8147F5AF8EDC465E9F2B2F8287E00B26A52FC27DFFBDDBCC26F272E4B9797C547F103905593E23F7FE6A3EAE343DBE6957E9C1797A5CBCBE2A3F801C8AA49F1473EFBE71FE7157F9C972E274B8BE20720AB46C57FE54A75F2FD3DF38A3FCE8BCBE62D2F8B8EE20720AB5B157F7C33DF7FDEDB3DAFF4DB89CB7C7B5FF7A2F801C8EA86C55F6FC99F3D79B8FAF7C15FCF2BFB34B14C2C6BEB7FE951FC0064B550F1DF6A2BFF46B1F5BFF4287E00B25AA8F89B6CE5DF2871DD743C691EC50F40560B157F5AE6B79B743C691EC50F40560B15BFF42F8A1F80AC147F5951FC0064A5F8CB8AE207202BC55F56143FB06C1C387060F59E3D7BBED8B66DDBCCA64D9BAA471E79A41A1C1C9C3DDDB871636BEBD6ADD32FBDF4D2C9175E78E197E975E91FC55F56147FB9EEB9E79E5FD473DAFE81818189FA74AACE74CC7173A75373E7EF8FE5D2EBC21D65EFDEBD7F79FAE9A75B0F3DF450F5F2CB2F571F7CF04175EAD4A9EAFCF9F35588D3F87F9C1F97C772636363333B77EEFC7D3A16BDA7F8CB8AE22FCFCA952B9FAC0BFDE25CC937CDC5B85E3A162C6B75E1AFABB7E2679E78E289EAD8B163D5CCCCCC6CD1DF4A2C17CBC7F59E7AEAA9E9CD9B37FF2A1D9BDE51FC6545F197A32EEEBBEA023FB740A9DF4ECEC538E9D8B0ECECD9B3E7CF6BD6ACA95E7FFDF56A7A7A3AEDF646E27A71FDD803B06DDBB6DDE93AE80DC55F56147F19EAB2DE549776ABB3C457AD5A55EDD8B1A31A1F1F5F70AF669C1F97C77249F9B762BC741DB06C3CFFFCF3FF8AF7ED3FFDF4D3A4CA1727C689F1EA2DFF37D275919FE22F2B8ABFFF8686865EA9F35371DF77DF7DD5DEBD7BAB0B172EA4D3D78262B9583EAED7F90220C64DD705C5DBB56BD7BEB56BD756939393E9637D4962BCD883F0E4934FEE48D7495E8ABFAC28FEFE9ADBD2FFA9ACD7AF5F5F7DF6D967E994D5485C2FAEDF399E2D7F9695679F7D7620CAB95B5BFAA9183776FBAF58B1E2EE74DDE4A3F8CB8AE2EF9F987B62B77CBBA4B76CD9525DBA74299DAA6E4B5C3FC6E928FF96398E65636C6CEC87784F3EA718FFD1471FFD3E5D37F928FEB2A2F8FBA72EE5AF3AB7F4975AFA6D314EB2E5FF55BA6E28CED6AD5B776DD8B061D11FE46B2AC67FECB1C7AAD5AB57DB1DD6238ABFAC28FEFE983B646FB698E3BDF9C5EEDEBF9118AFF33D7F87FA51BCC71F7F7C3A0EC1EB8558CFDAB56BAFA4B7813C147F5951FCFD5197F1A57629C707F37288713BB6FA2FA5B7018A11DF42F5E0830F363E4E7FA9623DA3A3A3956FBF5A9AA1A1A10B759E48CF4F29FEB2A2F8BBABC9F360EE1BF9660B390EC56BFAE9FDDB15E3761EEA678EA3581B376E3C12DFB8D74BBB77EF8EDD6207D2DB4273EDC9E556139FE22F2B8ABFBB9A3C0F060606FED45EEEB9E79E4BA7A3AE8AF1DBEB8AF5A6B7058AB061C386A95EEDE66F8BF53DF0C0035FA7B785E63A7629DE74E253FC6545F1775793E7417DFE99F6E56FBDF5563A1D75558CDF717BCE74DE0E28C6BA75EBA64F9F3E9D3E7EB38AF5D5C57F35BD2D34974E78379AF8147F5951FCDD953EFE177A1E0CFEF8833BB3E7E79EEB62FC8EDB3195DE5E28C2E8E868EB9B6FBE491FBF59C5FA4646465AE96DA1B974A24BD39EF8147F5951FCDD953EEED3C4F360B0E3D8FDDC735D8CDFB1FEE9F4F64211E210946BD7AEA58FDFAC627DE91354F244F19795F4FE91DE26F75C97CE6DE97C0B45B8FFFEFBFBB2C5BF6AD5AA99F4B6D05C3AA1B563577FD9B1C5DF5DE9E37FA1E741FDFFE9F6F9B9E73A5BFC2C0B6BD6ACB996FB7DAF54AC6F6464E4727A5B68EE66135D27C55F56147F7735791E0C7A8F1FAE179FAEEFF5A7FADF7DF7DD56FDE4FC5F7A5B68EE66135D27C55F56147F7735791E0CFA543F5C2F8E357DF1C5175BE90338A7EDDBB7FFE018D7A5B9D944D749F19715C5DF5D4D9E078EE387447CBBD4EAD5AB7BFACD7DC3C3C32DDF6AD51B8ABFAC28FEDEF3CD7DB080FAC13AF5FEFBEFA78FE32CDE7EFBEDE9FA15BAEFB1EE11C55F56147F7F0CFAAE7EB85EFC92D4C30F3FDCEAC5AFF38D8E8ECEF8E5AADE51FC6545F1F7875FE783050C0F0F7FFDDA6BAF65DDDF7FE0C081AB837EABBAA7147F5951FCFD13734FBB98D7AF5F5F5DBA74299DA21625C689F13AB6F6CD712C0F2B56ACB8BB7EC53AF3C9279F64F9A0DF471F7D347DEFBDF7CEC47AD275938FE22F2B8ABF7F62EE19ECF816BF2D5BB62CB9FCE3FA314E47E9B7CC712C2B2B57AEDC141FBC9B9898481FDF4B72F6ECD999785111E3A7EB242FC55F56147F7FC51CD451D2B35BEA8BDDED1FD74BB6F46317BF398EE5676868E895BAFC678E1F3FDE95DDFE1F7EF8E10FB1A51FE3A6EB223FC55F56147FFFC55CD459D6F1DE7C7C30AFE9A7FD63B958BEF33DFD88398E652D5EB54659BFFAEAAB5716FB81BFB8DEBE7DFBBEAD9F0CB6F4FB48F19715C55F86B92DFF9F76FB47E250BC1D3B7654E3E3E3D5A953A7AAF3E7CFCFCE65711AFF8FF3E3F2CE43F6E6D232C77147A81FC877D50FE873232323D3F503FE6AD3E3FC63B983070F7E373C3C7C2DAE1FE3A463D33B8ABFAC28FE72B4E7B8A4C46F37E638EE3C7387C15CACB7DC5B9B376FFEEED0A143DF9F3871E2EAB973E7665F09D4A7D7EAFF5FAECBFEDBB1B1B13856365E455F74384B19147F5951FCE569CF710B94FACD628EE3CE37F7ED57FB07060626067FFCD18BF62F5EC5E9D4DCF9FB7D5B5559147F5951FCE532C7017704C55F56143F005929FEB2A2F801C84AF19715C50F40568ABFAC287E00B252FC6545F1039095E22F2B8A1F80AC147F5951FC0064A5F8CB8AE207202BC55F56143F005929FEB2A2F801C84AF19715C50F40568ABFAC287E00B252FC6545F1039095E22F2B8A1F80AC147F5951FC0064A5F8CB8AE207202BC55F56143F005929FEB2A2F801C84AF19715C50F40568ABFAC287E00B252FC6545F10390D5F8F87875F9F2E5790524BD4F7D3F4C2B7E00B23A7AF4E8CCE4E4E4BC1292DEE7F3CF3FFFA22EFEA9F43E0280AE397CF8F0F623478EB42626265AB6FCFB93FAEF3E5397FEE775E9C716FF33E97D04005D1565135B9AB19B59FA96F8FB3F93DE37000000000000000000000000000000000000DCA6FF03AB19D854557D5BAE0000000049454E44AE426082, 1);
INSERT INTO `ACT_GE_BYTEARRAY` VALUES ('20002', 1, 'leave.bpmn20.xml', '20001', 0x3C3F786D6C2076657273696F6E3D22312E302220656E636F64696E673D225554462D38223F3E0A3C646566696E6974696F6E7320786D6C6E733D22687474703A2F2F7777772E6F6D672E6F72672F737065632F42504D4E2F32303130303532342F4D4F44454C2220786D6C6E733A7873693D22687474703A2F2F7777772E77332E6F72672F323030312F584D4C536368656D612D696E7374616E63652220786D6C6E733A7873643D22687474703A2F2F7777772E77332E6F72672F323030312F584D4C536368656D612220786D6C6E733A61637469766974693D22687474703A2F2F61637469766974692E6F72672F62706D6E2220786D6C6E733A62706D6E64693D22687474703A2F2F7777772E6F6D672E6F72672F737065632F42504D4E2F32303130303532342F44492220786D6C6E733A6F6D6764633D22687474703A2F2F7777772E6F6D672E6F72672F737065632F44442F32303130303532342F44432220786D6C6E733A6F6D6764693D22687474703A2F2F7777772E6F6D672E6F72672F737065632F44442F32303130303532342F44492220747970654C616E67756167653D22687474703A2F2F7777772E77332E6F72672F323030312F584D4C536368656D61222065787072657373696F6E4C616E67756167653D22687474703A2F2F7777772E77332E6F72672F313939392F585061746822207461726765744E616D6573706163653D22687474703A2F2F7777772E61637469766974692E6F72672F70726F63657373646566223E0A20203C70726F636573732069643D2270726F6365737322206E616D653D22E8AFB7E58187E6B581E7A88B2220697345786563757461626C653D2274727565223E0A202020203C646F63756D656E746174696F6E3EE8AFB7E58187E6B581E7A88B3C2F646F63756D656E746174696F6E3E0A202020203C73746172744576656E742069643D227369642D30383841414438442D393133392D343931362D423442372D304538394434453737324544223E3C2F73746172744576656E743E0A202020203C757365725461736B2069643D227369642D42383330454343322D453438432D344136372D423542352D304231353032313330423435223E3C2F757365725461736B3E0A202020203C73657175656E6365466C6F772069643D227369642D42453244463942442D433335302D344141412D383431362D4234434239373445454439342220736F757263655265663D227369642D30383841414438442D393133392D343931362D423442372D30453839443445373732454422207461726765745265663D227369642D42383330454343322D453438432D344136372D423542352D304231353032313330423435223E3C2F73657175656E6365466C6F773E0A202020203C656E644576656E742069643D227369642D34373641414131352D314431312D343543392D413035362D353438384236444534374436223E3C2F656E644576656E743E0A202020203C73657175656E6365466C6F772069643D227369642D44384534433644452D423545302D344133452D414234322D3246413643414239383541382220736F757263655265663D227369642D42383330454343322D453438432D344136372D423542352D30423135303231333042343522207461726765745265663D227369642D34373641414131352D314431312D343543392D413035362D353438384236444534374436223E3C2F73657175656E6365466C6F773E0A20203C2F70726F636573733E0A20203C62706D6E64693A42504D4E4469616772616D2069643D2242504D4E4469616772616D5F70726F63657373223E0A202020203C62706D6E64693A42504D4E506C616E652062706D6E456C656D656E743D2270726F63657373222069643D2242504D4E506C616E655F70726F63657373223E0A2020202020203C62706D6E64693A42504D4E53686170652062706D6E456C656D656E743D227369642D30383841414438442D393133392D343931362D423442372D304538394434453737324544222069643D2242504D4E53686170655F7369642D30383841414438442D393133392D343931362D423442372D304538394434453737324544223E0A20202020202020203C6F6D6764633A426F756E6473206865696768743D2233302E30222077696474683D2233302E302220783D223135382E33393939393939393939393939382220793D223133332E30223E3C2F6F6D6764633A426F756E64733E0A2020202020203C2F62706D6E64693A42504D4E53686170653E0A2020202020203C62706D6E64693A42504D4E53686170652062706D6E456C656D656E743D227369642D42383330454343322D453438432D344136372D423542352D304231353032313330423435222069643D2242504D4E53686170655F7369642D42383330454343322D453438432D344136372D423542352D304231353032313330423435223E0A20202020202020203C6F6D6764633A426F756E6473206865696768743D2238302E30222077696474683D223130302E302220783D223237382E342220793D223130382E30223E3C2F6F6D6764633A426F756E64733E0A2020202020203C2F62706D6E64693A42504D4E53686170653E0A2020202020203C62706D6E64693A42504D4E53686170652062706D6E456C656D656E743D227369642D34373641414131352D314431312D343543392D413035362D353438384236444534374436222069643D2242504D4E53686170655F7369642D34373641414131352D314431312D343543392D413035362D353438384236444534374436223E0A20202020202020203C6F6D6764633A426F756E6473206865696768743D2232382E30222077696474683D2232382E302220783D223437322E342220793D223133342E30223E3C2F6F6D6764633A426F756E64733E0A2020202020203C2F62706D6E64693A42504D4E53686170653E0A2020202020203C62706D6E64693A42504D4E456467652062706D6E456C656D656E743D227369642D44384534433644452D423545302D344133452D414234322D324641364341423938354138222069643D2242504D4E456467655F7369642D44384534433644452D423545302D344133452D414234322D324641364341423938354138223E0A20202020202020203C6F6D6764693A776179706F696E7420783D223337382E342220793D223134382E30223E3C2F6F6D6764693A776179706F696E743E0A20202020202020203C6F6D6764693A776179706F696E7420783D223437322E342220793D223134382E30223E3C2F6F6D6764693A776179706F696E743E0A2020202020203C2F62706D6E64693A42504D4E456467653E0A2020202020203C62706D6E64693A42504D4E456467652062706D6E456C656D656E743D227369642D42453244463942442D433335302D344141412D383431362D423443423937344545443934222069643D2242504D4E456467655F7369642D42453244463942442D433335302D344141412D383431362D423443423937344545443934223E0A20202020202020203C6F6D6764693A776179706F696E7420783D223138382E33393939393939393939393939382220793D223134382E30223E3C2F6F6D6764693A776179706F696E743E0A20202020202020203C6F6D6764693A776179706F696E7420783D223237382E342220793D223134382E30223E3C2F6F6D6764693A776179706F696E743E0A2020202020203C2F62706D6E64693A42504D4E456467653E0A202020203C2F62706D6E64693A42504D4E506C616E653E0A20203C2F62706D6E64693A42504D4E4469616772616D3E0A3C2F646566696E6974696F6E733E, 0);
INSERT INTO `ACT_GE_BYTEARRAY` VALUES ('20003', 1, 'leave.process.png', '20001', 0x89504E470D0A1A0A0000000D49484452000001FE000000C608060000003331E25100000AEA49444154785EEDDD6F8F54D51D07F0BE80BE9BBE02E3C33EE903647775595CFF8044144D58944283F6014842D4482349492CE9032A6952933635882E1851316993462B624A408DA5EC8A08E81A4076E7F6FED61D339C5DE0B23B67E62CF97C926F0666EE9C3BD99939DFB977E6CEFCEC6700000000000000000000000000000000000000000000000000000000000000000000000000000000000000000000000000000000000000000000000000000000000000000000000000000000000000000000000000000000000000000000000000000000000000000000000000000000000000000000000000000000000000000000000000000000000000000000000000000000000000000000000000000000000000000000000000000000000000000000000000000000000000000000000000000000000000000000000000000000000000000000B0CC5455F5F3D3A74F7F79ECD8B16A7C7CBC7AF3CD37A5C789BFFBD1A347670E1F3EBC3DBD7F00A0ABA2F4DF79E79D6A7272B2BA7CF97275F5EA55E971E2EF1E7FFF23478EB4EA1702CFA4F71100744D6CE947E9A46524BDCFC4C44414FF547A1F0140D7C46E665BFA6524EE87D8F59FDE4700D0355134690149FFA2F801C8AA69F14F5D3C5B9DFEC71FAAE36FFD7636F1EF382F5D4E9616C50F40564D8AFFBB0B67AA8FDFF84DF5E1DFC7AE4B9C1797A5CBCBE2A3F801C8AA49F17F79FCAFF34ABF9DFF1EFFDBBCE565F151FC0064D5A4F84F1CD939AFF0DB89CBD2E565F151FC0064D5A4F83F7EF3997985DF4E5C962E2F8B8FE207202BC55F56143F00593529FEF8147F5AF8EDC465E9F2B2F8287E00B26A52FC27DFFBDDBCC26F272E4B9797C547F103905593E23F7FE6A3EAE343DBE6957E9C1797A5CBCBE2A3F801C8AA49F1473EFBE71FE7157F9C972E274B8BE20720AB46C57FE54A75F2FD3DF38A3FCE8BCBE62D2F8B8EE20720AB5B157F7C33DF7FDEDB3DAFF4DB89CB7C7B5FF7A2F801C8EA86C55F6FC99F3D79B8FAF7C15FCF2BFB34B14C2C6BEB7FE951FC0064B550F1DF6A2BFF46B1F5BFF4287E00B25AA8F89B6CE5DF2871DD743C691EC50F40560B157F5AE6B79B743C691EC50F40560B15BFF42F8A1F80AC147F5951FC0064A5F8CB8AE207202BC55F56143FB06C1C387060F59E3D7BBED8B66DDBCCA64D9BAA471E79A41A1C1C9C3DDDB871636BEBD6ADD32FBDF4D2C9175E78E197E975E91FC55F56147FB9EEB9E79E5FD473DAFE81818189FA74AACE74CC7173A75373E7EF8FE5D2EBC21D65EFDEBD7F79FAE9A75B0F3DF450F5F2CB2F571F7CF04175EAD4A9EAFCF9F35588D3F87F9C1F97C772636363333B77EEFC7D3A16BDA7F8CB8AE22FCFCA952B9FAC0BFDE25CC937CDC5B85E3A162C6B75E1AFABB7E2679E78E289EAD8B163D5CCCCCC6CD1DF4A2C17CBC7F59E7AEAA9E9CD9B37FF2A1D9BDE51FC6545F197A32EEEBBEA023FB740A9DF4ECEC538E9D8B0ECECD9B3E7CF6BD6ACA95E7FFDF56A7A7A3AEDF646E27A71FDD803B06DDBB6DDE93AE80DC55F56147F19EAB2DE549776ABB3C457AD5A55EDD8B1A31A1F1F5F70AF669C1F97C77249F9B762BC741DB06C3CFFFCF3FF8AF7ED3FFDF4D3A4CA1727C689F1EA2DFF37D275919FE22F2B8ABFFF8686865EA9F35371DF77DF7DD5DEBD7BAB0B172EA4D3D78262B9583EAED7F90220C64DD705C5DBB56BD7BEB56BD756939393E9637D4962BCD883F0E4934FEE48D7495E8ABFAC28FEFE9ADBD2FFA9ACD7AF5F5F7DF6D967E994D5485C2FAEDF399E2D7F9695679F7D7620CAB95B5BFAA9183776FBAF58B1E2EE74DDE4A3F8CB8AE2EF9F987B62B77CBBA4B76CD9525DBA74299DAA6E4B5C3FC6E928FF96398E65636C6CEC87784F3EA718FFD1471FFD3E5D37F928FEB2A2F8FBA72EE5AF3AB7F4975AFA6D314EB2E5FF55BA6E28CED6AD5B776DD8B061D11FE46B2AC67FECB1C7AAD5AB57DB1DD6238ABFAC28FEFE983B646FB698E3BDF9C5EEDEBF9118AFF33D7F87FA51BCC71F7F7C3A0EC1EB8558CFDAB56BAFA4B7813C147F5951FCFD5197F1A57629C707F37288713BB6FA2FA5B7018A11DF42F5E0830F363E4E7FA9623DA3A3A3956FBF5A9AA1A1A10B759E48CF4F29FEB2A2F8BBABC9F360EE1BF9660B390EC56BFAE9FDDB15E3761EEA678EA3581B376E3C12DFB8D74BBB77EF8EDD6207D2DB4273EDC9E556139FE22F2B8ABFBB9A3C0F060606FED45EEEB9E79E4BA7A3AE8AF1DBEB8AF5A6B7058AB061C386A95EEDE66F8BF53DF0C0035FA7B785E63A7629DE74E253FC6545F1775793E7417DFE99F6E56FBDF5563A1D75558CDF717BCE74DE0E28C6BA75EBA64F9F3E9D3E7EB38AF5D5C57F35BD2D34974E78379AF8147F5951FCDD953EFE177A1E0CFEF8833BB3E7E79EEB62FC8EDB3195DE5E28C2E8E868EB9B6FBE491FBF59C5FA4646465AE96DA1B974A24BD39EF8147F5951FCDD953EEED3C4F360B0E3D8FDDC735D8CDFB1FEE9F4F64211E210946BD7AEA58FDFAC627DE91354F244F19795F4FE91DE26F75C97CE6DE97C0B45B8FFFEFBFBB2C5BF6AD5AA99F4B6D05C3AA1B563577FD9B1C5DF5DE9E37FA1E741FDFFE9F6F9B9E73A5BFC2C0B6BD6ACB996FB7DAF54AC6F6464E4727A5B68EE66135D27C55F56147F7735791E0C7A8F1FAE179FAEEFF5A7FADF7DF7DD56FDE4FC5F7A5B68EE66135D27C55F56147F7735791E0CFA543F5C2F8E357DF1C5175BE90338A7EDDBB7FFE018D7A5B9D944D749F19715C5DF5D4D9E078EE387447CBBD4EAD5AB7BFACD7DC3C3C32DDF6AD51B8ABFAC28FEDEF3CD7DB080FAC13AF5FEFBEFA78FE32CDE7EFBEDE9FA15BAEFB1EE11C55F56147F7F0CFAAE7EB85EFC92D4C30F3FDCEAC5AFF38D8E8ECEF8E5AADE51FC6545F1F7875FE783050C0F0F7FFDDA6BAF65DDDF7FE0C081AB837EABBAA7147F5951FCFD13734FBB98D7AF5F5F5DBA74299DA21625C689F13AB6F6CD712C0F2B56ACB8BB7EC53AF3C9279F64F9A0DF471F7D347DEFBDF7CEC47AD275938FE22F2B8ABF7F62EE19ECF816BF2D5BB62CB9FCE3FA314E47E9B7CC712C2B2B57AEDC141FBC9B9898481FDF4B72F6ECD999785111E3A7EB242FC55F56147F7FC51CD451D2B35BEA8BDDED1FD74BB6F46317BF398EE5676868E895BAFC678E1F3FDE95DDFE1F7EF8E10FB1A51FE3A6EB223FC55F56147FFFC55CD459D6F1DE7C7C30AFE9A7FD63B958BEF33DFD88398E652D5EB54659BFFAEAAB5716FB81BFB8DEBE7DFBBEAD9F0CB6F4FB48F19715C55F86B92DFF9F76FB47E250BC1D3B7654E3E3E3D5A953A7AAF3E7CFCFCE65711AFF8FF3E3F2CE43F6E6D232C77147A81FC877D50FE873232323D3F503FE6AD3E3FC63B983070F7E373C3C7C2DAE1FE3A463D33B8ABFAC28FE72B4E7B8A4C46F37E638EE3C7387C15CACB7DC5B9B376FFEEED0A143DF9F3871E2EAB973E7665F09D4A7D7EAFF5FAECBFEDBB1B1B13856365E455F74384B19147F5951FCE569CF710B94FACD628EE3CE37F7ED57FB07060626067FFCD18BF62F5EC5E9D4DCF9FB7D5B5559147F5951FCE532C7017704C55F56143F005929FEB2A2F801C84AF19715C50F40568ABFAC287E00B252FC6545F1039095E22F2B8A1F80AC147F5951FC0064A5F8CB8AE207202BC55F56143F005929FEB2A2F801C84AF19715C50F40568ABFAC287E00B252FC6545F1039095E22F2B8A1F80AC147F5951FC0064A5F8CB8AE207202BC55F56143F005929FEB2A2F801C84AF19715C50F40568ABFAC287E00B252FC6545F10390D5F8F87875F9F2E5790524BD4F7D3F4C2B7E00B23A7AF4E8CCE4E4E4BC1292DEE7F3CF3FFFA22EFEA9F43E0280AE397CF8F0F623478EB42626265AB6FCFB93FAEF3E5397FEE775E9C716FF33E97D04005D1565135B9AB19B59FA96F8FB3F93DE37000000000000000000000000000000000000DCA6FF03AB19D854557D5BAE0000000049454E44AE426082, 1);
INSERT INTO `ACT_GE_BYTEARRAY` VALUES ('22502', 1, 'leave.bpmn20.xml', '22501', 0x3C3F786D6C2076657273696F6E3D22312E302220656E636F64696E673D225554462D38223F3E0A3C646566696E6974696F6E7320786D6C6E733D22687474703A2F2F7777772E6F6D672E6F72672F737065632F42504D4E2F32303130303532342F4D4F44454C2220786D6C6E733A7873693D22687474703A2F2F7777772E77332E6F72672F323030312F584D4C536368656D612D696E7374616E63652220786D6C6E733A7873643D22687474703A2F2F7777772E77332E6F72672F323030312F584D4C536368656D612220786D6C6E733A61637469766974693D22687474703A2F2F61637469766974692E6F72672F62706D6E2220786D6C6E733A62706D6E64693D22687474703A2F2F7777772E6F6D672E6F72672F737065632F42504D4E2F32303130303532342F44492220786D6C6E733A6F6D6764633D22687474703A2F2F7777772E6F6D672E6F72672F737065632F44442F32303130303532342F44432220786D6C6E733A6F6D6764693D22687474703A2F2F7777772E6F6D672E6F72672F737065632F44442F32303130303532342F44492220747970654C616E67756167653D22687474703A2F2F7777772E77332E6F72672F323030312F584D4C536368656D61222065787072657373696F6E4C616E67756167653D22687474703A2F2F7777772E77332E6F72672F313939392F585061746822207461726765744E616D6573706163653D22687474703A2F2F7777772E61637469766974692E6F72672F70726F63657373646566223E0A20203C70726F636573732069643D2270726F6365737322206E616D653D22E8AFB7E58187E6B581E7A88B2220697345786563757461626C653D2274727565223E0A202020203C646F63756D656E746174696F6E3EE8AFB7E58187E6B581E7A88B3C2F646F63756D656E746174696F6E3E0A202020203C73746172744576656E742069643D227369642D30383841414438442D393133392D343931362D423442372D304538394434453737324544223E3C2F73746172744576656E743E0A202020203C757365725461736B2069643D227369642D42383330454343322D453438432D344136372D423542352D304231353032313330423435223E3C2F757365725461736B3E0A202020203C73657175656E6365466C6F772069643D227369642D42453244463942442D433335302D344141412D383431362D4234434239373445454439342220736F757263655265663D227369642D30383841414438442D393133392D343931362D423442372D30453839443445373732454422207461726765745265663D227369642D42383330454343322D453438432D344136372D423542352D304231353032313330423435223E3C2F73657175656E6365466C6F773E0A202020203C656E644576656E742069643D227369642D34373641414131352D314431312D343543392D413035362D353438384236444534374436223E3C2F656E644576656E743E0A202020203C73657175656E6365466C6F772069643D227369642D44384534433644452D423545302D344133452D414234322D3246413643414239383541382220736F757263655265663D227369642D42383330454343322D453438432D344136372D423542352D30423135303231333042343522207461726765745265663D227369642D34373641414131352D314431312D343543392D413035362D353438384236444534374436223E3C2F73657175656E6365466C6F773E0A20203C2F70726F636573733E0A20203C62706D6E64693A42504D4E4469616772616D2069643D2242504D4E4469616772616D5F70726F63657373223E0A202020203C62706D6E64693A42504D4E506C616E652062706D6E456C656D656E743D2270726F63657373222069643D2242504D4E506C616E655F70726F63657373223E0A2020202020203C62706D6E64693A42504D4E53686170652062706D6E456C656D656E743D227369642D30383841414438442D393133392D343931362D423442372D304538394434453737324544222069643D2242504D4E53686170655F7369642D30383841414438442D393133392D343931362D423442372D304538394434453737324544223E0A20202020202020203C6F6D6764633A426F756E6473206865696768743D2233302E30222077696474683D2233302E302220783D223135382E33393939393939393939393939382220793D223133332E30223E3C2F6F6D6764633A426F756E64733E0A2020202020203C2F62706D6E64693A42504D4E53686170653E0A2020202020203C62706D6E64693A42504D4E53686170652062706D6E456C656D656E743D227369642D42383330454343322D453438432D344136372D423542352D304231353032313330423435222069643D2242504D4E53686170655F7369642D42383330454343322D453438432D344136372D423542352D304231353032313330423435223E0A20202020202020203C6F6D6764633A426F756E6473206865696768743D2238302E30222077696474683D223130302E302220783D223237382E342220793D223130382E30223E3C2F6F6D6764633A426F756E64733E0A2020202020203C2F62706D6E64693A42504D4E53686170653E0A2020202020203C62706D6E64693A42504D4E53686170652062706D6E456C656D656E743D227369642D34373641414131352D314431312D343543392D413035362D353438384236444534374436222069643D2242504D4E53686170655F7369642D34373641414131352D314431312D343543392D413035362D353438384236444534374436223E0A20202020202020203C6F6D6764633A426F756E6473206865696768743D2232382E30222077696474683D2232382E302220783D223437322E342220793D223133342E30223E3C2F6F6D6764633A426F756E64733E0A2020202020203C2F62706D6E64693A42504D4E53686170653E0A2020202020203C62706D6E64693A42504D4E456467652062706D6E456C656D656E743D227369642D44384534433644452D423545302D344133452D414234322D324641364341423938354138222069643D2242504D4E456467655F7369642D44384534433644452D423545302D344133452D414234322D324641364341423938354138223E0A20202020202020203C6F6D6764693A776179706F696E7420783D223337382E342220793D223134382E30223E3C2F6F6D6764693A776179706F696E743E0A20202020202020203C6F6D6764693A776179706F696E7420783D223437322E342220793D223134382E30223E3C2F6F6D6764693A776179706F696E743E0A2020202020203C2F62706D6E64693A42504D4E456467653E0A2020202020203C62706D6E64693A42504D4E456467652062706D6E456C656D656E743D227369642D42453244463942442D433335302D344141412D383431362D423443423937344545443934222069643D2242504D4E456467655F7369642D42453244463942442D433335302D344141412D383431362D423443423937344545443934223E0A20202020202020203C6F6D6764693A776179706F696E7420783D223138382E33393939393939393939393939382220793D223134382E30223E3C2F6F6D6764693A776179706F696E743E0A20202020202020203C6F6D6764693A776179706F696E7420783D223237382E342220793D223134382E30223E3C2F6F6D6764693A776179706F696E743E0A2020202020203C2F62706D6E64693A42504D4E456467653E0A202020203C2F62706D6E64693A42504D4E506C616E653E0A20203C2F62706D6E64693A42504D4E4469616772616D3E0A3C2F646566696E6974696F6E733E, 0);
INSERT INTO `ACT_GE_BYTEARRAY` VALUES ('22503', 1, 'leave.process.png', '22501', 0x89504E470D0A1A0A0000000D49484452000001FE000000C608060000003331E25100000AEA49444154785EEDDD6F8F54D51D07F0BE80BE9BBE02E3C33EE903647775595CFF8044144D58944283F6014842D4482349492CE9032A6952933635882E1851316993462B624A408DA5EC8A08E81A4076E7F6FED61D339C5DE0B23B67E62CF97C926F0666EE9C3BD99939DFB977E6CEFCEC6700000000000000000000000000000000000000000000000000000000000000000000000000000000000000000000000000000000000000000000000000000000000000000000000000000000000000000000000000000000000000000000000000000000000000000000000000000000000000000000000000000000000000000000000000000000000000000000000000000000000000000000000000000000000000000000000000000000000000000000000000000000000000000000000000000000000000000000000000000000000000000000B0CC5455F5F3D3A74F7F79ECD8B16A7C7CBC7AF3CD37A5C789BFFBD1A347670E1F3EBC3DBD7F00A0ABA2F4DF79E79D6A7272B2BA7CF97275F5EA55E971E2EF1E7FFF23478EB4EA1702CFA4F71100744D6CE947E9A46524BDCFC4C44414FF547A1F0140D7C46E665BFA6524EE87D8F59FDE4700D0355134690149FFA2F801C8AA69F14F5D3C5B9DFEC71FAAE36FFD7636F1EF382F5D4E9616C50F40564D8AFFBB0B67AA8FDFF84DF5E1DFC7AE4B9C1797A5CBCBE2A3F801C8AA49F17F79FCAFF34ABF9DFF1EFFDBBCE565F151FC0064D5A4F84F1CD939AFF0DB89CBD2E565F151FC0064D5A4F83F7EF3997985DF4E5C962E2F8B8FE207202BC55F56143F00593529FEF8147F5AF8EDC465E9F2B2F8287E00B26A52FC27DFFBDDBCC26F272E4B9797C547F103905593E23F7FE6A3EAE343DBE6957E9C1797A5CBCBE2A3F801C8AA49F1473EFBE71FE7157F9C972E274B8BE20720AB46C57FE54A75F2FD3DF38A3FCE8BCBE62D2F8B8EE20720AB5B157F7C33DF7FDEDB3DAFF4DB89CB7C7B5FF7A2F801C8EA86C55F6FC99F3D79B8FAF7C15FCF2BFB34B14C2C6BEB7FE951FC0064B550F1DF6A2BFF46B1F5BFF4287E00B25AA8F89B6CE5DF2871DD743C691EC50F40560B157F5AE6B79B743C691EC50F40560B15BFF42F8A1F80AC147F5951FC0064A5F8CB8AE207202BC55F56143FB06C1C387060F59E3D7BBED8B66DDBCCA64D9BAA471E79A41A1C1C9C3DDDB871636BEBD6ADD32FBDF4D2C9175E78E197E975E91FC55F56147FB9EEB9E79E5FD473DAFE81818189FA74AACE74CC7173A75373E7EF8FE5D2EBC21D65EFDEBD7F79FAE9A75B0F3DF450F5F2CB2F571F7CF04175EAD4A9EAFCF9F35588D3F87F9C1F97C772636363333B77EEFC7D3A16BDA7F8CB8AE22FCFCA952B9FAC0BFDE25CC937CDC5B85E3A162C6B75E1AFABB7E2679E78E289EAD8B163D5CCCCCC6CD1DF4A2C17CBC7F59E7AEAA9E9CD9B37FF2A1D9BDE51FC6545F197A32EEEBBEA023FB740A9DF4ECEC538E9D8B0ECECD9B3E7CF6BD6ACA95E7FFDF56A7A7A3AEDF646E27A71FDD803B06DDBB6DDE93AE80DC55F56147F19EAB2DE549776ABB3C457AD5A55EDD8B1A31A1F1F5F70AF669C1F97C77249F9B762BC741DB06C3CFFFCF3FF8AF7ED3FFDF4D3A4CA1727C689F1EA2DFF37D275919FE22F2B8ABFFF8686865EA9F35371DF77DF7DD5DEBD7BAB0B172EA4D3D78262B9583EAED7F90220C64DD705C5DBB56BD7BEB56BD756939393E9637D4962BCD883F0E4934FEE48D7495E8ABFAC28FEFE9ADBD2FFA9ACD7AF5F5F7DF6D967E994D5485C2FAEDF399E2D7F9695679F7D7620CAB95B5BFAA9183776FBAF58B1E2EE74DDE4A3F8CB8AE2EF9F987B62B77CBBA4B76CD9525DBA74299DAA6E4B5C3FC6E928FF96398E65636C6CEC87784F3EA718FFD1471FFD3E5D37F928FEB2A2F8FBA72EE5AF3AB7F4975AFA6D314EB2E5FF55BA6E28CED6AD5B776DD8B061D11FE46B2AC67FECB1C7AAD5AB57DB1DD6238ABFAC28FEFE983B646FB698E3BDF9C5EEDEBF9118AFF33D7F87FA51BCC71F7F7C3A0EC1EB8558CFDAB56BAFA4B7813C147F5951FCFD5197F1A57629C707F37288713BB6FA2FA5B7018A11DF42F5E0830F363E4E7FA9623DA3A3A3956FBF5A9AA1A1A10B759E48CF4F29FEB2A2F8BBABC9F360EE1BF9660B390EC56BFAE9FDDB15E3761EEA678EA3581B376E3C12DFB8D74BBB77EF8EDD6207D2DB4273EDC9E556139FE22F2B8ABFBB9A3C0F060606FED45EEEB9E79E4BA7A3AE8AF1DBEB8AF5A6B7058AB061C386A95EEDE66F8BF53DF0C0035FA7B785E63A7629DE74E253FC6545F1775793E7417DFE99F6E56FBDF5563A1D75558CDF717BCE74DE0E28C6BA75EBA64F9F3E9D3E7EB38AF5D5C57F35BD2D34974E78379AF8147F5951FCDD953EFE177A1E0CFEF8833BB3E7E79EEB62FC8EDB3195DE5E28C2E8E868EB9B6FBE491FBF59C5FA4646465AE96DA1B974A24BD39EF8147F5951FCDD953EEED3C4F360B0E3D8FDDC735D8CDFB1FEE9F4F64211E210946BD7AEA58FDFAC627DE91354F244F19795F4FE91DE26F75C97CE6DE97C0B45B8FFFEFBFBB2C5BF6AD5AA99F4B6D05C3AA1B563577FD9B1C5DF5DE9E37FA1E741FDFFE9F6F9B9E73A5BFC2C0B6BD6ACB996FB7DAF54AC6F6464E4727A5B68EE66135D27C55F56147F7735791E0C7A8F1FAE179FAEEFF5A7FADF7DF7DD56FDE4FC5F7A5B68EE66135D27C55F56147F7735791E0CFA543F5C2F8E357DF1C5175BE90338A7EDDBB7FFE018D7A5B9D944D749F19715C5DF5D4D9E078EE387447CBBD4EAD5AB7BFACD7DC3C3C32DDF6AD51B8ABFAC28FEDEF3CD7DB080FAC13AF5FEFBEFA78FE32CDE7EFBEDE9FA15BAEFB1EE11C55F56147F7F0CFAAE7EB85EFC92D4C30F3FDCEAC5AFF38D8E8ECEF8E5AADE51FC6545F1F7875FE783050C0F0F7FFDDA6BAF65DDDF7FE0C081AB837EABBAA7147F5951FCFD13734FBB98D7AF5F5F5DBA74299DA21625C689F13AB6F6CD712C0F2B56ACB8BB7EC53AF3C9279F64F9A0DF471F7D347DEFBDF7CEC47AD275938FE22F2B8ABF7F62EE19ECF816BF2D5BB62CB9FCE3FA314E47E9B7CC712C2B2B57AEDC141FBC9B9898481FDF4B72F6ECD999785111E3A7EB242FC55F56147F7FC51CD451D2B35BEA8BDDED1FD74BB6F46317BF398EE5676868E895BAFC678E1F3FDE95DDFE1F7EF8E10FB1A51FE3A6EB223FC55F56147FFFC55CD459D6F1DE7C7C30AFE9A7FD63B958BEF33DFD88398E652D5EB54659BFFAEAAB5716FB81BFB8DEBE7DFBBEAD9F0CB6F4FB48F19715C55F86B92DFF9F76FB47E250BC1D3B7654E3E3E3D5A953A7AAF3E7CFCFCE65711AFF8FF3E3F2CE43F6E6D232C77147A81FC877D50FE873232323D3F503FE6AD3E3FC63B983070F7E373C3C7C2DAE1FE3A463D33B8ABFAC28FE72B4E7B8A4C46F37E638EE3C7387C15CACB7DC5B9B376FFEEED0A143DF9F3871E2EAB973E7665F09D4A7D7EAFF5FAECBFEDBB1B1B13856365E455F74384B19147F5951FCE569CF710B94FACD628EE3CE37F7ED57FB07060626067FFCD18BF62F5EC5E9D4DCF9FB7D5B5559147F5951FCE532C7017704C55F56143F005929FEB2A2F801C84AF19715C50F40568ABFAC287E00B252FC6545F1039095E22F2B8A1F80AC147F5951FC0064A5F8CB8AE207202BC55F56143F005929FEB2A2F801C84AF19715C50F40568ABFAC287E00B252FC6545F1039095E22F2B8A1F80AC147F5951FC0064A5F8CB8AE207202BC55F56143F005929FEB2A2F801C84AF19715C50F40568ABFAC287E00B252FC6545F10390D5F8F87875F9F2E5790524BD4F7D3F4C2B7E00B23A7AF4E8CCE4E4E4BC1292DEE7F3CF3FFFA22EFEA9F43E0280AE397CF8F0F623478EB42626265AB6FCFB93FAEF3E5397FEE775E9C716FF33E97D04005D1565135B9AB19B59FA96F8FB3F93DE37000000000000000000000000000000000000DCA6FF03AB19D854557D5BAE0000000049454E44AE426082, 1);
INSERT INTO `ACT_GE_BYTEARRAY` VALUES ('25002', 1, 'leave.bpmn20.xml', '25001', 0x3C3F786D6C2076657273696F6E3D22312E302220656E636F64696E673D225554462D38223F3E0A3C646566696E6974696F6E7320786D6C6E733D22687474703A2F2F7777772E6F6D672E6F72672F737065632F42504D4E2F32303130303532342F4D4F44454C2220786D6C6E733A7873693D22687474703A2F2F7777772E77332E6F72672F323030312F584D4C536368656D612D696E7374616E63652220786D6C6E733A7873643D22687474703A2F2F7777772E77332E6F72672F323030312F584D4C536368656D612220786D6C6E733A61637469766974693D22687474703A2F2F61637469766974692E6F72672F62706D6E2220786D6C6E733A62706D6E64693D22687474703A2F2F7777772E6F6D672E6F72672F737065632F42504D4E2F32303130303532342F44492220786D6C6E733A6F6D6764633D22687474703A2F2F7777772E6F6D672E6F72672F737065632F44442F32303130303532342F44432220786D6C6E733A6F6D6764693D22687474703A2F2F7777772E6F6D672E6F72672F737065632F44442F32303130303532342F44492220747970654C616E67756167653D22687474703A2F2F7777772E77332E6F72672F323030312F584D4C536368656D61222065787072657373696F6E4C616E67756167653D22687474703A2F2F7777772E77332E6F72672F313939392F585061746822207461726765744E616D6573706163653D22687474703A2F2F7777772E61637469766974692E6F72672F70726F63657373646566223E0A20203C70726F636573732069643D2270726F6365737322206E616D653D22E8AFB7E58187E6B581E7A88B2220697345786563757461626C653D2274727565223E0A202020203C646F63756D656E746174696F6E3EE8AFB7E58187E6B581E7A88B3C2F646F63756D656E746174696F6E3E0A202020203C73746172744576656E742069643D227369642D30383841414438442D393133392D343931362D423442372D304538394434453737324544223E3C2F73746172744576656E743E0A202020203C757365725461736B2069643D227369642D42383330454343322D453438432D344136372D423542352D304231353032313330423435223E3C2F757365725461736B3E0A202020203C73657175656E6365466C6F772069643D227369642D42453244463942442D433335302D344141412D383431362D4234434239373445454439342220736F757263655265663D227369642D30383841414438442D393133392D343931362D423442372D30453839443445373732454422207461726765745265663D227369642D42383330454343322D453438432D344136372D423542352D304231353032313330423435223E3C2F73657175656E6365466C6F773E0A202020203C656E644576656E742069643D227369642D34373641414131352D314431312D343543392D413035362D353438384236444534374436223E3C2F656E644576656E743E0A202020203C73657175656E6365466C6F772069643D227369642D44384534433644452D423545302D344133452D414234322D3246413643414239383541382220736F757263655265663D227369642D42383330454343322D453438432D344136372D423542352D30423135303231333042343522207461726765745265663D227369642D34373641414131352D314431312D343543392D413035362D353438384236444534374436223E3C2F73657175656E6365466C6F773E0A20203C2F70726F636573733E0A20203C62706D6E64693A42504D4E4469616772616D2069643D2242504D4E4469616772616D5F70726F63657373223E0A202020203C62706D6E64693A42504D4E506C616E652062706D6E456C656D656E743D2270726F63657373222069643D2242504D4E506C616E655F70726F63657373223E0A2020202020203C62706D6E64693A42504D4E53686170652062706D6E456C656D656E743D227369642D30383841414438442D393133392D343931362D423442372D304538394434453737324544222069643D2242504D4E53686170655F7369642D30383841414438442D393133392D343931362D423442372D304538394434453737324544223E0A20202020202020203C6F6D6764633A426F756E6473206865696768743D2233302E30222077696474683D2233302E302220783D223135382E33393939393939393939393939382220793D223133332E30223E3C2F6F6D6764633A426F756E64733E0A2020202020203C2F62706D6E64693A42504D4E53686170653E0A2020202020203C62706D6E64693A42504D4E53686170652062706D6E456C656D656E743D227369642D42383330454343322D453438432D344136372D423542352D304231353032313330423435222069643D2242504D4E53686170655F7369642D42383330454343322D453438432D344136372D423542352D304231353032313330423435223E0A20202020202020203C6F6D6764633A426F756E6473206865696768743D2238302E30222077696474683D223130302E302220783D223237382E342220793D223130382E30223E3C2F6F6D6764633A426F756E64733E0A2020202020203C2F62706D6E64693A42504D4E53686170653E0A2020202020203C62706D6E64693A42504D4E53686170652062706D6E456C656D656E743D227369642D34373641414131352D314431312D343543392D413035362D353438384236444534374436222069643D2242504D4E53686170655F7369642D34373641414131352D314431312D343543392D413035362D353438384236444534374436223E0A20202020202020203C6F6D6764633A426F756E6473206865696768743D2232382E30222077696474683D2232382E302220783D223437322E342220793D223133342E30223E3C2F6F6D6764633A426F756E64733E0A2020202020203C2F62706D6E64693A42504D4E53686170653E0A2020202020203C62706D6E64693A42504D4E456467652062706D6E456C656D656E743D227369642D44384534433644452D423545302D344133452D414234322D324641364341423938354138222069643D2242504D4E456467655F7369642D44384534433644452D423545302D344133452D414234322D324641364341423938354138223E0A20202020202020203C6F6D6764693A776179706F696E7420783D223337382E342220793D223134382E30223E3C2F6F6D6764693A776179706F696E743E0A20202020202020203C6F6D6764693A776179706F696E7420783D223437322E342220793D223134382E30223E3C2F6F6D6764693A776179706F696E743E0A2020202020203C2F62706D6E64693A42504D4E456467653E0A2020202020203C62706D6E64693A42504D4E456467652062706D6E456C656D656E743D227369642D42453244463942442D433335302D344141412D383431362D423443423937344545443934222069643D2242504D4E456467655F7369642D42453244463942442D433335302D344141412D383431362D423443423937344545443934223E0A20202020202020203C6F6D6764693A776179706F696E7420783D223138382E33393939393939393939393939382220793D223134382E30223E3C2F6F6D6764693A776179706F696E743E0A20202020202020203C6F6D6764693A776179706F696E7420783D223237382E342220793D223134382E30223E3C2F6F6D6764693A776179706F696E743E0A2020202020203C2F62706D6E64693A42504D4E456467653E0A202020203C2F62706D6E64693A42504D4E506C616E653E0A20203C2F62706D6E64693A42504D4E4469616772616D3E0A3C2F646566696E6974696F6E733E, 0);
INSERT INTO `ACT_GE_BYTEARRAY` VALUES ('25003', 1, 'leave.process.png', '25001', 0x89504E470D0A1A0A0000000D49484452000001FE000000C608060000003331E25100000AEA49444154785EEDDD6F8F54D51D07F0BE80BE9BBE02E3C33EE903647775595CFF8044144D58944283F6014842D4482349492CE9032A6952933635882E1851316993462B624A408DA5EC8A08E81A4076E7F6FED61D339C5DE0B23B67E62CF97C926F0666EE9C3BD99939DFB977E6CEFCEC6700000000000000000000000000000000000000000000000000000000000000000000000000000000000000000000000000000000000000000000000000000000000000000000000000000000000000000000000000000000000000000000000000000000000000000000000000000000000000000000000000000000000000000000000000000000000000000000000000000000000000000000000000000000000000000000000000000000000000000000000000000000000000000000000000000000000000000000000000000000000000000000B0CC5455F5F3D3A74F7F79ECD8B16A7C7CBC7AF3CD37A5C789BFFBD1A347670E1F3EBC3DBD7F00A0ABA2F4DF79E79D6A7272B2BA7CF97275F5EA55E971E2EF1E7FFF23478EB4EA1702CFA4F71100744D6CE947E9A46524BDCFC4C44414FF547A1F0140D7C46E665BFA6524EE87D8F59FDE4700D0355134690149FFA2F801C8AA69F14F5D3C5B9DFEC71FAAE36FFD7636F1EF382F5D4E9616C50F40564D8AFFBB0B67AA8FDFF84DF5E1DFC7AE4B9C1797A5CBCBE2A3F801C8AA49F17F79FCAFF34ABF9DFF1EFFDBBCE565F151FC0064D5A4F84F1CD939AFF0DB89CBD2E565F151FC0064D5A4F83F7EF3997985DF4E5C962E2F8B8FE207202BC55F56143F00593529FEF8147F5AF8EDC465E9F2B2F8287E00B26A52FC27DFFBDDBCC26F272E4B9797C547F103905593E23F7FE6A3EAE343DBE6957E9C1797A5CBCBE2A3F801C8AA49F1473EFBE71FE7157F9C972E274B8BE20720AB46C57FE54A75F2FD3DF38A3FCE8BCBE62D2F8B8EE20720AB5B157F7C33DF7FDEDB3DAFF4DB89CB7C7B5FF7A2F801C8EA86C55F6FC99F3D79B8FAF7C15FCF2BFB34B14C2C6BEB7FE951FC0064B550F1DF6A2BFF46B1F5BFF4287E00B25AA8F89B6CE5DF2871DD743C691EC50F40560B157F5AE6B79B743C691EC50F40560B15BFF42F8A1F80AC147F5951FC0064A5F8CB8AE207202BC55F56143FB06C1C387060F59E3D7BBED8B66DDBCCA64D9BAA471E79A41A1C1C9C3DDDB871636BEBD6ADD32FBDF4D2C9175E78E197E975E91FC55F56147FB9EEB9E79E5FD473DAFE81818189FA74AACE74CC7173A75373E7EF8FE5D2EBC21D65EFDEBD7F79FAE9A75B0F3DF450F5F2CB2F571F7CF04175EAD4A9EAFCF9F35588D3F87F9C1F97C772636363333B77EEFC7D3A16BDA7F8CB8AE22FCFCA952B9FAC0BFDE25CC937CDC5B85E3A162C6B75E1AFABB7E2679E78E289EAD8B163D5CCCCCC6CD1DF4A2C17CBC7F59E7AEAA9E9CD9B37FF2A1D9BDE51FC6545F197A32EEEBBEA023FB740A9DF4ECEC538E9D8B0ECECD9B3E7CF6BD6ACA95E7FFDF56A7A7A3AEDF646E27A71FDD803B06DDBB6DDE93AE80DC55F56147F19EAB2DE549776ABB3C457AD5A55EDD8B1A31A1F1F5F70AF669C1F97C77249F9B762BC741DB06C3CFFFCF3FF8AF7ED3FFDF4D3A4CA1727C689F1EA2DFF37D275919FE22F2B8ABFFF8686865EA9F35371DF77DF7DD5DEBD7BAB0B172EA4D3D78262B9583EAED7F90220C64DD705C5DBB56BD7BEB56BD756939393E9637D4962BCD883F0E4934FEE48D7495E8ABFAC28FEFE9ADBD2FFA9ACD7AF5F5F7DF6D967E994D5485C2FAEDF399E2D7F9695679F7D7620CAB95B5BFAA9183776FBAF58B1E2EE74DDE4A3F8CB8AE2EF9F987B62B77CBBA4B76CD9525DBA74299DAA6E4B5C3FC6E928FF96398E65636C6CEC87784F3EA718FFD1471FFD3E5D37F928FEB2A2F8FBA72EE5AF3AB7F4975AFA6D314EB2E5FF55BA6E28CED6AD5B776DD8B061D11FE46B2AC67FECB1C7AAD5AB57DB1DD6238ABFAC28FEFE983B646FB698E3BDF9C5EEDEBF9118AFF33D7F87FA51BCC71F7F7C3A0EC1EB8558CFDAB56BAFA4B7813C147F5951FCFD5197F1A57629C707F37288713BB6FA2FA5B7018A11DF42F5E0830F363E4E7FA9623DA3A3A3956FBF5A9AA1A1A10B759E48CF4F29FEB2A2F8BBABC9F360EE1BF9660B390EC56BFAE9FDDB15E3761EEA678EA3581B376E3C12DFB8D74BBB77EF8EDD6207D2DB4273EDC9E556139FE22F2B8ABFBB9A3C0F060606FED45EEEB9E79E4BA7A3AE8AF1DBEB8AF5A6B7058AB061C386A95EEDE66F8BF53DF0C0035FA7B785E63A7629DE74E253FC6545F1775793E7417DFE99F6E56FBDF5563A1D75558CDF717BCE74DE0E28C6BA75EBA64F9F3E9D3E7EB38AF5D5C57F35BD2D34974E78379AF8147F5951FCDD953EFE177A1E0CFEF8833BB3E7E79EEB62FC8EDB3195DE5E28C2E8E868EB9B6FBE491FBF59C5FA4646465AE96DA1B974A24BD39EF8147F5951FCDD953EEED3C4F360B0E3D8FDDC735D8CDFB1FEE9F4F64211E210946BD7AEA58FDFAC627DE91354F244F19795F4FE91DE26F75C97CE6DE97C0B45B8FFFEFBFBB2C5BF6AD5AA99F4B6D05C3AA1B563577FD9B1C5DF5DE9E37FA1E741FDFFE9F6F9B9E73A5BFC2C0B6BD6ACB996FB7DAF54AC6F6464E4727A5B68EE66135D27C55F56147F7735791E0C7A8F1FAE179FAEEFF5A7FADF7DF7DD56FDE4FC5F7A5B68EE66135D27C55F56147F7735791E0CFA543F5C2F8E357DF1C5175BE90338A7EDDBB7FFE018D7A5B9D944D749F19715C5DF5D4D9E078EE387447CBBD4EAD5AB7BFACD7DC3C3C32DDF6AD51B8ABFAC28FEDEF3CD7DB080FAC13AF5FEFBEFA78FE32CDE7EFBEDE9FA15BAEFB1EE11C55F56147F7F0CFAAE7EB85EFC92D4C30F3FDCEAC5AFF38D8E8ECEF8E5AADE51FC6545F1F7875FE783050C0F0F7FFDDA6BAF65DDDF7FE0C081AB837EABBAA7147F5951FCFD13734FBB98D7AF5F5F5DBA74299DA21625C689F13AB6F6CD712C0F2B56ACB8BB7EC53AF3C9279F64F9A0DF471F7D347DEFBDF7CEC47AD275938FE22F2B8ABF7F62EE19ECF816BF2D5BB62CB9FCE3FA314E47E9B7CC712C2B2B57AEDC141FBC9B9898481FDF4B72F6ECD999785111E3A7EB242FC55F56147F7FC51CD451D2B35BEA8BDDED1FD74BB6F46317BF398EE5676868E895BAFC678E1F3FDE95DDFE1F7EF8E10FB1A51FE3A6EB223FC55F56147FFFC55CD459D6F1DE7C7C30AFE9A7FD63B958BEF33DFD88398E652D5EB54659BFFAEAAB5716FB81BFB8DEBE7DFBBEAD9F0CB6F4FB48F19715C55F86B92DFF9F76FB47E250BC1D3B7654E3E3E3D5A953A7AAF3E7CFCFCE65711AFF8FF3E3F2CE43F6E6D232C77147A81FC877D50FE873232323D3F503FE6AD3E3FC63B983070F7E373C3C7C2DAE1FE3A463D33B8ABFAC28FE72B4E7B8A4C46F37E638EE3C7387C15CACB7DC5B9B376FFEEED0A143DF9F3871E2EAB973E7665F09D4A7D7EAFF5FAECBFEDBB1B1B13856365E455F74384B19147F5951FCE569CF710B94FACD628EE3CE37F7ED57FB07060626067FFCD18BF62F5EC5E9D4DCF9FB7D5B5559147F5951FCE532C7017704C55F56143F005929FEB2A2F801C84AF19715C50F40568ABFAC287E00B252FC6545F1039095E22F2B8A1F80AC147F5951FC0064A5F8CB8AE207202BC55F56143F005929FEB2A2F801C84AF19715C50F40568ABFAC287E00B252FC6545F1039095E22F2B8A1F80AC147F5951FC0064A5F8CB8AE207202BC55F56143F005929FEB2A2F801C84AF19715C50F40568ABFAC287E00B252FC6545F10390D5F8F87875F9F2E5790524BD4F7D3F4C2B7E00B23A7AF4E8CCE4E4E4BC1292DEE7F3CF3FFFA22EFEA9F43E0280AE397CF8F0F623478EB42626265AB6FCFB93FAEF3E5397FEE775E9C716FF33E97D04005D1565135B9AB19B59FA96F8FB3F93DE37000000000000000000000000000000000000DCA6FF03AB19D854557D5BAE0000000049454E44AE426082, 1);
INSERT INTO `ACT_GE_BYTEARRAY` VALUES ('30002', 1, 'leave.bpmn20.xml', '30001', 0x3C3F786D6C2076657273696F6E3D22312E302220656E636F64696E673D225554462D38223F3E0A3C646566696E6974696F6E7320786D6C6E733D22687474703A2F2F7777772E6F6D672E6F72672F737065632F42504D4E2F32303130303532342F4D4F44454C2220786D6C6E733A7873693D22687474703A2F2F7777772E77332E6F72672F323030312F584D4C536368656D612D696E7374616E63652220786D6C6E733A7873643D22687474703A2F2F7777772E77332E6F72672F323030312F584D4C536368656D612220786D6C6E733A61637469766974693D22687474703A2F2F61637469766974692E6F72672F62706D6E2220786D6C6E733A62706D6E64693D22687474703A2F2F7777772E6F6D672E6F72672F737065632F42504D4E2F32303130303532342F44492220786D6C6E733A6F6D6764633D22687474703A2F2F7777772E6F6D672E6F72672F737065632F44442F32303130303532342F44432220786D6C6E733A6F6D6764693D22687474703A2F2F7777772E6F6D672E6F72672F737065632F44442F32303130303532342F44492220747970654C616E67756167653D22687474703A2F2F7777772E77332E6F72672F323030312F584D4C536368656D61222065787072657373696F6E4C616E67756167653D22687474703A2F2F7777772E77332E6F72672F313939392F585061746822207461726765744E616D6573706163653D22687474703A2F2F7777772E61637469766974692E6F72672F70726F63657373646566223E0A20203C70726F636573732069643D2270726F6365737322206E616D653D22E8AFB7E58187E6B581E7A88B2220697345786563757461626C653D2274727565223E0A202020203C646F63756D656E746174696F6E3EE8AFB7E58187E6B581E7A88B3C2F646F63756D656E746174696F6E3E0A202020203C73746172744576656E742069643D227369642D30383841414438442D393133392D343931362D423442372D304538394434453737324544223E3C2F73746172744576656E743E0A202020203C757365725461736B2069643D227369642D42383330454343322D453438432D344136372D423542352D304231353032313330423435223E3C2F757365725461736B3E0A202020203C73657175656E6365466C6F772069643D227369642D42453244463942442D433335302D344141412D383431362D4234434239373445454439342220736F757263655265663D227369642D30383841414438442D393133392D343931362D423442372D30453839443445373732454422207461726765745265663D227369642D42383330454343322D453438432D344136372D423542352D304231353032313330423435223E3C2F73657175656E6365466C6F773E0A202020203C656E644576656E742069643D227369642D34373641414131352D314431312D343543392D413035362D353438384236444534374436223E3C2F656E644576656E743E0A202020203C73657175656E6365466C6F772069643D227369642D44384534433644452D423545302D344133452D414234322D3246413643414239383541382220736F757263655265663D227369642D42383330454343322D453438432D344136372D423542352D30423135303231333042343522207461726765745265663D227369642D34373641414131352D314431312D343543392D413035362D353438384236444534374436223E3C2F73657175656E6365466C6F773E0A20203C2F70726F636573733E0A20203C62706D6E64693A42504D4E4469616772616D2069643D2242504D4E4469616772616D5F70726F63657373223E0A202020203C62706D6E64693A42504D4E506C616E652062706D6E456C656D656E743D2270726F63657373222069643D2242504D4E506C616E655F70726F63657373223E0A2020202020203C62706D6E64693A42504D4E53686170652062706D6E456C656D656E743D227369642D30383841414438442D393133392D343931362D423442372D304538394434453737324544222069643D2242504D4E53686170655F7369642D30383841414438442D393133392D343931362D423442372D304538394434453737324544223E0A20202020202020203C6F6D6764633A426F756E6473206865696768743D2233302E30222077696474683D2233302E302220783D223135382E33393939393939393939393939382220793D223133332E30223E3C2F6F6D6764633A426F756E64733E0A2020202020203C2F62706D6E64693A42504D4E53686170653E0A2020202020203C62706D6E64693A42504D4E53686170652062706D6E456C656D656E743D227369642D42383330454343322D453438432D344136372D423542352D304231353032313330423435222069643D2242504D4E53686170655F7369642D42383330454343322D453438432D344136372D423542352D304231353032313330423435223E0A20202020202020203C6F6D6764633A426F756E6473206865696768743D2238302E30222077696474683D223130302E302220783D223237382E342220793D223130382E30223E3C2F6F6D6764633A426F756E64733E0A2020202020203C2F62706D6E64693A42504D4E53686170653E0A2020202020203C62706D6E64693A42504D4E53686170652062706D6E456C656D656E743D227369642D34373641414131352D314431312D343543392D413035362D353438384236444534374436222069643D2242504D4E53686170655F7369642D34373641414131352D314431312D343543392D413035362D353438384236444534374436223E0A20202020202020203C6F6D6764633A426F756E6473206865696768743D2232382E30222077696474683D2232382E302220783D223437322E342220793D223133342E30223E3C2F6F6D6764633A426F756E64733E0A2020202020203C2F62706D6E64693A42504D4E53686170653E0A2020202020203C62706D6E64693A42504D4E456467652062706D6E456C656D656E743D227369642D44384534433644452D423545302D344133452D414234322D324641364341423938354138222069643D2242504D4E456467655F7369642D44384534433644452D423545302D344133452D414234322D324641364341423938354138223E0A20202020202020203C6F6D6764693A776179706F696E7420783D223337382E342220793D223134382E30223E3C2F6F6D6764693A776179706F696E743E0A20202020202020203C6F6D6764693A776179706F696E7420783D223437322E342220793D223134382E30223E3C2F6F6D6764693A776179706F696E743E0A2020202020203C2F62706D6E64693A42504D4E456467653E0A2020202020203C62706D6E64693A42504D4E456467652062706D6E456C656D656E743D227369642D42453244463942442D433335302D344141412D383431362D423443423937344545443934222069643D2242504D4E456467655F7369642D42453244463942442D433335302D344141412D383431362D423443423937344545443934223E0A20202020202020203C6F6D6764693A776179706F696E7420783D223138382E33393939393939393939393939382220793D223134382E30223E3C2F6F6D6764693A776179706F696E743E0A20202020202020203C6F6D6764693A776179706F696E7420783D223237382E342220793D223134382E30223E3C2F6F6D6764693A776179706F696E743E0A2020202020203C2F62706D6E64693A42504D4E456467653E0A202020203C2F62706D6E64693A42504D4E506C616E653E0A20203C2F62706D6E64693A42504D4E4469616772616D3E0A3C2F646566696E6974696F6E733E, 0);
INSERT INTO `ACT_GE_BYTEARRAY` VALUES ('30003', 1, 'leave.process.png', '30001', 0x89504E470D0A1A0A0000000D49484452000001FE000000C608060000003331E251000009B14944415478DAEDDDDB6B54DB01C0E1F3E83FD4A79E07A16F074A5F84682E12319A103D10C5105462548852518454F152B1988A52A116AAA5B6B93475B02A47C55AA55E30B51A9B1AC9F172B41A3399D5BD8223E3788B263399997C1F2C3C2793A86C67AFDFACBDF7ECF9EA2B000000000000000000000000000000000000000000000000000000000000000000000000000000000000000000000000000000000000000000000000000000000000000000000000000000000000000000000000000000000000000000000000000000000000000000000000000000000000000000000000000000000000000000000000000000000000000000000000000000000000000000000000000000000000000000000000000000000000000000000000000000000000000000000000000000000000000000000000000000000000000000002833218479838383F7CE9E3D1BFAFAFA424F4F8F51E4D1DBDB1B4E9F3E9D49C61ECF48000A2A463F954A8591919130363666CCD278F8F061181818C8242F02B67B5602503071A52FFAA513FF9E9E9E31CF4A000A261EDE17DDD219F1D0BF67250005134323B8C20F80F0BF359E3D1E0E83DFFD2A5CEBDD3C39E27FC7AF89B5F0035061E1FFE1D1FD70F54FEDE1EF7F687D6BC4AFC5C7045BF801A8A0F0DFBBF6FB77A29F1D43D74E08B6F0035049E1FFE75F7EFEC1F0C7C7045BF801A8A0F05FEDD9F8C1F0C7C7045BF801107E43F80128C7F0C7ABF83F14FEF898600B3F001514FE5B67767D30FCF131C1167E002A28FCA3F7AF84AB7FEE78F7307FF2B5F898600B3F001514FE38FE75A1FB9DF0C7AF89B5F0035069E17FF932DCFADB9E770FF3275F8B8F09B6F0035021E18F77E6BB79E6171F3CC71F1F73F73EE107A0DCC39FACE4876FF5877F9C5AF7C1E86747FC9EF8BD56FFC20F401986FF53AB7CAB7FE107A082C23F9555FEC756FF022EFC009451F8BF34FAD921E0C20F401985DF107E0084DF107E0084DF107E0084DF107EA0B2A552A98EBD7BF70E7776764E7CFBEDB7A1BEBE3E2C5CB830D4D5D585152B56848D1B374E7475750D9F3C79B2D9D6127E43F8CB4D4D4DCD8FAAAAAA8E25F3DABD458B16BD4A7ECDC439EEF5184FC67F9271227E9FAD4545DBB56B57EF860D1B322D2D2D61DFBE7DE1DCB973E1FEFDFBE1C58B17218ABF8E8C8C848B172F8643870E85F87D6BD7AECD242F04FE68EB09BF21FCA52E89FCD624E8A33991FFE4487EE6517575F51E5B8F8A72F0E0C186F6F6F64C6B6BEB64D4D3E97498AACB972F8775EBD6C51701E9E445C0025B53F80DE12FC1E07F9D44FCE1E704FF3DE3C982050B7E626B52F676EFDEFD5D6363633871E2C467053FDFA953A7C2F2E5CB83D5BFF01BC25F4AAAAAAABAF20EE5879A9A9AB075EBD6D0DFDF1FEEDEBD1B9E3E7D3A398F3D7FFE7CF228E7993367C2CE9D3B274F6FE6C53F63F54F593B72E4C8A5780EFFE6CD9B6126DCB97327AC5CB9326CDAB42965EB0ABFF00B7F09447F53B2DA7F2BF8870F1F9E3C6539158F1E3D9AFCFEF8737987FF0FD9BA949D1D3B76FC35467FAA3BC054C5DF2F5E00B86AD5AADFD8CAC22FFCCCF24AFF4DAC57AF5E3DB9BAFF12F1E7E2A9D0DCDFCFCA9FB292ACC87F1A0FCBCFD44AFF7D2BFF868686D0D8D8F8335B5BF8859F627B7D4E7F221BE98E8E8E3787F3BF543C0DD0D9D9997FD8FF1B5B9BB290BC724DC773FA8514CFF93735358DD9DAC22FFC145BEE95FB71A53FDDE8E7C63F6FE5FFC4D6A6E4B5B7B7FF7ACD9A35E1D5AB57A1D0E29FB378F1E25FDAEAC22FFC1471B5BF35F79CFE971EDEFFD861FFDC73FE0EF953F2DADADAD2F12D7BC570E5CA95D0DCDCFCCA56177EE1673656FBF1C2BC42387AF4A8553FE5A1A5A5E5C7F1AAFBE9BC6DEF73C50BFDE2F9365B7F7A1359B20D3F799744E117FEB9BE1FC43BEDE5AEF64747470B32AFC5ABFD73DFEA678EA364AD5FBFFEFC8103074231757777C7C3FDA76CFD694D78D90966B4AAAAAA41F885DF7EF0FEFDE0F56D7827BF6FDBB66D059DDBE2FBFC73FE4E27FC0B5192DADADA5EC4DBF016533CADB06CD9B2C7B6FE8C4C78D9F1F07D2B1FE117FEB9BE1FC47BEF671F1F181828E8DC166FF293F377F9AF7F214A5212E0CCF0F07051C31FDFD75F57573761EBCFE884F766E5933BF109BFF0CFF5FDE0F507EE4C7E7DA62FEACB17EFF097F37748FB17A224C57352D90FDC2996F8E75557579B000B33E1BD59F9C4439FC22FFC737D3FC8FDFF997A0BDFC7DEDA97FBE7F917A264779CD930CD0FC630A63884BFB486E7E4EC8E62CF6D0A4349AAADAD9D95157FBC57B6AD5F9095CEB3782FF2F9F3E7CF73A8DF8ADF7E307F5EEE87F158F143A2A1A1616236CEF1272F389CE39FD909EFADE06709BFF0CFF5FDC0397EC8D3D4D4F47DB1AFEABF70E1423CC73F62EBCFC884F743BC2B597EF0855FF8ED076FBEC755FD902B09F06FF7EFDF5FD4F0EFD9B367DC7B5CA73DE1BD77852FFCC26F3F789BF7F1439E7857ABF896BE62DEB96FE9D2A513EE6A551CC22FFCE63877EE8377D4D7D73F8987DF8BE1D2A54B13D5D5D54F6D75E1177E8A7864C0BDFA21573C37D6DCDC5C9455FFF2E5CBC77D7295F00B3FC59EE37C3A1FE4499EA88F8F1F3F9E2964F48F1D3BF632D9019F7CEABC34C22FFC1420FE8FB2615EBD7AF58CBDB52FBE85AFB5B5F5ADD5BE398E72D929BEAEADADCDDCB871A320D11F1C1C8C87F8E3F8C6D6167EE16736E6B824CA13D9407774744C3BFE31FA9D9D9DB9D1CF98E3282B5555555D4B962C9988EFB39F490F1E3CC8D4D5D5A51DFE127EE117FED99EE372DFF71F57FE5F7AD83FFE5CDE4ADF217ECA53F2E43D505F5F3F71FDFAF51939EC7FFBF6ED746D6D6D3AD9E17C0CAFF00BBFF097C41C971BEB786E3E5EF017AFCA9FEAD5FBF142BEDC73FA7198E328FB57C58B162DCA1C3972E4D5742EF8EBEEEE7E120FEFC71DCD56157E43F84B698E4B4626FF05407C9F7FBCC94F5CCD674F03C4C3F9F18E7CF1E63C5D5D5D215918E5DF2D30638EA322BC3E1F36BA64C992F1F3E7CF8F7F4EF0CF9D3BF7BFE4E75EC48B5C9CEF127E43F84B798E9BE607FF98E3A8C857C6DBE3CE11CFD16FDEBCF959F26AF8C5D0D0503AFBC13EC9AF99E1E1E1742A957AB665CB96C7B5B5B5F1AE7C4FE22B6057B60ABF21FCE532C77D6EF0CD7154BC78F7ABE415F2EF5EDFF77A3C6F2748C7FB52C75B54BA5B95F01BC26F8E03107E43F801107EE10700E1177E00107EE10700E1177E00107EE10740F80DE10740F80DE10740F80DE10740F80DE10740F80DE10740F80DE10740F8851F00845FF80140F8851F00845FF80140F8851F00E137841F00E137841F00E137841F00E137841F8052D5D7D727B8C20FC05C914AA52646464644B704C6D0D0D0BF93F08F7956025030FDFDFD5B060606320F1E3C10DF598E7E6F6FEF7832B67B56025050496C36252BCD67F130B3316B634CF401000000000000000000000000000000000066C0FF0104F4F76020A979980000000049454E44AE426082, 1);
INSERT INTO `ACT_GE_BYTEARRAY` VALUES ('32502', 1, 'leave.bpmn20.xml', '32501', 0x3C3F786D6C2076657273696F6E3D22312E302220656E636F64696E673D225554462D38223F3E0A3C646566696E6974696F6E7320786D6C6E733D22687474703A2F2F7777772E6F6D672E6F72672F737065632F42504D4E2F32303130303532342F4D4F44454C2220786D6C6E733A7873693D22687474703A2F2F7777772E77332E6F72672F323030312F584D4C536368656D612D696E7374616E63652220786D6C6E733A7873643D22687474703A2F2F7777772E77332E6F72672F323030312F584D4C536368656D612220786D6C6E733A61637469766974693D22687474703A2F2F61637469766974692E6F72672F62706D6E2220786D6C6E733A62706D6E64693D22687474703A2F2F7777772E6F6D672E6F72672F737065632F42504D4E2F32303130303532342F44492220786D6C6E733A6F6D6764633D22687474703A2F2F7777772E6F6D672E6F72672F737065632F44442F32303130303532342F44432220786D6C6E733A6F6D6764693D22687474703A2F2F7777772E6F6D672E6F72672F737065632F44442F32303130303532342F44492220747970654C616E67756167653D22687474703A2F2F7777772E77332E6F72672F323030312F584D4C536368656D61222065787072657373696F6E4C616E67756167653D22687474703A2F2F7777772E77332E6F72672F313939392F585061746822207461726765744E616D6573706163653D22687474703A2F2F7777772E61637469766974692E6F72672F70726F63657373646566223E0A20203C70726F636573732069643D2270726F6365737322206E616D653D22E8AFB7E58187E6B581E7A88B2220697345786563757461626C653D2274727565223E0A202020203C646F63756D656E746174696F6E3EE8AFB7E58187E6B581E7A88B3C2F646F63756D656E746174696F6E3E0A202020203C73746172744576656E742069643D227369642D30383841414438442D393133392D343931362D423442372D304538394434453737324544223E3C2F73746172744576656E743E0A202020203C757365725461736B2069643D227369642D42383330454343322D453438432D344136372D423542352D304231353032313330423435223E3C2F757365725461736B3E0A202020203C73657175656E6365466C6F772069643D227369642D42453244463942442D433335302D344141412D383431362D4234434239373445454439342220736F757263655265663D227369642D30383841414438442D393133392D343931362D423442372D30453839443445373732454422207461726765745265663D227369642D42383330454343322D453438432D344136372D423542352D304231353032313330423435223E3C2F73657175656E6365466C6F773E0A202020203C656E644576656E742069643D227369642D34373641414131352D314431312D343543392D413035362D353438384236444534374436223E3C2F656E644576656E743E0A202020203C73657175656E6365466C6F772069643D227369642D44384534433644452D423545302D344133452D414234322D3246413643414239383541382220736F757263655265663D227369642D42383330454343322D453438432D344136372D423542352D30423135303231333042343522207461726765745265663D227369642D34373641414131352D314431312D343543392D413035362D353438384236444534374436223E3C2F73657175656E6365466C6F773E0A20203C2F70726F636573733E0A20203C62706D6E64693A42504D4E4469616772616D2069643D2242504D4E4469616772616D5F70726F63657373223E0A202020203C62706D6E64693A42504D4E506C616E652062706D6E456C656D656E743D2270726F63657373222069643D2242504D4E506C616E655F70726F63657373223E0A2020202020203C62706D6E64693A42504D4E53686170652062706D6E456C656D656E743D227369642D30383841414438442D393133392D343931362D423442372D304538394434453737324544222069643D2242504D4E53686170655F7369642D30383841414438442D393133392D343931362D423442372D304538394434453737324544223E0A20202020202020203C6F6D6764633A426F756E6473206865696768743D2233302E30222077696474683D2233302E302220783D223135382E33393939393939393939393939382220793D223133332E30223E3C2F6F6D6764633A426F756E64733E0A2020202020203C2F62706D6E64693A42504D4E53686170653E0A2020202020203C62706D6E64693A42504D4E53686170652062706D6E456C656D656E743D227369642D42383330454343322D453438432D344136372D423542352D304231353032313330423435222069643D2242504D4E53686170655F7369642D42383330454343322D453438432D344136372D423542352D304231353032313330423435223E0A20202020202020203C6F6D6764633A426F756E6473206865696768743D2238302E30222077696474683D223130302E302220783D223237382E342220793D223130382E30223E3C2F6F6D6764633A426F756E64733E0A2020202020203C2F62706D6E64693A42504D4E53686170653E0A2020202020203C62706D6E64693A42504D4E53686170652062706D6E456C656D656E743D227369642D34373641414131352D314431312D343543392D413035362D353438384236444534374436222069643D2242504D4E53686170655F7369642D34373641414131352D314431312D343543392D413035362D353438384236444534374436223E0A20202020202020203C6F6D6764633A426F756E6473206865696768743D2232382E30222077696474683D2232382E302220783D223437322E342220793D223133342E30223E3C2F6F6D6764633A426F756E64733E0A2020202020203C2F62706D6E64693A42504D4E53686170653E0A2020202020203C62706D6E64693A42504D4E456467652062706D6E456C656D656E743D227369642D44384534433644452D423545302D344133452D414234322D324641364341423938354138222069643D2242504D4E456467655F7369642D44384534433644452D423545302D344133452D414234322D324641364341423938354138223E0A20202020202020203C6F6D6764693A776179706F696E7420783D223337382E342220793D223134382E30223E3C2F6F6D6764693A776179706F696E743E0A20202020202020203C6F6D6764693A776179706F696E7420783D223437322E342220793D223134382E30223E3C2F6F6D6764693A776179706F696E743E0A2020202020203C2F62706D6E64693A42504D4E456467653E0A2020202020203C62706D6E64693A42504D4E456467652062706D6E456C656D656E743D227369642D42453244463942442D433335302D344141412D383431362D423443423937344545443934222069643D2242504D4E456467655F7369642D42453244463942442D433335302D344141412D383431362D423443423937344545443934223E0A20202020202020203C6F6D6764693A776179706F696E7420783D223138382E33393939393939393939393939382220793D223134382E30223E3C2F6F6D6764693A776179706F696E743E0A20202020202020203C6F6D6764693A776179706F696E7420783D223237382E342220793D223134382E30223E3C2F6F6D6764693A776179706F696E743E0A2020202020203C2F62706D6E64693A42504D4E456467653E0A202020203C2F62706D6E64693A42504D4E506C616E653E0A20203C2F62706D6E64693A42504D4E4469616772616D3E0A3C2F646566696E6974696F6E733E, 0);
INSERT INTO `ACT_GE_BYTEARRAY` VALUES ('32503', 1, 'leave.process.png', '32501', 0x89504E470D0A1A0A0000000D49484452000001FE000000C608060000003331E25100000AEA49444154785EEDDD6F8F54D51D07F0BE80BE9BBE02E3C33EE903647775595CFF8044144D58944283F6014842D4482349492CE9032A6952933635882E1851316993462B624A408DA5EC8A08E81A4076E7F6FED61D339C5DE0B23B67E62CF97C926F0666EE9C3BD99939DFB977E6CEFCEC6700000000000000000000000000000000000000000000000000000000000000000000000000000000000000000000000000000000000000000000000000000000000000000000000000000000000000000000000000000000000000000000000000000000000000000000000000000000000000000000000000000000000000000000000000000000000000000000000000000000000000000000000000000000000000000000000000000000000000000000000000000000000000000000000000000000000000000000000000000000000000000000B0CC5455F5F3D3A74F7F79ECD8B16A7C7CBC7AF3CD37A5C789BFFBD1A347670E1F3EBC3DBD7F00A0ABA2F4DF79E79D6A7272B2BA7CF97275F5EA55E971E2EF1E7FFF23478EB4EA1702CFA4F71100744D6CE947E9A46524BDCFC4C44414FF547A1F0140D7C46E665BFA6524EE87D8F59FDE4700D0355134690149FFA2F801C8AA69F14F5D3C5B9DFEC71FAAE36FFD7636F1EF382F5D4E9616C50F40564D8AFFBB0B67AA8FDFF84DF5E1DFC7AE4B9C1797A5CBCBE2A3F801C8AA49F17F79FCAFF34ABF9DFF1EFFDBBCE565F151FC0064D5A4F84F1CD939AFF0DB89CBD2E565F151FC0064D5A4F83F7EF3997985DF4E5C962E2F8B8FE207202BC55F56143F00593529FEF8147F5AF8EDC465E9F2B2F8287E00B26A52FC27DFFBDDBCC26F272E4B9797C547F103905593E23F7FE6A3EAE343DBE6957E9C1797A5CBCBE2A3F801C8AA49F1473EFBE71FE7157F9C972E274B8BE20720AB46C57FE54A75F2FD3DF38A3FCE8BCBE62D2F8B8EE20720AB5B157F7C33DF7FDEDB3DAFF4DB89CB7C7B5FF7A2F801C8EA86C55F6FC99F3D79B8FAF7C15FCF2BFB34B14C2C6BEB7FE951FC0064B550F1DF6A2BFF46B1F5BFF4287E00B25AA8F89B6CE5DF2871DD743C691EC50F40560B157F5AE6B79B743C691EC50F40560B15BFF42F8A1F80AC147F5951FC0064A5F8CB8AE207202BC55F56143FB06C1C387060F59E3D7BBED8B66DDBCCA64D9BAA471E79A41A1C1C9C3DDDB871636BEBD6ADD32FBDF4D2C9175E78E197E975E91FC55F56147FB9EEB9E79E5FD473DAFE81818189FA74AACE74CC7173A75373E7EF8FE5D2EBC21D65EFDEBD7F79FAE9A75B0F3DF450F5F2CB2F571F7CF04175EAD4A9EAFCF9F35588D3F87F9C1F97C772636363333B77EEFC7D3A16BDA7F8CB8AE22FCFCA952B9FAC0BFDE25CC937CDC5B85E3A162C6B75E1AFABB7E2679E78E289EAD8B163D5CCCCCC6CD1DF4A2C17CBC7F59E7AEAA9E9CD9B37FF2A1D9BDE51FC6545F197A32EEEBBEA023FB740A9DF4ECEC538E9D8B0ECECD9B3E7CF6BD6ACA95E7FFDF56A7A7A3AEDF646E27A71FDD803B06DDBB6DDE93AE80DC55F56147F19EAB2DE549776ABB3C457AD5A55EDD8B1A31A1F1F5F70AF669C1F97C77249F9B762BC741DB06C3CFFFCF3FF8AF7ED3FFDF4D3A4CA1727C689F1EA2DFF37D275919FE22F2B8ABFFF8686865EA9F35371DF77DF7DD5DEBD7BAB0B172EA4D3D78262B9583EAED7F90220C64DD705C5DBB56BD7BEB56BD756939393E9637D4962BCD883F0E4934FEE48D7495E8ABFAC28FEFE9ADBD2FFA9ACD7AF5F5F7DF6D967E994D5485C2FAEDF399E2D7F9695679F7D7620CAB95B5BFAA9183776FBAF58B1E2EE74DDE4A3F8CB8AE2EF9F987B62B77CBBA4B76CD9525DBA74299DAA6E4B5C3FC6E928FF96398E65636C6CEC87784F3EA718FFD1471FFD3E5D37F928FEB2A2F8FBA72EE5AF3AB7F4975AFA6D314EB2E5FF55BA6E28CED6AD5B776DD8B061D11FE46B2AC67FECB1C7AAD5AB57DB1DD6238ABFAC28FEFE983B646FB698E3BDF9C5EEDEBF9118AFF33D7F87FA51BCC71F7F7C3A0EC1EB8558CFDAB56BAFA4B7813C147F5951FCFD5197F1A57629C707F37288713BB6FA2FA5B7018A11DF42F5E0830F363E4E7FA9623DA3A3A3956FBF5A9AA1A1A10B759E48CF4F29FEB2A2F8BBABC9F360EE1BF9660B390EC56BFAE9FDDB15E3761EEA678EA3581B376E3C12DFB8D74BBB77EF8EDD6207D2DB4273EDC9E556139FE22F2B8ABFBB9A3C0F060606FED45EEEB9E79E4BA7A3AE8AF1DBEB8AF5A6B7058AB061C386A95EEDE66F8BF53DF0C0035FA7B785E63A7629DE74E253FC6545F1775793E7417DFE99F6E56FBDF5563A1D75558CDF717BCE74DE0E28C6BA75EBA64F9F3E9D3E7EB38AF5D5C57F35BD2D34974E78379AF8147F5951FCDD953EFE177A1E0CFEF8833BB3E7E79EEB62FC8EDB3195DE5E28C2E8E868EB9B6FBE491FBF59C5FA4646465AE96DA1B974A24BD39EF8147F5951FCDD953EEED3C4F360B0E3D8FDDC735D8CDFB1FEE9F4F64211E210946BD7AEA58FDFAC627DE91354F244F19795F4FE91DE26F75C97CE6DE97C0B45B8FFFEFBFBB2C5BF6AD5AA99F4B6D05C3AA1B563577FD9B1C5DF5DE9E37FA1E741FDFFE9F6F9B9E73A5BFC2C0B6BD6ACB996FB7DAF54AC6F6464E4727A5B68EE66135D27C55F56147F7735791E0C7A8F1FAE179FAEEFF5A7FADF7DF7DD56FDE4FC5F7A5B68EE66135D27C55F56147F7735791E0CFA543F5C2F8E357DF1C5175BE90338A7EDDBB7FFE018D7A5B9D944D749F19715C5DF5D4D9E078EE387447CBBD4EAD5AB7BFACD7DC3C3C32DDF6AD51B8ABFAC28FEDEF3CD7DB080FAC13AF5FEFBEFA78FE32CDE7EFBEDE9FA15BAEFB1EE11C55F56147F7F0CFAAE7EB85EFC92D4C30F3FDCEAC5AFF38D8E8ECEF8E5AADE51FC6545F1F7875FE783050C0F0F7FFDDA6BAF65DDDF7FE0C081AB837EABBAA7147F5951FCFD13734FBB98D7AF5F5F5DBA74299DA21625C689F13AB6F6CD712C0F2B56ACB8BB7EC53AF3C9279F64F9A0DF471F7D347DEFBDF7CEC47AD275938FE22F2B8ABF7F62EE19ECF816BF2D5BB62CB9FCE3FA314E47E9B7CC712C2B2B57AEDC141FBC9B9898481FDF4B72F6ECD999785111E3A7EB242FC55F56147F7FC51CD451D2B35BEA8BDDED1FD74BB6F46317BF398EE5676868E895BAFC678E1F3FDE95DDFE1F7EF8E10FB1A51FE3A6EB223FC55F56147FFFC55CD459D6F1DE7C7C30AFE9A7FD63B958BEF33DFD88398E652D5EB54659BFFAEAAB5716FB81BFB8DEBE7DFBBEAD9F0CB6F4FB48F19715C55F86B92DFF9F76FB47E250BC1D3B7654E3E3E3D5A953A7AAF3E7CFCFCE65711AFF8FF3E3F2CE43F6E6D232C77147A81FC877D50FE873232323D3F503FE6AD3E3FC63B983070F7E373C3C7C2DAE1FE3A463D33B8ABFAC28FE72B4E7B8A4C46F37E638EE3C7387C15CACB7DC5B9B376FFEEED0A143DF9F3871E2EAB973E7665F09D4A7D7EAFF5FAECBFEDBB1B1B13856365E455F74384B19147F5951FCE569CF710B94FACD628EE3CE37F7ED57FB07060626067FFCD18BF62F5EC5E9D4DCF9FB7D5B5559147F5951FCE532C7017704C55F56143F005929FEB2A2F801C84AF19715C50F40568ABFAC287E00B252FC6545F1039095E22F2B8A1F80AC147F5951FC0064A5F8CB8AE207202BC55F56143F005929FEB2A2F801C84AF19715C50F40568ABFAC287E00B252FC6545F1039095E22F2B8A1F80AC147F5951FC0064A5F8CB8AE207202BC55F56143F005929FEB2A2F801C84AF19715C50F40568ABFAC287E00B252FC6545F10390D5F8F87875F9F2E5790524BD4F7D3F4C2B7E00B23A7AF4E8CCE4E4E4BC1292DEE7F3CF3FFFA22EFEA9F43E0280AE397CF8F0F623478EB42626265AB6FCFB93FAEF3E5397FEE775E9C716FF33E97D04005D1565135B9AB19B59FA96F8FB3F93DE37000000000000000000000000000000000000DCA6FF03AB19D854557D5BAE0000000049454E44AE426082, 1);
INSERT INTO `ACT_GE_BYTEARRAY` VALUES ('32506', 1, 'leave.bpmn20.xml', '32505', 0x3C3F786D6C2076657273696F6E3D22312E302220656E636F64696E673D225554462D38223F3E0A3C646566696E6974696F6E7320786D6C6E733D22687474703A2F2F7777772E6F6D672E6F72672F737065632F42504D4E2F32303130303532342F4D4F44454C2220786D6C6E733A7873693D22687474703A2F2F7777772E77332E6F72672F323030312F584D4C536368656D612D696E7374616E63652220786D6C6E733A7873643D22687474703A2F2F7777772E77332E6F72672F323030312F584D4C536368656D612220786D6C6E733A61637469766974693D22687474703A2F2F61637469766974692E6F72672F62706D6E2220786D6C6E733A62706D6E64693D22687474703A2F2F7777772E6F6D672E6F72672F737065632F42504D4E2F32303130303532342F44492220786D6C6E733A6F6D6764633D22687474703A2F2F7777772E6F6D672E6F72672F737065632F44442F32303130303532342F44432220786D6C6E733A6F6D6764693D22687474703A2F2F7777772E6F6D672E6F72672F737065632F44442F32303130303532342F44492220747970654C616E67756167653D22687474703A2F2F7777772E77332E6F72672F323030312F584D4C536368656D61222065787072657373696F6E4C616E67756167653D22687474703A2F2F7777772E77332E6F72672F313939392F585061746822207461726765744E616D6573706163653D22687474703A2F2F7777772E61637469766974692E6F72672F70726F63657373646566223E0A20203C70726F636573732069643D2270726F6365737322206E616D653D22E8AFB7E58187E6B581E7A88B2220697345786563757461626C653D2274727565223E0A202020203C646F63756D656E746174696F6E3EE8AFB7E58187E6B581E7A88B3C2F646F63756D656E746174696F6E3E0A202020203C73746172744576656E742069643D227369642D30383841414438442D393133392D343931362D423442372D304538394434453737324544223E3C2F73746172744576656E743E0A202020203C757365725461736B2069643D227369642D42383330454343322D453438432D344136372D423542352D304231353032313330423435223E3C2F757365725461736B3E0A202020203C73657175656E6365466C6F772069643D227369642D42453244463942442D433335302D344141412D383431362D4234434239373445454439342220736F757263655265663D227369642D30383841414438442D393133392D343931362D423442372D30453839443445373732454422207461726765745265663D227369642D42383330454343322D453438432D344136372D423542352D304231353032313330423435223E3C2F73657175656E6365466C6F773E0A202020203C656E644576656E742069643D227369642D34373641414131352D314431312D343543392D413035362D353438384236444534374436223E3C2F656E644576656E743E0A202020203C73657175656E6365466C6F772069643D227369642D44384534433644452D423545302D344133452D414234322D3246413643414239383541382220736F757263655265663D227369642D42383330454343322D453438432D344136372D423542352D30423135303231333042343522207461726765745265663D227369642D34373641414131352D314431312D343543392D413035362D353438384236444534374436223E3C2F73657175656E6365466C6F773E0A20203C2F70726F636573733E0A20203C62706D6E64693A42504D4E4469616772616D2069643D2242504D4E4469616772616D5F70726F63657373223E0A202020203C62706D6E64693A42504D4E506C616E652062706D6E456C656D656E743D2270726F63657373222069643D2242504D4E506C616E655F70726F63657373223E0A2020202020203C62706D6E64693A42504D4E53686170652062706D6E456C656D656E743D227369642D30383841414438442D393133392D343931362D423442372D304538394434453737324544222069643D2242504D4E53686170655F7369642D30383841414438442D393133392D343931362D423442372D304538394434453737324544223E0A20202020202020203C6F6D6764633A426F756E6473206865696768743D2233302E30222077696474683D2233302E302220783D223135382E33393939393939393939393939382220793D223133332E30223E3C2F6F6D6764633A426F756E64733E0A2020202020203C2F62706D6E64693A42504D4E53686170653E0A2020202020203C62706D6E64693A42504D4E53686170652062706D6E456C656D656E743D227369642D42383330454343322D453438432D344136372D423542352D304231353032313330423435222069643D2242504D4E53686170655F7369642D42383330454343322D453438432D344136372D423542352D304231353032313330423435223E0A20202020202020203C6F6D6764633A426F756E6473206865696768743D2238302E30222077696474683D223130302E302220783D223237382E342220793D223130382E30223E3C2F6F6D6764633A426F756E64733E0A2020202020203C2F62706D6E64693A42504D4E53686170653E0A2020202020203C62706D6E64693A42504D4E53686170652062706D6E456C656D656E743D227369642D34373641414131352D314431312D343543392D413035362D353438384236444534374436222069643D2242504D4E53686170655F7369642D34373641414131352D314431312D343543392D413035362D353438384236444534374436223E0A20202020202020203C6F6D6764633A426F756E6473206865696768743D2232382E30222077696474683D2232382E302220783D223437322E342220793D223133342E30223E3C2F6F6D6764633A426F756E64733E0A2020202020203C2F62706D6E64693A42504D4E53686170653E0A2020202020203C62706D6E64693A42504D4E456467652062706D6E456C656D656E743D227369642D44384534433644452D423545302D344133452D414234322D324641364341423938354138222069643D2242504D4E456467655F7369642D44384534433644452D423545302D344133452D414234322D324641364341423938354138223E0A20202020202020203C6F6D6764693A776179706F696E7420783D223337382E342220793D223134382E30223E3C2F6F6D6764693A776179706F696E743E0A20202020202020203C6F6D6764693A776179706F696E7420783D223437322E342220793D223134382E30223E3C2F6F6D6764693A776179706F696E743E0A2020202020203C2F62706D6E64693A42504D4E456467653E0A2020202020203C62706D6E64693A42504D4E456467652062706D6E456C656D656E743D227369642D42453244463942442D433335302D344141412D383431362D423443423937344545443934222069643D2242504D4E456467655F7369642D42453244463942442D433335302D344141412D383431362D423443423937344545443934223E0A20202020202020203C6F6D6764693A776179706F696E7420783D223138382E33393939393939393939393939382220793D223134382E30223E3C2F6F6D6764693A776179706F696E743E0A20202020202020203C6F6D6764693A776179706F696E7420783D223237382E342220793D223134382E30223E3C2F6F6D6764693A776179706F696E743E0A2020202020203C2F62706D6E64693A42504D4E456467653E0A202020203C2F62706D6E64693A42504D4E506C616E653E0A20203C2F62706D6E64693A42504D4E4469616772616D3E0A3C2F646566696E6974696F6E733E, 0);
INSERT INTO `ACT_GE_BYTEARRAY` VALUES ('32507', 1, 'leave.process.png', '32505', 0x89504E470D0A1A0A0000000D49484452000001FE000000C608060000003331E25100000AEA49444154785EEDDD6F8F54D51D07F0BE80BE9BBE02E3C33EE903647775595CFF8044144D58944283F6014842D4482349492CE9032A6952933635882E1851316993462B624A408DA5EC8A08E81A4076E7F6FED61D339C5DE0B23B67E62CF97C926F0666EE9C3BD99939DFB977E6CEFCEC6700000000000000000000000000000000000000000000000000000000000000000000000000000000000000000000000000000000000000000000000000000000000000000000000000000000000000000000000000000000000000000000000000000000000000000000000000000000000000000000000000000000000000000000000000000000000000000000000000000000000000000000000000000000000000000000000000000000000000000000000000000000000000000000000000000000000000000000000000000000000000000000B0CC5455F5F3D3A74F7F79ECD8B16A7C7CBC7AF3CD37A5C789BFFBD1A347670E1F3EBC3DBD7F00A0ABA2F4DF79E79D6A7272B2BA7CF97275F5EA55E971E2EF1E7FFF23478EB4EA1702CFA4F71100744D6CE947E9A46524BDCFC4C44414FF547A1F0140D7C46E665BFA6524EE87D8F59FDE4700D0355134690149FFA2F801C8AA69F14F5D3C5B9DFEC71FAAE36FFD7636F1EF382F5D4E9616C50F40564D8AFFBB0B67AA8FDFF84DF5E1DFC7AE4B9C1797A5CBCBE2A3F801C8AA49F17F79FCAFF34ABF9DFF1EFFDBBCE565F151FC0064D5A4F84F1CD939AFF0DB89CBD2E565F151FC0064D5A4F83F7EF3997985DF4E5C962E2F8B8FE207202BC55F56143F00593529FEF8147F5AF8EDC465E9F2B2F8287E00B26A52FC27DFFBDDBCC26F272E4B9797C547F103905593E23F7FE6A3EAE343DBE6957E9C1797A5CBCBE2A3F801C8AA49F1473EFBE71FE7157F9C972E274B8BE20720AB46C57FE54A75F2FD3DF38A3FCE8BCBE62D2F8B8EE20720AB5B157F7C33DF7FDEDB3DAFF4DB89CB7C7B5FF7A2F801C8EA86C55F6FC99F3D79B8FAF7C15FCF2BFB34B14C2C6BEB7FE951FC0064B550F1DF6A2BFF46B1F5BFF4287E00B25AA8F89B6CE5DF2871DD743C691EC50F40560B157F5AE6B79B743C691EC50F40560B15BFF42F8A1F80AC147F5951FC0064A5F8CB8AE207202BC55F56143FB06C1C387060F59E3D7BBED8B66DDBCCA64D9BAA471E79A41A1C1C9C3DDDB871636BEBD6ADD32FBDF4D2C9175E78E197E975E91FC55F56147FB9EEB9E79E5FD473DAFE81818189FA74AACE74CC7173A75373E7EF8FE5D2EBC21D65EFDEBD7F79FAE9A75B0F3DF450F5F2CB2F571F7CF04175EAD4A9EAFCF9F35588D3F87F9C1F97C772636363333B77EEFC7D3A16BDA7F8CB8AE22FCFCA952B9FAC0BFDE25CC937CDC5B85E3A162C6B75E1AFABB7E2679E78E289EAD8B163D5CCCCCC6CD1DF4A2C17CBC7F59E7AEAA9E9CD9B37FF2A1D9BDE51FC6545F197A32EEEBBEA023FB740A9DF4ECEC538E9D8B0ECECD9B3E7CF6BD6ACA95E7FFDF56A7A7A3AEDF646E27A71FDD803B06DDBB6DDE93AE80DC55F56147F19EAB2DE549776ABB3C457AD5A55EDD8B1A31A1F1F5F70AF669C1F97C77249F9B762BC741DB06C3CFFFCF3FF8AF7ED3FFDF4D3A4CA1727C689F1EA2DFF37D275919FE22F2B8ABFFF8686865EA9F35371DF77DF7DD5DEBD7BAB0B172EA4D3D78262B9583EAED7F90220C64DD705C5DBB56BD7BEB56BD756939393E9637D4962BCD883F0E4934FEE48D7495E8ABFAC28FEFE9ADBD2FFA9ACD7AF5F5F7DF6D967E994D5485C2FAEDF399E2D7F9695679F7D7620CAB95B5BFAA9183776FBAF58B1E2EE74DDE4A3F8CB8AE2EF9F987B62B77CBBA4B76CD9525DBA74299DAA6E4B5C3FC6E928FF96398E65636C6CEC87784F3EA718FFD1471FFD3E5D37F928FEB2A2F8FBA72EE5AF3AB7F4975AFA6D314EB2E5FF55BA6E28CED6AD5B776DD8B061D11FE46B2AC67FECB1C7AAD5AB57DB1DD6238ABFAC28FEFE983B646FB698E3BDF9C5EEDEBF9118AFF33D7F87FA51BCC71F7F7C3A0EC1EB8558CFDAB56BAFA4B7813C147F5951FCFD5197F1A57629C707F37288713BB6FA2FA5B7018A11DF42F5E0830F363E4E7FA9623DA3A3A3956FBF5A9AA1A1A10B759E48CF4F29FEB2A2F8BBABC9F360EE1BF9660B390EC56BFAE9FDDB15E3761EEA678EA3581B376E3C12DFB8D74BBB77EF8EDD6207D2DB4273EDC9E556139FE22F2B8ABFBB9A3C0F060606FED45EEEB9E79E4BA7A3AE8AF1DBEB8AF5A6B7058AB061C386A95EEDE66F8BF53DF0C0035FA7B785E63A7629DE74E253FC6545F1775793E7417DFE99F6E56FBDF5563A1D75558CDF717BCE74DE0E28C6BA75EBA64F9F3E9D3E7EB38AF5D5C57F35BD2D34974E78379AF8147F5951FCDD953EFE177A1E0CFEF8833BB3E7E79EEB62FC8EDB3195DE5E28C2E8E868EB9B6FBE491FBF59C5FA4646465AE96DA1B974A24BD39EF8147F5951FCDD953EEED3C4F360B0E3D8FDDC735D8CDFB1FEE9F4F64211E210946BD7AEA58FDFAC627DE91354F244F19795F4FE91DE26F75C97CE6DE97C0B45B8FFFEFBFBB2C5BF6AD5AA99F4B6D05C3AA1B563577FD9B1C5DF5DE9E37FA1E741FDFFE9F6F9B9E73A5BFC2C0B6BD6ACB996FB7DAF54AC6F6464E4727A5B68EE66135D27C55F56147F7735791E0C7A8F1FAE179FAEEFF5A7FADF7DF7DD56FDE4FC5F7A5B68EE66135D27C55F56147F7735791E0CFA543F5C2F8E357DF1C5175BE90338A7EDDBB7FFE018D7A5B9D944D749F19715C5DF5D4D9E078EE387447CBBD4EAD5AB7BFACD7DC3C3C32DDF6AD51B8ABFAC28FEDEF3CD7DB080FAC13AF5FEFBEFA78FE32CDE7EFBEDE9FA15BAEFB1EE11C55F56147F7F0CFAAE7EB85EFC92D4C30F3FDCEAC5AFF38D8E8ECEF8E5AADE51FC6545F1F7875FE783050C0F0F7FFDDA6BAF65DDDF7FE0C081AB837EABBAA7147F5951FCFD13734FBB98D7AF5F5F5DBA74299DA21625C689F13AB6F6CD712C0F2B56ACB8BB7EC53AF3C9279F64F9A0DF471F7D347DEFBDF7CEC47AD275938FE22F2B8ABF7F62EE19ECF816BF2D5BB62CB9FCE3FA314E47E9B7CC712C2B2B57AEDC141FBC9B9898481FDF4B72F6ECD999785111E3A7EB242FC55F56147F7FC51CD451D2B35BEA8BDDED1FD74BB6F46317BF398EE5676868E895BAFC678E1F3FDE95DDFE1F7EF8E10FB1A51FE3A6EB223FC55F56147FFFC55CD459D6F1DE7C7C30AFE9A7FD63B958BEF33DFD88398E652D5EB54659BFFAEAAB5716FB81BFB8DEBE7DFBBEAD9F0CB6F4FB48F19715C55F86B92DFF9F76FB47E250BC1D3B7654E3E3E3D5A953A7AAF3E7CFCFCE65711AFF8FF3E3F2CE43F6E6D232C77147A81FC877D50FE873232323D3F503FE6AD3E3FC63B983070F7E373C3C7C2DAE1FE3A463D33B8ABFAC28FE72B4E7B8A4C46F37E638EE3C7387C15CACB7DC5B9B376FFEEED0A143DF9F3871E2EAB973E7665F09D4A7D7EAFF5FAECBFEDBB1B1B13856365E455F74384B19147F5951FCE569CF710B94FACD628EE3CE37F7ED57FB07060626067FFCD18BF62F5EC5E9D4DCF9FB7D5B5559147F5951FCE532C7017704C55F56143F005929FEB2A2F801C84AF19715C50F40568ABFAC287E00B252FC6545F1039095E22F2B8A1F80AC147F5951FC0064A5F8CB8AE207202BC55F56143F005929FEB2A2F801C84AF19715C50F40568ABFAC287E00B252FC6545F1039095E22F2B8A1F80AC147F5951FC0064A5F8CB8AE207202BC55F56143F005929FEB2A2F801C84AF19715C50F40568ABFAC287E00B252FC6545F10390D5F8F87875F9F2E5790524BD4F7D3F4C2B7E00B23A7AF4E8CCE4E4E4BC1292DEE7F3CF3FFFA22EFEA9F43E0280AE397CF8F0F623478EB42626265AB6FCFB93FAEF3E5397FEE775E9C716FF33E97D04005D1565135B9AB19B59FA96F8FB3F93DE37000000000000000000000000000000000000DCA6FF03AB19D854557D5BAE0000000049454E44AE426082, 1);
INSERT INTO `ACT_GE_BYTEARRAY` VALUES ('35002', 1, 'leave.bpmn20.xml', '35001', 0x3C3F786D6C2076657273696F6E3D22312E302220656E636F64696E673D225554462D38223F3E0A3C646566696E6974696F6E7320786D6C6E733D22687474703A2F2F7777772E6F6D672E6F72672F737065632F42504D4E2F32303130303532342F4D4F44454C2220786D6C6E733A7873693D22687474703A2F2F7777772E77332E6F72672F323030312F584D4C536368656D612D696E7374616E63652220786D6C6E733A7873643D22687474703A2F2F7777772E77332E6F72672F323030312F584D4C536368656D612220786D6C6E733A61637469766974693D22687474703A2F2F61637469766974692E6F72672F62706D6E2220786D6C6E733A62706D6E64693D22687474703A2F2F7777772E6F6D672E6F72672F737065632F42504D4E2F32303130303532342F44492220786D6C6E733A6F6D6764633D22687474703A2F2F7777772E6F6D672E6F72672F737065632F44442F32303130303532342F44432220786D6C6E733A6F6D6764693D22687474703A2F2F7777772E6F6D672E6F72672F737065632F44442F32303130303532342F44492220747970654C616E67756167653D22687474703A2F2F7777772E77332E6F72672F323030312F584D4C536368656D61222065787072657373696F6E4C616E67756167653D22687474703A2F2F7777772E77332E6F72672F313939392F585061746822207461726765744E616D6573706163653D22687474703A2F2F7777772E61637469766974692E6F72672F70726F63657373646566223E0A20203C70726F636573732069643D2270726F6365737322206E616D653D22E8AFB7E58187E6B581E7A88B2220697345786563757461626C653D2274727565223E0A202020203C646F63756D656E746174696F6E3EE8AFB7E58187E6B581E7A88B3C2F646F63756D656E746174696F6E3E0A202020203C73746172744576656E742069643D227369642D30383841414438442D393133392D343931362D423442372D304538394434453737324544223E3C2F73746172744576656E743E0A202020203C757365725461736B2069643D227369642D42383330454343322D453438432D344136372D423542352D304231353032313330423435223E3C2F757365725461736B3E0A202020203C73657175656E6365466C6F772069643D227369642D42453244463942442D433335302D344141412D383431362D4234434239373445454439342220736F757263655265663D227369642D30383841414438442D393133392D343931362D423442372D30453839443445373732454422207461726765745265663D227369642D42383330454343322D453438432D344136372D423542352D304231353032313330423435223E3C2F73657175656E6365466C6F773E0A202020203C656E644576656E742069643D227369642D34373641414131352D314431312D343543392D413035362D353438384236444534374436223E3C2F656E644576656E743E0A202020203C73657175656E6365466C6F772069643D227369642D44384534433644452D423545302D344133452D414234322D3246413643414239383541382220736F757263655265663D227369642D42383330454343322D453438432D344136372D423542352D30423135303231333042343522207461726765745265663D227369642D34373641414131352D314431312D343543392D413035362D353438384236444534374436223E3C2F73657175656E6365466C6F773E0A20203C2F70726F636573733E0A20203C62706D6E64693A42504D4E4469616772616D2069643D2242504D4E4469616772616D5F70726F63657373223E0A202020203C62706D6E64693A42504D4E506C616E652062706D6E456C656D656E743D2270726F63657373222069643D2242504D4E506C616E655F70726F63657373223E0A2020202020203C62706D6E64693A42504D4E53686170652062706D6E456C656D656E743D227369642D30383841414438442D393133392D343931362D423442372D304538394434453737324544222069643D2242504D4E53686170655F7369642D30383841414438442D393133392D343931362D423442372D304538394434453737324544223E0A20202020202020203C6F6D6764633A426F756E6473206865696768743D2233302E30222077696474683D2233302E302220783D223135382E33393939393939393939393939382220793D223133332E30223E3C2F6F6D6764633A426F756E64733E0A2020202020203C2F62706D6E64693A42504D4E53686170653E0A2020202020203C62706D6E64693A42504D4E53686170652062706D6E456C656D656E743D227369642D42383330454343322D453438432D344136372D423542352D304231353032313330423435222069643D2242504D4E53686170655F7369642D42383330454343322D453438432D344136372D423542352D304231353032313330423435223E0A20202020202020203C6F6D6764633A426F756E6473206865696768743D2238302E30222077696474683D223130302E302220783D223237382E342220793D223130382E30223E3C2F6F6D6764633A426F756E64733E0A2020202020203C2F62706D6E64693A42504D4E53686170653E0A2020202020203C62706D6E64693A42504D4E53686170652062706D6E456C656D656E743D227369642D34373641414131352D314431312D343543392D413035362D353438384236444534374436222069643D2242504D4E53686170655F7369642D34373641414131352D314431312D343543392D413035362D353438384236444534374436223E0A20202020202020203C6F6D6764633A426F756E6473206865696768743D2232382E30222077696474683D2232382E302220783D223437322E342220793D223133342E30223E3C2F6F6D6764633A426F756E64733E0A2020202020203C2F62706D6E64693A42504D4E53686170653E0A2020202020203C62706D6E64693A42504D4E456467652062706D6E456C656D656E743D227369642D44384534433644452D423545302D344133452D414234322D324641364341423938354138222069643D2242504D4E456467655F7369642D44384534433644452D423545302D344133452D414234322D324641364341423938354138223E0A20202020202020203C6F6D6764693A776179706F696E7420783D223337382E342220793D223134382E30223E3C2F6F6D6764693A776179706F696E743E0A20202020202020203C6F6D6764693A776179706F696E7420783D223437322E342220793D223134382E30223E3C2F6F6D6764693A776179706F696E743E0A2020202020203C2F62706D6E64693A42504D4E456467653E0A2020202020203C62706D6E64693A42504D4E456467652062706D6E456C656D656E743D227369642D42453244463942442D433335302D344141412D383431362D423443423937344545443934222069643D2242504D4E456467655F7369642D42453244463942442D433335302D344141412D383431362D423443423937344545443934223E0A20202020202020203C6F6D6764693A776179706F696E7420783D223138382E33393939393939393939393939382220793D223134382E30223E3C2F6F6D6764693A776179706F696E743E0A20202020202020203C6F6D6764693A776179706F696E7420783D223237382E342220793D223134382E30223E3C2F6F6D6764693A776179706F696E743E0A2020202020203C2F62706D6E64693A42504D4E456467653E0A202020203C2F62706D6E64693A42504D4E506C616E653E0A20203C2F62706D6E64693A42504D4E4469616772616D3E0A3C2F646566696E6974696F6E733E, 0);
INSERT INTO `ACT_GE_BYTEARRAY` VALUES ('35003', 1, 'leave.process.png', '35001', 0x89504E470D0A1A0A0000000D49484452000001FE000000C608060000003331E25100000AEA49444154785EEDDD6F8F54D51D07F0BE80BE9BBE02E3C33EE903647775595CFF8044144D58944283F6014842D4482349492CE9032A6952933635882E1851316993462B624A408DA5EC8A08E81A4076E7F6FED61D339C5DE0B23B67E62CF97C926F0666EE9C3BD99939DFB977E6CEFCEC6700000000000000000000000000000000000000000000000000000000000000000000000000000000000000000000000000000000000000000000000000000000000000000000000000000000000000000000000000000000000000000000000000000000000000000000000000000000000000000000000000000000000000000000000000000000000000000000000000000000000000000000000000000000000000000000000000000000000000000000000000000000000000000000000000000000000000000000000000000000000000000000B0CC5455F5F3D3A74F7F79ECD8B16A7C7CBC7AF3CD37A5C789BFFBD1A347670E1F3EBC3DBD7F00A0ABA2F4DF79E79D6A7272B2BA7CF97275F5EA55E971E2EF1E7FFF23478EB4EA1702CFA4F71100744D6CE947E9A46524BDCFC4C44414FF547A1F0140D7C46E665BFA6524EE87D8F59FDE4700D0355134690149FFA2F801C8AA69F14F5D3C5B9DFEC71FAAE36FFD7636F1EF382F5D4E9616C50F40564D8AFFBB0B67AA8FDFF84DF5E1DFC7AE4B9C1797A5CBCBE2A3F801C8AA49F17F79FCAFF34ABF9DFF1EFFDBBCE565F151FC0064D5A4F84F1CD939AFF0DB89CBD2E565F151FC0064D5A4F83F7EF3997985DF4E5C962E2F8B8FE207202BC55F56143F00593529FEF8147F5AF8EDC465E9F2B2F8287E00B26A52FC27DFFBDDBCC26F272E4B9797C547F103905593E23F7FE6A3EAE343DBE6957E9C1797A5CBCBE2A3F801C8AA49F1473EFBE71FE7157F9C972E274B8BE20720AB46C57FE54A75F2FD3DF38A3FCE8BCBE62D2F8B8EE20720AB5B157F7C33DF7FDEDB3DAFF4DB89CB7C7B5FF7A2F801C8EA86C55F6FC99F3D79B8FAF7C15FCF2BFB34B14C2C6BEB7FE951FC0064B550F1DF6A2BFF46B1F5BFF4287E00B25AA8F89B6CE5DF2871DD743C691EC50F40560B157F5AE6B79B743C691EC50F40560B15BFF42F8A1F80AC147F5951FC0064A5F8CB8AE207202BC55F56143FB06C1C387060F59E3D7BBED8B66DDBCCA64D9BAA471E79A41A1C1C9C3DDDB871636BEBD6ADD32FBDF4D2C9175E78E197E975E91FC55F56147FB9EEB9E79E5FD473DAFE81818189FA74AACE74CC7173A75373E7EF8FE5D2EBC21D65EFDEBD7F79FAE9A75B0F3DF450F5F2CB2F571F7CF04175EAD4A9EAFCF9F35588D3F87F9C1F97C772636363333B77EEFC7D3A16BDA7F8CB8AE22FCFCA952B9FAC0BFDE25CC937CDC5B85E3A162C6B75E1AFABB7E2679E78E289EAD8B163D5CCCCCC6CD1DF4A2C17CBC7F59E7AEAA9E9CD9B37FF2A1D9BDE51FC6545F197A32EEEBBEA023FB740A9DF4ECEC538E9D8B0ECECD9B3E7CF6BD6ACA95E7FFDF56A7A7A3AEDF646E27A71FDD803B06DDBB6DDE93AE80DC55F56147F19EAB2DE549776ABB3C457AD5A55EDD8B1A31A1F1F5F70AF669C1F97C77249F9B762BC741DB06C3CFFFCF3FF8AF7ED3FFDF4D3A4CA1727C689F1EA2DFF37D275919FE22F2B8ABFFF8686865EA9F35371DF77DF7DD5DEBD7BAB0B172EA4D3D78262B9583EAED7F90220C64DD705C5DBB56BD7BEB56BD756939393E9637D4962BCD883F0E4934FEE48D7495E8ABFAC28FEFE9ADBD2FFA9ACD7AF5F5F7DF6D967E994D5485C2FAEDF399E2D7F9695679F7D7620CAB95B5BFAA9183776FBAF58B1E2EE74DDE4A3F8CB8AE2EF9F987B62B77CBBA4B76CD9525DBA74299DAA6E4B5C3FC6E928FF96398E65636C6CEC87784F3EA718FFD1471FFD3E5D37F928FEB2A2F8FBA72EE5AF3AB7F4975AFA6D314EB2E5FF55BA6E28CED6AD5B776DD8B061D11FE46B2AC67FECB1C7AAD5AB57DB1DD6238ABFAC28FEFE983B646FB698E3BDF9C5EEDEBF9118AFF33D7F87FA51BCC71F7F7C3A0EC1EB8558CFDAB56BAFA4B7813C147F5951FCFD5197F1A57629C707F37288713BB6FA2FA5B7018A11DF42F5E0830F363E4E7FA9623DA3A3A3956FBF5A9AA1A1A10B759E48CF4F29FEB2A2F8BBABC9F360EE1BF9660B390EC56BFAE9FDDB15E3761EEA678EA3581B376E3C12DFB8D74BBB77EF8EDD6207D2DB4273EDC9E556139FE22F2B8ABFBB9A3C0F060606FED45EEEB9E79E4BA7A3AE8AF1DBEB8AF5A6B7058AB061C386A95EEDE66F8BF53DF0C0035FA7B785E63A7629DE74E253FC6545F1775793E7417DFE99F6E56FBDF5563A1D75558CDF717BCE74DE0E28C6BA75EBA64F9F3E9D3E7EB38AF5D5C57F35BD2D34974E78379AF8147F5951FCDD953EFE177A1E0CFEF8833BB3E7E79EEB62FC8EDB3195DE5E28C2E8E868EB9B6FBE491FBF59C5FA4646465AE96DA1B974A24BD39EF8147F5951FCDD953EEED3C4F360B0E3D8FDDC735D8CDFB1FEE9F4F64211E210946BD7AEA58FDFAC627DE91354F244F19795F4FE91DE26F75C97CE6DE97C0B45B8FFFEFBFBB2C5BF6AD5AA99F4B6D05C3AA1B563577FD9B1C5DF5DE9E37FA1E741FDFFE9F6F9B9E73A5BFC2C0B6BD6ACB996FB7DAF54AC6F6464E4727A5B68EE66135D27C55F56147F7735791E0C7A8F1FAE179FAEEFF5A7FADF7DF7DD56FDE4FC5F7A5B68EE66135D27C55F56147F7735791E0CFA543F5C2F8E357DF1C5175BE90338A7EDDBB7FFE018D7A5B9D944D749F19715C5DF5D4D9E078EE387447CBBD4EAD5AB7BFACD7DC3C3C32DDF6AD51B8ABFAC28FEDEF3CD7DB080FAC13AF5FEFBEFA78FE32CDE7EFBEDE9FA15BAEFB1EE11C55F56147F7F0CFAAE7EB85EFC92D4C30F3FDCEAC5AFF38D8E8ECEF8E5AADE51FC6545F1F7875FE783050C0F0F7FFDDA6BAF65DDDF7FE0C081AB837EABBAA7147F5951FCFD13734FBB98D7AF5F5F5DBA74299DA21625C689F13AB6F6CD712C0F2B56ACB8BB7EC53AF3C9279F64F9A0DF471F7D347DEFBDF7CEC47AD275938FE22F2B8ABF7F62EE19ECF816BF2D5BB62CB9FCE3FA314E47E9B7CC712C2B2B57AEDC141FBC9B9898481FDF4B72F6ECD999785111E3A7EB242FC55F56147F7FC51CD451D2B35BEA8BDDED1FD74BB6F46317BF398EE5676868E895BAFC678E1F3FDE95DDFE1F7EF8E10FB1A51FE3A6EB223FC55F56147FFFC55CD459D6F1DE7C7C30AFE9A7FD63B958BEF33DFD88398E652D5EB54659BFFAEAAB5716FB81BFB8DEBE7DFBBEAD9F0CB6F4FB48F19715C55F86B92DFF9F76FB47E250BC1D3B7654E3E3E3D5A953A7AAF3E7CFCFCE65711AFF8FF3E3F2CE43F6E6D232C77147A81FC877D50FE873232323D3F503FE6AD3E3FC63B983070F7E373C3C7C2DAE1FE3A463D33B8ABFAC28FE72B4E7B8A4C46F37E638EE3C7387C15CACB7DC5B9B376FFEEED0A143DF9F3871E2EAB973E7665F09D4A7D7EAFF5FAECBFEDBB1B1B13856365E455F74384B19147F5951FCE569CF710B94FACD628EE3CE37F7ED57FB07060626067FFCD18BF62F5EC5E9D4DCF9FB7D5B5559147F5951FCE532C7017704C55F56143F005929FEB2A2F801C84AF19715C50F40568ABFAC287E00B252FC6545F1039095E22F2B8A1F80AC147F5951FC0064A5F8CB8AE207202BC55F56143F005929FEB2A2F801C84AF19715C50F40568ABFAC287E00B252FC6545F1039095E22F2B8A1F80AC147F5951FC0064A5F8CB8AE207202BC55F56143F005929FEB2A2F801C84AF19715C50F40568ABFAC287E00B252FC6545F10390D5F8F87875F9F2E5790524BD4F7D3F4C2B7E00B23A7AF4E8CCE4E4E4BC1292DEE7F3CF3FFFA22EFEA9F43E0280AE397CF8F0F623478EB42626265AB6FCFB93FAEF3E5397FEE775E9C716FF33E97D04005D1565135B9AB19B59FA96F8FB3F93DE37000000000000000000000000000000000000DCA6FF03AB19D854557D5BAE0000000049454E44AE426082, 1);
INSERT INTO `ACT_GE_BYTEARRAY` VALUES ('37502', 1, 'leave.bpmn20.xml', '37501', 0x3C3F786D6C2076657273696F6E3D22312E302220656E636F64696E673D225554462D38223F3E0A3C646566696E6974696F6E7320786D6C6E733D22687474703A2F2F7777772E6F6D672E6F72672F737065632F42504D4E2F32303130303532342F4D4F44454C2220786D6C6E733A7873693D22687474703A2F2F7777772E77332E6F72672F323030312F584D4C536368656D612D696E7374616E63652220786D6C6E733A7873643D22687474703A2F2F7777772E77332E6F72672F323030312F584D4C536368656D612220786D6C6E733A61637469766974693D22687474703A2F2F61637469766974692E6F72672F62706D6E2220786D6C6E733A62706D6E64693D22687474703A2F2F7777772E6F6D672E6F72672F737065632F42504D4E2F32303130303532342F44492220786D6C6E733A6F6D6764633D22687474703A2F2F7777772E6F6D672E6F72672F737065632F44442F32303130303532342F44432220786D6C6E733A6F6D6764693D22687474703A2F2F7777772E6F6D672E6F72672F737065632F44442F32303130303532342F44492220747970654C616E67756167653D22687474703A2F2F7777772E77332E6F72672F323030312F584D4C536368656D61222065787072657373696F6E4C616E67756167653D22687474703A2F2F7777772E77332E6F72672F313939392F585061746822207461726765744E616D6573706163653D22687474703A2F2F7777772E61637469766974692E6F72672F70726F63657373646566223E0A20203C70726F636573732069643D2270726F6365737322206E616D653D22E8AFB7E58187E6B581E7A88B2220697345786563757461626C653D2274727565223E0A202020203C646F63756D656E746174696F6E3EE8AFB7E58187E6B581E7A88B3C2F646F63756D656E746174696F6E3E0A202020203C73746172744576656E742069643D227369642D30383841414438442D393133392D343931362D423442372D304538394434453737324544223E3C2F73746172744576656E743E0A202020203C757365725461736B2069643D227369642D42383330454343322D453438432D344136372D423542352D304231353032313330423435223E3C2F757365725461736B3E0A202020203C73657175656E6365466C6F772069643D227369642D42453244463942442D433335302D344141412D383431362D4234434239373445454439342220736F757263655265663D227369642D30383841414438442D393133392D343931362D423442372D30453839443445373732454422207461726765745265663D227369642D42383330454343322D453438432D344136372D423542352D304231353032313330423435223E3C2F73657175656E6365466C6F773E0A202020203C656E644576656E742069643D227369642D34373641414131352D314431312D343543392D413035362D353438384236444534374436223E3C2F656E644576656E743E0A202020203C73657175656E6365466C6F772069643D227369642D44384534433644452D423545302D344133452D414234322D3246413643414239383541382220736F757263655265663D227369642D42383330454343322D453438432D344136372D423542352D30423135303231333042343522207461726765745265663D227369642D34373641414131352D314431312D343543392D413035362D353438384236444534374436223E3C2F73657175656E6365466C6F773E0A20203C2F70726F636573733E0A20203C62706D6E64693A42504D4E4469616772616D2069643D2242504D4E4469616772616D5F70726F63657373223E0A202020203C62706D6E64693A42504D4E506C616E652062706D6E456C656D656E743D2270726F63657373222069643D2242504D4E506C616E655F70726F63657373223E0A2020202020203C62706D6E64693A42504D4E53686170652062706D6E456C656D656E743D227369642D30383841414438442D393133392D343931362D423442372D304538394434453737324544222069643D2242504D4E53686170655F7369642D30383841414438442D393133392D343931362D423442372D304538394434453737324544223E0A20202020202020203C6F6D6764633A426F756E6473206865696768743D2233302E30222077696474683D2233302E302220783D223135382E33393939393939393939393939382220793D223133332E30223E3C2F6F6D6764633A426F756E64733E0A2020202020203C2F62706D6E64693A42504D4E53686170653E0A2020202020203C62706D6E64693A42504D4E53686170652062706D6E456C656D656E743D227369642D42383330454343322D453438432D344136372D423542352D304231353032313330423435222069643D2242504D4E53686170655F7369642D42383330454343322D453438432D344136372D423542352D304231353032313330423435223E0A20202020202020203C6F6D6764633A426F756E6473206865696768743D2238302E30222077696474683D223130302E302220783D223237382E342220793D223130382E30223E3C2F6F6D6764633A426F756E64733E0A2020202020203C2F62706D6E64693A42504D4E53686170653E0A2020202020203C62706D6E64693A42504D4E53686170652062706D6E456C656D656E743D227369642D34373641414131352D314431312D343543392D413035362D353438384236444534374436222069643D2242504D4E53686170655F7369642D34373641414131352D314431312D343543392D413035362D353438384236444534374436223E0A20202020202020203C6F6D6764633A426F756E6473206865696768743D2232382E30222077696474683D2232382E302220783D223437322E342220793D223133342E30223E3C2F6F6D6764633A426F756E64733E0A2020202020203C2F62706D6E64693A42504D4E53686170653E0A2020202020203C62706D6E64693A42504D4E456467652062706D6E456C656D656E743D227369642D44384534433644452D423545302D344133452D414234322D324641364341423938354138222069643D2242504D4E456467655F7369642D44384534433644452D423545302D344133452D414234322D324641364341423938354138223E0A20202020202020203C6F6D6764693A776179706F696E7420783D223337382E342220793D223134382E30223E3C2F6F6D6764693A776179706F696E743E0A20202020202020203C6F6D6764693A776179706F696E7420783D223437322E342220793D223134382E30223E3C2F6F6D6764693A776179706F696E743E0A2020202020203C2F62706D6E64693A42504D4E456467653E0A2020202020203C62706D6E64693A42504D4E456467652062706D6E456C656D656E743D227369642D42453244463942442D433335302D344141412D383431362D423443423937344545443934222069643D2242504D4E456467655F7369642D42453244463942442D433335302D344141412D383431362D423443423937344545443934223E0A20202020202020203C6F6D6764693A776179706F696E7420783D223138382E33393939393939393939393939382220793D223134382E30223E3C2F6F6D6764693A776179706F696E743E0A20202020202020203C6F6D6764693A776179706F696E7420783D223237382E342220793D223134382E30223E3C2F6F6D6764693A776179706F696E743E0A2020202020203C2F62706D6E64693A42504D4E456467653E0A202020203C2F62706D6E64693A42504D4E506C616E653E0A20203C2F62706D6E64693A42504D4E4469616772616D3E0A3C2F646566696E6974696F6E733E, 0);
INSERT INTO `ACT_GE_BYTEARRAY` VALUES ('37503', 1, 'leave.process.png', '37501', 0x89504E470D0A1A0A0000000D49484452000001FE000000C608060000003331E25100000AEA49444154785EEDDD6F8F54D51D07F0BE80BE9BBE02E3C33EE903647775595CFF8044144D58944283F6014842D4482349492CE9032A6952933635882E1851316993462B624A408DA5EC8A08E81A4076E7F6FED61D339C5DE0B23B67E62CF97C926F0666EE9C3BD99939DFB977E6CEFCEC6700000000000000000000000000000000000000000000000000000000000000000000000000000000000000000000000000000000000000000000000000000000000000000000000000000000000000000000000000000000000000000000000000000000000000000000000000000000000000000000000000000000000000000000000000000000000000000000000000000000000000000000000000000000000000000000000000000000000000000000000000000000000000000000000000000000000000000000000000000000000000000000B0CC5455F5F3D3A74F7F79ECD8B16A7C7CBC7AF3CD37A5C789BFFBD1A347670E1F3EBC3DBD7F00A0ABA2F4DF79E79D6A7272B2BA7CF97275F5EA55E971E2EF1E7FFF23478EB4EA1702CFA4F71100744D6CE947E9A46524BDCFC4C44414FF547A1F0140D7C46E665BFA6524EE87D8F59FDE4700D0355134690149FFA2F801C8AA69F14F5D3C5B9DFEC71FAAE36FFD7636F1EF382F5D4E9616C50F40564D8AFFBB0B67AA8FDFF84DF5E1DFC7AE4B9C1797A5CBCBE2A3F801C8AA49F17F79FCAFF34ABF9DFF1EFFDBBCE565F151FC0064D5A4F84F1CD939AFF0DB89CBD2E565F151FC0064D5A4F83F7EF3997985DF4E5C962E2F8B8FE207202BC55F56143F00593529FEF8147F5AF8EDC465E9F2B2F8287E00B26A52FC27DFFBDDBCC26F272E4B9797C547F103905593E23F7FE6A3EAE343DBE6957E9C1797A5CBCBE2A3F801C8AA49F1473EFBE71FE7157F9C972E274B8BE20720AB46C57FE54A75F2FD3DF38A3FCE8BCBE62D2F8B8EE20720AB5B157F7C33DF7FDEDB3DAFF4DB89CB7C7B5FF7A2F801C8EA86C55F6FC99F3D79B8FAF7C15FCF2BFB34B14C2C6BEB7FE951FC0064B550F1DF6A2BFF46B1F5BFF4287E00B25AA8F89B6CE5DF2871DD743C691EC50F40560B157F5AE6B79B743C691EC50F40560B15BFF42F8A1F80AC147F5951FC0064A5F8CB8AE207202BC55F56143FB06C1C387060F59E3D7BBED8B66DDBCCA64D9BAA471E79A41A1C1C9C3DDDB871636BEBD6ADD32FBDF4D2C9175E78E197E975E91FC55F56147FB9EEB9E79E5FD473DAFE81818189FA74AACE74CC7173A75373E7EF8FE5D2EBC21D65EFDEBD7F79FAE9A75B0F3DF450F5F2CB2F571F7CF04175EAD4A9EAFCF9F35588D3F87F9C1F97C772636363333B77EEFC7D3A16BDA7F8CB8AE22FCFCA952B9FAC0BFDE25CC937CDC5B85E3A162C6B75E1AFABB7E2679E78E289EAD8B163D5CCCCCC6CD1DF4A2C17CBC7F59E7AEAA9E9CD9B37FF2A1D9BDE51FC6545F197A32EEEBBEA023FB740A9DF4ECEC538E9D8B0ECECD9B3E7CF6BD6ACA95E7FFDF56A7A7A3AEDF646E27A71FDD803B06DDBB6DDE93AE80DC55F56147F19EAB2DE549776ABB3C457AD5A55EDD8B1A31A1F1F5F70AF669C1F97C77249F9B762BC741DB06C3CFFFCF3FF8AF7ED3FFDF4D3A4CA1727C689F1EA2DFF37D275919FE22F2B8ABFFF8686865EA9F35371DF77DF7DD5DEBD7BAB0B172EA4D3D78262B9583EAED7F90220C64DD705C5DBB56BD7BEB56BD756939393E9637D4962BCD883F0E4934FEE48D7495E8ABFAC28FEFE9ADBD2FFA9ACD7AF5F5F7DF6D967E994D5485C2FAEDF399E2D7F9695679F7D7620CAB95B5BFAA9183776FBAF58B1E2EE74DDE4A3F8CB8AE2EF9F987B62B77CBBA4B76CD9525DBA74299DAA6E4B5C3FC6E928FF96398E65636C6CEC87784F3EA718FFD1471FFD3E5D37F928FEB2A2F8FBA72EE5AF3AB7F4975AFA6D314EB2E5FF55BA6E28CED6AD5B776DD8B061D11FE46B2AC67FECB1C7AAD5AB57DB1DD6238ABFAC28FEFE983B646FB698E3BDF9C5EEDEBF9118AFF33D7F87FA51BCC71F7F7C3A0EC1EB8558CFDAB56BAFA4B7813C147F5951FCFD5197F1A57629C707F37288713BB6FA2FA5B7018A11DF42F5E0830F363E4E7FA9623DA3A3A3956FBF5A9AA1A1A10B759E48CF4F29FEB2A2F8BBABC9F360EE1BF9660B390EC56BFAE9FDDB15E3761EEA678EA3581B376E3C12DFB8D74BBB77EF8EDD6207D2DB4273EDC9E556139FE22F2B8ABFBB9A3C0F060606FED45EEEB9E79E4BA7A3AE8AF1DBEB8AF5A6B7058AB061C386A95EEDE66F8BF53DF0C0035FA7B785E63A7629DE74E253FC6545F1775793E7417DFE99F6E56FBDF5563A1D75558CDF717BCE74DE0E28C6BA75EBA64F9F3E9D3E7EB38AF5D5C57F35BD2D34974E78379AF8147F5951FCDD953EFE177A1E0CFEF8833BB3E7E79EEB62FC8EDB3195DE5E28C2E8E868EB9B6FBE491FBF59C5FA4646465AE96DA1B974A24BD39EF8147F5951FCDD953EEED3C4F360B0E3D8FDDC735D8CDFB1FEE9F4F64211E210946BD7AEA58FDFAC627DE91354F244F19795F4FE91DE26F75C97CE6DE97C0B45B8FFFEFBFBB2C5BF6AD5AA99F4B6D05C3AA1B563577FD9B1C5DF5DE9E37FA1E741FDFFE9F6F9B9E73A5BFC2C0B6BD6ACB996FB7DAF54AC6F6464E4727A5B68EE66135D27C55F56147F7735791E0C7A8F1FAE179FAEEFF5A7FADF7DF7DD56FDE4FC5F7A5B68EE66135D27C55F56147F7735791E0CFA543F5C2F8E357DF1C5175BE90338A7EDDBB7FFE018D7A5B9D944D749F19715C5DF5D4D9E078EE387447CBBD4EAD5AB7BFACD7DC3C3C32DDF6AD51B8ABFAC28FEDEF3CD7DB080FAC13AF5FEFBEFA78FE32CDE7EFBEDE9FA15BAEFB1EE11C55F56147F7F0CFAAE7EB85EFC92D4C30F3FDCEAC5AFF38D8E8ECEF8E5AADE51FC6545F1F7875FE783050C0F0F7FFDDA6BAF65DDDF7FE0C081AB837EABBAA7147F5951FCFD13734FBB98D7AF5F5F5DBA74299DA21625C689F13AB6F6CD712C0F2B56ACB8BB7EC53AF3C9279F64F9A0DF471F7D347DEFBDF7CEC47AD275938FE22F2B8ABF7F62EE19ECF816BF2D5BB62CB9FCE3FA314E47E9B7CC712C2B2B57AEDC141FBC9B9898481FDF4B72F6ECD999785111E3A7EB242FC55F56147F7FC51CD451D2B35BEA8BDDED1FD74BB6F46317BF398EE5676868E895BAFC678E1F3FDE95DDFE1F7EF8E10FB1A51FE3A6EB223FC55F56147FFFC55CD459D6F1DE7C7C30AFE9A7FD63B958BEF33DFD88398E652D5EB54659BFFAEAAB5716FB81BFB8DEBE7DFBBEAD9F0CB6F4FB48F19715C55F86B92DFF9F76FB47E250BC1D3B7654E3E3E3D5A953A7AAF3E7CFCFCE65711AFF8FF3E3F2CE43F6E6D232C77147A81FC877D50FE873232323D3F503FE6AD3E3FC63B983070F7E373C3C7C2DAE1FE3A463D33B8ABFAC28FE72B4E7B8A4C46F37E638EE3C7387C15CACB7DC5B9B376FFEEED0A143DF9F3871E2EAB973E7665F09D4A7D7EAFF5FAECBFEDBB1B1B13856365E455F74384B19147F5951FCE569CF710B94FACD628EE3CE37F7ED57FB07060626067FFCD18BF62F5EC5E9D4DCF9FB7D5B5559147F5951FCE532C7017704C55F56143F005929FEB2A2F801C84AF19715C50F40568ABFAC287E00B252FC6545F1039095E22F2B8A1F80AC147F5951FC0064A5F8CB8AE207202BC55F56143F005929FEB2A2F801C84AF19715C50F40568ABFAC287E00B252FC6545F1039095E22F2B8A1F80AC147F5951FC0064A5F8CB8AE207202BC55F56143F005929FEB2A2F801C84AF19715C50F40568ABFAC287E00B252FC6545F10390D5F8F87875F9F2E5790524BD4F7D3F4C2B7E00B23A7AF4E8CCE4E4E4BC1292DEE7F3CF3FFFA22EFEA9F43E0280AE397CF8F0F623478EB42626265AB6FCFB93FAEF3E5397FEE775E9C716FF33E97D04005D1565135B9AB19B59FA96F8FB3F93DE37000000000000000000000000000000000000DCA6FF03AB19D854557D5BAE0000000049454E44AE426082, 1);
INSERT INTO `ACT_GE_BYTEARRAY` VALUES ('40002', 1, 'leave.bpmn20.xml', '40001', 0x3C3F786D6C2076657273696F6E3D22312E302220656E636F64696E673D225554462D38223F3E0A3C646566696E6974696F6E7320786D6C6E733D22687474703A2F2F7777772E6F6D672E6F72672F737065632F42504D4E2F32303130303532342F4D4F44454C2220786D6C6E733A7873693D22687474703A2F2F7777772E77332E6F72672F323030312F584D4C536368656D612D696E7374616E63652220786D6C6E733A7873643D22687474703A2F2F7777772E77332E6F72672F323030312F584D4C536368656D612220786D6C6E733A61637469766974693D22687474703A2F2F61637469766974692E6F72672F62706D6E2220786D6C6E733A62706D6E64693D22687474703A2F2F7777772E6F6D672E6F72672F737065632F42504D4E2F32303130303532342F44492220786D6C6E733A6F6D6764633D22687474703A2F2F7777772E6F6D672E6F72672F737065632F44442F32303130303532342F44432220786D6C6E733A6F6D6764693D22687474703A2F2F7777772E6F6D672E6F72672F737065632F44442F32303130303532342F44492220747970654C616E67756167653D22687474703A2F2F7777772E77332E6F72672F323030312F584D4C536368656D61222065787072657373696F6E4C616E67756167653D22687474703A2F2F7777772E77332E6F72672F313939392F585061746822207461726765744E616D6573706163653D22687474703A2F2F7777772E61637469766974692E6F72672F70726F63657373646566223E0A20203C70726F636573732069643D2270726F6365737322206E616D653D22E8AFB7E58187E6B581E7A88B2220697345786563757461626C653D2274727565223E0A202020203C646F63756D656E746174696F6E3EE8AFB7E58187E6B581E7A88B3C2F646F63756D656E746174696F6E3E0A202020203C73746172744576656E742069643D227369642D30383841414438442D393133392D343931362D423442372D304538394434453737324544223E3C2F73746172744576656E743E0A202020203C757365725461736B2069643D227369642D42383330454343322D453438432D344136372D423542352D304231353032313330423435223E3C2F757365725461736B3E0A202020203C73657175656E6365466C6F772069643D227369642D42453244463942442D433335302D344141412D383431362D4234434239373445454439342220736F757263655265663D227369642D30383841414438442D393133392D343931362D423442372D30453839443445373732454422207461726765745265663D227369642D42383330454343322D453438432D344136372D423542352D304231353032313330423435223E3C2F73657175656E6365466C6F773E0A202020203C656E644576656E742069643D227369642D34373641414131352D314431312D343543392D413035362D353438384236444534374436223E3C2F656E644576656E743E0A202020203C73657175656E6365466C6F772069643D227369642D44384534433644452D423545302D344133452D414234322D3246413643414239383541382220736F757263655265663D227369642D42383330454343322D453438432D344136372D423542352D30423135303231333042343522207461726765745265663D227369642D34373641414131352D314431312D343543392D413035362D353438384236444534374436223E3C2F73657175656E6365466C6F773E0A20203C2F70726F636573733E0A20203C62706D6E64693A42504D4E4469616772616D2069643D2242504D4E4469616772616D5F70726F63657373223E0A202020203C62706D6E64693A42504D4E506C616E652062706D6E456C656D656E743D2270726F63657373222069643D2242504D4E506C616E655F70726F63657373223E0A2020202020203C62706D6E64693A42504D4E53686170652062706D6E456C656D656E743D227369642D30383841414438442D393133392D343931362D423442372D304538394434453737324544222069643D2242504D4E53686170655F7369642D30383841414438442D393133392D343931362D423442372D304538394434453737324544223E0A20202020202020203C6F6D6764633A426F756E6473206865696768743D2233302E30222077696474683D2233302E302220783D223135382E33393939393939393939393939382220793D223133332E30223E3C2F6F6D6764633A426F756E64733E0A2020202020203C2F62706D6E64693A42504D4E53686170653E0A2020202020203C62706D6E64693A42504D4E53686170652062706D6E456C656D656E743D227369642D42383330454343322D453438432D344136372D423542352D304231353032313330423435222069643D2242504D4E53686170655F7369642D42383330454343322D453438432D344136372D423542352D304231353032313330423435223E0A20202020202020203C6F6D6764633A426F756E6473206865696768743D2238302E30222077696474683D223130302E302220783D223237382E342220793D223130382E30223E3C2F6F6D6764633A426F756E64733E0A2020202020203C2F62706D6E64693A42504D4E53686170653E0A2020202020203C62706D6E64693A42504D4E53686170652062706D6E456C656D656E743D227369642D34373641414131352D314431312D343543392D413035362D353438384236444534374436222069643D2242504D4E53686170655F7369642D34373641414131352D314431312D343543392D413035362D353438384236444534374436223E0A20202020202020203C6F6D6764633A426F756E6473206865696768743D2232382E30222077696474683D2232382E302220783D223437322E342220793D223133342E30223E3C2F6F6D6764633A426F756E64733E0A2020202020203C2F62706D6E64693A42504D4E53686170653E0A2020202020203C62706D6E64693A42504D4E456467652062706D6E456C656D656E743D227369642D44384534433644452D423545302D344133452D414234322D324641364341423938354138222069643D2242504D4E456467655F7369642D44384534433644452D423545302D344133452D414234322D324641364341423938354138223E0A20202020202020203C6F6D6764693A776179706F696E7420783D223337382E342220793D223134382E30223E3C2F6F6D6764693A776179706F696E743E0A20202020202020203C6F6D6764693A776179706F696E7420783D223437322E342220793D223134382E30223E3C2F6F6D6764693A776179706F696E743E0A2020202020203C2F62706D6E64693A42504D4E456467653E0A2020202020203C62706D6E64693A42504D4E456467652062706D6E456C656D656E743D227369642D42453244463942442D433335302D344141412D383431362D423443423937344545443934222069643D2242504D4E456467655F7369642D42453244463942442D433335302D344141412D383431362D423443423937344545443934223E0A20202020202020203C6F6D6764693A776179706F696E7420783D223138382E33393939393939393939393939382220793D223134382E30223E3C2F6F6D6764693A776179706F696E743E0A20202020202020203C6F6D6764693A776179706F696E7420783D223237382E342220793D223134382E30223E3C2F6F6D6764693A776179706F696E743E0A2020202020203C2F62706D6E64693A42504D4E456467653E0A202020203C2F62706D6E64693A42504D4E506C616E653E0A20203C2F62706D6E64693A42504D4E4469616772616D3E0A3C2F646566696E6974696F6E733E, 0);
INSERT INTO `ACT_GE_BYTEARRAY` VALUES ('40003', 1, 'leave.process.png', '40001', 0x89504E470D0A1A0A0000000D49484452000001FE000000C608060000003331E25100000AEA49444154785EEDDD6F8F54D51D07F0BE80BE9BBE02E3C33EE903647775595CFF8044144D58944283F6014842D4482349492CE9032A6952933635882E1851316993462B624A408DA5EC8A08E81A4076E7F6FED61D339C5DE0B23B67E62CF97C926F0666EE9C3BD99939DFB977E6CEFCEC6700000000000000000000000000000000000000000000000000000000000000000000000000000000000000000000000000000000000000000000000000000000000000000000000000000000000000000000000000000000000000000000000000000000000000000000000000000000000000000000000000000000000000000000000000000000000000000000000000000000000000000000000000000000000000000000000000000000000000000000000000000000000000000000000000000000000000000000000000000000000000000000B0CC5455F5F3D3A74F7F79ECD8B16A7C7CBC7AF3CD37A5C789BFFBD1A347670E1F3EBC3DBD7F00A0ABA2F4DF79E79D6A7272B2BA7CF97275F5EA55E971E2EF1E7FFF23478EB4EA1702CFA4F71100744D6CE947E9A46524BDCFC4C44414FF547A1F0140D7C46E665BFA6524EE87D8F59FDE4700D0355134690149FFA2F801C8AA69F14F5D3C5B9DFEC71FAAE36FFD7636F1EF382F5D4E9616C50F40564D8AFFBB0B67AA8FDFF84DF5E1DFC7AE4B9C1797A5CBCBE2A3F801C8AA49F17F79FCAFF34ABF9DFF1EFFDBBCE565F151FC0064D5A4F84F1CD939AFF0DB89CBD2E565F151FC0064D5A4F83F7EF3997985DF4E5C962E2F8B8FE207202BC55F56143F00593529FEF8147F5AF8EDC465E9F2B2F8287E00B26A52FC27DFFBDDBCC26F272E4B9797C547F103905593E23F7FE6A3EAE343DBE6957E9C1797A5CBCBE2A3F801C8AA49F1473EFBE71FE7157F9C972E274B8BE20720AB46C57FE54A75F2FD3DF38A3FCE8BCBE62D2F8B8EE20720AB5B157F7C33DF7FDEDB3DAFF4DB89CB7C7B5FF7A2F801C8EA86C55F6FC99F3D79B8FAF7C15FCF2BFB34B14C2C6BEB7FE951FC0064B550F1DF6A2BFF46B1F5BFF4287E00B25AA8F89B6CE5DF2871DD743C691EC50F40560B157F5AE6B79B743C691EC50F40560B15BFF42F8A1F80AC147F5951FC0064A5F8CB8AE207202BC55F56143FB06C1C387060F59E3D7BBED8B66DDBCCA64D9BAA471E79A41A1C1C9C3DDDB871636BEBD6ADD32FBDF4D2C9175E78E197E975E91FC55F56147FB9EEB9E79E5FD473DAFE81818189FA74AACE74CC7173A75373E7EF8FE5D2EBC21D65EFDEBD7F79FAE9A75B0F3DF450F5F2CB2F571F7CF04175EAD4A9EAFCF9F35588D3F87F9C1F97C772636363333B77EEFC7D3A16BDA7F8CB8AE22FCFCA952B9FAC0BFDE25CC937CDC5B85E3A162C6B75E1AFABB7E2679E78E289EAD8B163D5CCCCCC6CD1DF4A2C17CBC7F59E7AEAA9E9CD9B37FF2A1D9BDE51FC6545F197A32EEEBBEA023FB740A9DF4ECEC538E9D8B0ECECD9B3E7CF6BD6ACA95E7FFDF56A7A7A3AEDF646E27A71FDD803B06DDBB6DDE93AE80DC55F56147F19EAB2DE549776ABB3C457AD5A55EDD8B1A31A1F1F5F70AF669C1F97C77249F9B762BC741DB06C3CFFFCF3FF8AF7ED3FFDF4D3A4CA1727C689F1EA2DFF37D275919FE22F2B8ABFFF8686865EA9F35371DF77DF7DD5DEBD7BAB0B172EA4D3D78262B9583EAED7F90220C64DD705C5DBB56BD7BEB56BD756939393E9637D4962BCD883F0E4934FEE48D7495E8ABFAC28FEFE9ADBD2FFA9ACD7AF5F5F7DF6D967E994D5485C2FAEDF399E2D7F9695679F7D7620CAB95B5BFAA9183776FBAF58B1E2EE74DDE4A3F8CB8AE2EF9F987B62B77CBBA4B76CD9525DBA74299DAA6E4B5C3FC6E928FF96398E65636C6CEC87784F3EA718FFD1471FFD3E5D37F928FEB2A2F8FBA72EE5AF3AB7F4975AFA6D314EB2E5FF55BA6E28CED6AD5B776DD8B061D11FE46B2AC67FECB1C7AAD5AB57DB1DD6238ABFAC28FEFE983B646FB698E3BDF9C5EEDEBF9118AFF33D7F87FA51BCC71F7F7C3A0EC1EB8558CFDAB56BAFA4B7813C147F5951FCFD5197F1A57629C707F37288713BB6FA2FA5B7018A11DF42F5E0830F363E4E7FA9623DA3A3A3956FBF5A9AA1A1A10B759E48CF4F29FEB2A2F8BBABC9F360EE1BF9660B390EC56BFAE9FDDB15E3761EEA678EA3581B376E3C12DFB8D74BBB77EF8EDD6207D2DB4273EDC9E556139FE22F2B8ABFBB9A3C0F060606FED45EEEB9E79E4BA7A3AE8AF1DBEB8AF5A6B7058AB061C386A95EEDE66F8BF53DF0C0035FA7B785E63A7629DE74E253FC6545F1775793E7417DFE99F6E56FBDF5563A1D75558CDF717BCE74DE0E28C6BA75EBA64F9F3E9D3E7EB38AF5D5C57F35BD2D34974E78379AF8147F5951FCDD953EFE177A1E0CFEF8833BB3E7E79EEB62FC8EDB3195DE5E28C2E8E868EB9B6FBE491FBF59C5FA4646465AE96DA1B974A24BD39EF8147F5951FCDD953EEED3C4F360B0E3D8FDDC735D8CDFB1FEE9F4F64211E210946BD7AEA58FDFAC627DE91354F244F19795F4FE91DE26F75C97CE6DE97C0B45B8FFFEFBFBB2C5BF6AD5AA99F4B6D05C3AA1B563577FD9B1C5DF5DE9E37FA1E741FDFFE9F6F9B9E73A5BFC2C0B6BD6ACB996FB7DAF54AC6F6464E4727A5B68EE66135D27C55F56147F7735791E0C7A8F1FAE179FAEEFF5A7FADF7DF7DD56FDE4FC5F7A5B68EE66135D27C55F56147F7735791E0CFA543F5C2F8E357DF1C5175BE90338A7EDDBB7FFE018D7A5B9D944D749F19715C5DF5D4D9E078EE387447CBBD4EAD5AB7BFACD7DC3C3C32DDF6AD51B8ABFAC28FEDEF3CD7DB080FAC13AF5FEFBEFA78FE32CDE7EFBEDE9FA15BAEFB1EE11C55F56147F7F0CFAAE7EB85EFC92D4C30F3FDCEAC5AFF38D8E8ECEF8E5AADE51FC6545F1F7875FE783050C0F0F7FFDDA6BAF65DDDF7FE0C081AB837EABBAA7147F5951FCFD13734FBB98D7AF5F5F5DBA74299DA21625C689F13AB6F6CD712C0F2B56ACB8BB7EC53AF3C9279F64F9A0DF471F7D347DEFBDF7CEC47AD275938FE22F2B8ABF7F62EE19ECF816BF2D5BB62CB9FCE3FA314E47E9B7CC712C2B2B57AEDC141FBC9B9898481FDF4B72F6ECD999785111E3A7EB242FC55F56147F7FC51CD451D2B35BEA8BDDED1FD74BB6F46317BF398EE5676868E895BAFC678E1F3FDE95DDFE1F7EF8E10FB1A51FE3A6EB223FC55F56147FFFC55CD459D6F1DE7C7C30AFE9A7FD63B958BEF33DFD88398E652D5EB54659BFFAEAAB5716FB81BFB8DEBE7DFBBEAD9F0CB6F4FB48F19715C55F86B92DFF9F76FB47E250BC1D3B7654E3E3E3D5A953A7AAF3E7CFCFCE65711AFF8FF3E3F2CE43F6E6D232C77147A81FC877D50FE873232323D3F503FE6AD3E3FC63B983070F7E373C3C7C2DAE1FE3A463D33B8ABFAC28FE72B4E7B8A4C46F37E638EE3C7387C15CACB7DC5B9B376FFEEED0A143DF9F3871E2EAB973E7665F09D4A7D7EAFF5FAECBFEDBB1B1B13856365E455F74384B19147F5951FCE569CF710B94FACD628EE3CE37F7ED57FB07060626067FFCD18BF62F5EC5E9D4DCF9FB7D5B5559147F5951FCE532C7017704C55F56143F005929FEB2A2F801C84AF19715C50F40568ABFAC287E00B252FC6545F1039095E22F2B8A1F80AC147F5951FC0064A5F8CB8AE207202BC55F56143F005929FEB2A2F801C84AF19715C50F40568ABFAC287E00B252FC6545F1039095E22F2B8A1F80AC147F5951FC0064A5F8CB8AE207202BC55F56143F005929FEB2A2F801C84AF19715C50F40568ABFAC287E00B252FC6545F10390D5F8F87875F9F2E5790524BD4F7D3F4C2B7E00B23A7AF4E8CCE4E4E4BC1292DEE7F3CF3FFFA22EFEA9F43E0280AE397CF8F0F623478EB42626265AB6FCFB93FAEF3E5397FEE775E9C716FF33E97D04005D1565135B9AB19B59FA96F8FB3F93DE37000000000000000000000000000000000000DCA6FF03AB19D854557D5BAE0000000049454E44AE426082, 1);
INSERT INTO `ACT_GE_BYTEARRAY` VALUES ('42502', 1, 'leave.bpmn20.xml', '42501', 0x3C3F786D6C2076657273696F6E3D22312E302220656E636F64696E673D225554462D38223F3E0A3C646566696E6974696F6E7320786D6C6E733D22687474703A2F2F7777772E6F6D672E6F72672F737065632F42504D4E2F32303130303532342F4D4F44454C2220786D6C6E733A7873693D22687474703A2F2F7777772E77332E6F72672F323030312F584D4C536368656D612D696E7374616E63652220786D6C6E733A7873643D22687474703A2F2F7777772E77332E6F72672F323030312F584D4C536368656D612220786D6C6E733A61637469766974693D22687474703A2F2F61637469766974692E6F72672F62706D6E2220786D6C6E733A62706D6E64693D22687474703A2F2F7777772E6F6D672E6F72672F737065632F42504D4E2F32303130303532342F44492220786D6C6E733A6F6D6764633D22687474703A2F2F7777772E6F6D672E6F72672F737065632F44442F32303130303532342F44432220786D6C6E733A6F6D6764693D22687474703A2F2F7777772E6F6D672E6F72672F737065632F44442F32303130303532342F44492220747970654C616E67756167653D22687474703A2F2F7777772E77332E6F72672F323030312F584D4C536368656D61222065787072657373696F6E4C616E67756167653D22687474703A2F2F7777772E77332E6F72672F313939392F585061746822207461726765744E616D6573706163653D22687474703A2F2F7777772E61637469766974692E6F72672F70726F63657373646566223E0A20203C70726F636573732069643D2270726F6365737322206E616D653D22E8AFB7E58187E6B581E7A88B2220697345786563757461626C653D2274727565223E0A202020203C646F63756D656E746174696F6E3EE8AFB7E58187E6B581E7A88B3C2F646F63756D656E746174696F6E3E0A202020203C73746172744576656E742069643D227369642D30383841414438442D393133392D343931362D423442372D304538394434453737324544223E3C2F73746172744576656E743E0A202020203C757365725461736B2069643D227369642D42383330454343322D453438432D344136372D423542352D304231353032313330423435223E3C2F757365725461736B3E0A202020203C73657175656E6365466C6F772069643D227369642D42453244463942442D433335302D344141412D383431362D4234434239373445454439342220736F757263655265663D227369642D30383841414438442D393133392D343931362D423442372D30453839443445373732454422207461726765745265663D227369642D42383330454343322D453438432D344136372D423542352D304231353032313330423435223E3C2F73657175656E6365466C6F773E0A202020203C656E644576656E742069643D227369642D34373641414131352D314431312D343543392D413035362D353438384236444534374436223E3C2F656E644576656E743E0A202020203C73657175656E6365466C6F772069643D227369642D44384534433644452D423545302D344133452D414234322D3246413643414239383541382220736F757263655265663D227369642D42383330454343322D453438432D344136372D423542352D30423135303231333042343522207461726765745265663D227369642D34373641414131352D314431312D343543392D413035362D353438384236444534374436223E3C2F73657175656E6365466C6F773E0A20203C2F70726F636573733E0A20203C62706D6E64693A42504D4E4469616772616D2069643D2242504D4E4469616772616D5F70726F63657373223E0A202020203C62706D6E64693A42504D4E506C616E652062706D6E456C656D656E743D2270726F63657373222069643D2242504D4E506C616E655F70726F63657373223E0A2020202020203C62706D6E64693A42504D4E53686170652062706D6E456C656D656E743D227369642D30383841414438442D393133392D343931362D423442372D304538394434453737324544222069643D2242504D4E53686170655F7369642D30383841414438442D393133392D343931362D423442372D304538394434453737324544223E0A20202020202020203C6F6D6764633A426F756E6473206865696768743D2233302E30222077696474683D2233302E302220783D223135382E33393939393939393939393939382220793D223133332E30223E3C2F6F6D6764633A426F756E64733E0A2020202020203C2F62706D6E64693A42504D4E53686170653E0A2020202020203C62706D6E64693A42504D4E53686170652062706D6E456C656D656E743D227369642D42383330454343322D453438432D344136372D423542352D304231353032313330423435222069643D2242504D4E53686170655F7369642D42383330454343322D453438432D344136372D423542352D304231353032313330423435223E0A20202020202020203C6F6D6764633A426F756E6473206865696768743D2238302E30222077696474683D223130302E302220783D223237382E342220793D223130382E30223E3C2F6F6D6764633A426F756E64733E0A2020202020203C2F62706D6E64693A42504D4E53686170653E0A2020202020203C62706D6E64693A42504D4E53686170652062706D6E456C656D656E743D227369642D34373641414131352D314431312D343543392D413035362D353438384236444534374436222069643D2242504D4E53686170655F7369642D34373641414131352D314431312D343543392D413035362D353438384236444534374436223E0A20202020202020203C6F6D6764633A426F756E6473206865696768743D2232382E30222077696474683D2232382E302220783D223437322E342220793D223133342E30223E3C2F6F6D6764633A426F756E64733E0A2020202020203C2F62706D6E64693A42504D4E53686170653E0A2020202020203C62706D6E64693A42504D4E456467652062706D6E456C656D656E743D227369642D44384534433644452D423545302D344133452D414234322D324641364341423938354138222069643D2242504D4E456467655F7369642D44384534433644452D423545302D344133452D414234322D324641364341423938354138223E0A20202020202020203C6F6D6764693A776179706F696E7420783D223337382E342220793D223134382E30223E3C2F6F6D6764693A776179706F696E743E0A20202020202020203C6F6D6764693A776179706F696E7420783D223437322E342220793D223134382E30223E3C2F6F6D6764693A776179706F696E743E0A2020202020203C2F62706D6E64693A42504D4E456467653E0A2020202020203C62706D6E64693A42504D4E456467652062706D6E456C656D656E743D227369642D42453244463942442D433335302D344141412D383431362D423443423937344545443934222069643D2242504D4E456467655F7369642D42453244463942442D433335302D344141412D383431362D423443423937344545443934223E0A20202020202020203C6F6D6764693A776179706F696E7420783D223138382E33393939393939393939393939382220793D223134382E30223E3C2F6F6D6764693A776179706F696E743E0A20202020202020203C6F6D6764693A776179706F696E7420783D223237382E342220793D223134382E30223E3C2F6F6D6764693A776179706F696E743E0A2020202020203C2F62706D6E64693A42504D4E456467653E0A202020203C2F62706D6E64693A42504D4E506C616E653E0A20203C2F62706D6E64693A42504D4E4469616772616D3E0A3C2F646566696E6974696F6E733E, 0);
INSERT INTO `ACT_GE_BYTEARRAY` VALUES ('42503', 1, 'leave.process.png', '42501', 0x89504E470D0A1A0A0000000D49484452000001FE000000C608060000003331E25100000AEA49444154785EEDDD6F8F54D51D07F0BE80BE9BBE02E3C33EE903647775595CFF8044144D58944283F6014842D4482349492CE9032A6952933635882E1851316993462B624A408DA5EC8A08E81A4076E7F6FED61D339C5DE0B23B67E62CF97C926F0666EE9C3BD99939DFB977E6CEFCEC6700000000000000000000000000000000000000000000000000000000000000000000000000000000000000000000000000000000000000000000000000000000000000000000000000000000000000000000000000000000000000000000000000000000000000000000000000000000000000000000000000000000000000000000000000000000000000000000000000000000000000000000000000000000000000000000000000000000000000000000000000000000000000000000000000000000000000000000000000000000000000000000B0CC5455F5F3D3A74F7F79ECD8B16A7C7CBC7AF3CD37A5C789BFFBD1A347670E1F3EBC3DBD7F00A0ABA2F4DF79E79D6A7272B2BA7CF97275F5EA55E971E2EF1E7FFF23478EB4EA1702CFA4F71100744D6CE947E9A46524BDCFC4C44414FF547A1F0140D7C46E665BFA6524EE87D8F59FDE4700D0355134690149FFA2F801C8AA69F14F5D3C5B9DFEC71FAAE36FFD7636F1EF382F5D4E9616C50F40564D8AFFBB0B67AA8FDFF84DF5E1DFC7AE4B9C1797A5CBCBE2A3F801C8AA49F17F79FCAFF34ABF9DFF1EFFDBBCE565F151FC0064D5A4F84F1CD939AFF0DB89CBD2E565F151FC0064D5A4F83F7EF3997985DF4E5C962E2F8B8FE207202BC55F56143F00593529FEF8147F5AF8EDC465E9F2B2F8287E00B26A52FC27DFFBDDBCC26F272E4B9797C547F103905593E23F7FE6A3EAE343DBE6957E9C1797A5CBCBE2A3F801C8AA49F1473EFBE71FE7157F9C972E274B8BE20720AB46C57FE54A75F2FD3DF38A3FCE8BCBE62D2F8B8EE20720AB5B157F7C33DF7FDEDB3DAFF4DB89CB7C7B5FF7A2F801C8EA86C55F6FC99F3D79B8FAF7C15FCF2BFB34B14C2C6BEB7FE951FC0064B550F1DF6A2BFF46B1F5BFF4287E00B25AA8F89B6CE5DF2871DD743C691EC50F40560B157F5AE6B79B743C691EC50F40560B15BFF42F8A1F80AC147F5951FC0064A5F8CB8AE207202BC55F56143FB06C1C387060F59E3D7BBED8B66DDBCCA64D9BAA471E79A41A1C1C9C3DDDB871636BEBD6ADD32FBDF4D2C9175E78E197E975E91FC55F56147FB9EEB9E79E5FD473DAFE81818189FA74AACE74CC7173A75373E7EF8FE5D2EBC21D65EFDEBD7F79FAE9A75B0F3DF450F5F2CB2F571F7CF04175EAD4A9EAFCF9F35588D3F87F9C1F97C772636363333B77EEFC7D3A16BDA7F8CB8AE22FCFCA952B9FAC0BFDE25CC937CDC5B85E3A162C6B75E1AFABB7E2679E78E289EAD8B163D5CCCCCC6CD1DF4A2C17CBC7F59E7AEAA9E9CD9B37FF2A1D9BDE51FC6545F197A32EEEBBEA023FB740A9DF4ECEC538E9D8B0ECECD9B3E7CF6BD6ACA95E7FFDF56A7A7A3AEDF646E27A71FDD803B06DDBB6DDE93AE80DC55F56147F19EAB2DE549776ABB3C457AD5A55EDD8B1A31A1F1F5F70AF669C1F97C77249F9B762BC741DB06C3CFFFCF3FF8AF7ED3FFDF4D3A4CA1727C689F1EA2DFF37D275919FE22F2B8ABFFF8686865EA9F35371DF77DF7DD5DEBD7BAB0B172EA4D3D78262B9583EAED7F90220C64DD705C5DBB56BD7BEB56BD756939393E9637D4962BCD883F0E4934FEE48D7495E8ABFAC28FEFE9ADBD2FFA9ACD7AF5F5F7DF6D967E994D5485C2FAEDF399E2D7F9695679F7D7620CAB95B5BFAA9183776FBAF58B1E2EE74DDE4A3F8CB8AE2EF9F987B62B77CBBA4B76CD9525DBA74299DAA6E4B5C3FC6E928FF96398E65636C6CEC87784F3EA718FFD1471FFD3E5D37F928FEB2A2F8FBA72EE5AF3AB7F4975AFA6D314EB2E5FF55BA6E28CED6AD5B776DD8B061D11FE46B2AC67FECB1C7AAD5AB57DB1DD6238ABFAC28FEFE983B646FB698E3BDF9C5EEDEBF9118AFF33D7F87FA51BCC71F7F7C3A0EC1EB8558CFDAB56BAFA4B7813C147F5951FCFD5197F1A57629C707F37288713BB6FA2FA5B7018A11DF42F5E0830F363E4E7FA9623DA3A3A3956FBF5A9AA1A1A10B759E48CF4F29FEB2A2F8BBABC9F360EE1BF9660B390EC56BFAE9FDDB15E3761EEA678EA3581B376E3C12DFB8D74BBB77EF8EDD6207D2DB4273EDC9E556139FE22F2B8ABFBB9A3C0F060606FED45EEEB9E79E4BA7A3AE8AF1DBEB8AF5A6B7058AB061C386A95EEDE66F8BF53DF0C0035FA7B785E63A7629DE74E253FC6545F1775793E7417DFE99F6E56FBDF5563A1D75558CDF717BCE74DE0E28C6BA75EBA64F9F3E9D3E7EB38AF5D5C57F35BD2D34974E78379AF8147F5951FCDD953EFE177A1E0CFEF8833BB3E7E79EEB62FC8EDB3195DE5E28C2E8E868EB9B6FBE491FBF59C5FA4646465AE96DA1B974A24BD39EF8147F5951FCDD953EEED3C4F360B0E3D8FDDC735D8CDFB1FEE9F4F64211E210946BD7AEA58FDFAC627DE91354F244F19795F4FE91DE26F75C97CE6DE97C0B45B8FFFEFBFBB2C5BF6AD5AA99F4B6D05C3AA1B563577FD9B1C5DF5DE9E37FA1E741FDFFE9F6F9B9E73A5BFC2C0B6BD6ACB996FB7DAF54AC6F6464E4727A5B68EE66135D27C55F56147F7735791E0C7A8F1FAE179FAEEFF5A7FADF7DF7DD56FDE4FC5F7A5B68EE66135D27C55F56147F7735791E0CFA543F5C2F8E357DF1C5175BE90338A7EDDBB7FFE018D7A5B9D944D749F19715C5DF5D4D9E078EE387447CBBD4EAD5AB7BFACD7DC3C3C32DDF6AD51B8ABFAC28FEDEF3CD7DB080FAC13AF5FEFBEFA78FE32CDE7EFBEDE9FA15BAEFB1EE11C55F56147F7F0CFAAE7EB85EFC92D4C30F3FDCEAC5AFF38D8E8ECEF8E5AADE51FC6545F1F7875FE783050C0F0F7FFDDA6BAF65DDDF7FE0C081AB837EABBAA7147F5951FCFD13734FBB98D7AF5F5F5DBA74299DA21625C689F13AB6F6CD712C0F2B56ACB8BB7EC53AF3C9279F64F9A0DF471F7D347DEFBDF7CEC47AD275938FE22F2B8ABF7F62EE19ECF816BF2D5BB62CB9FCE3FA314E47E9B7CC712C2B2B57AEDC141FBC9B9898481FDF4B72F6ECD999785111E3A7EB242FC55F56147F7FC51CD451D2B35BEA8BDDED1FD74BB6F46317BF398EE5676868E895BAFC678E1F3FDE95DDFE1F7EF8E10FB1A51FE3A6EB223FC55F56147FFFC55CD459D6F1DE7C7C30AFE9A7FD63B958BEF33DFD88398E652D5EB54659BFFAEAAB5716FB81BFB8DEBE7DFBBEAD9F0CB6F4FB48F19715C55F86B92DFF9F76FB47E250BC1D3B7654E3E3E3D5A953A7AAF3E7CFCFCE65711AFF8FF3E3F2CE43F6E6D232C77147A81FC877D50FE873232323D3F503FE6AD3E3FC63B983070F7E373C3C7C2DAE1FE3A463D33B8ABFAC28FE72B4E7B8A4C46F37E638EE3C7387C15CACB7DC5B9B376FFEEED0A143DF9F3871E2EAB973E7665F09D4A7D7EAFF5FAECBFEDBB1B1B13856365E455F74384B19147F5951FCE569CF710B94FACD628EE3CE37F7ED57FB07060626067FFCD18BF62F5EC5E9D4DCF9FB7D5B5559147F5951FCE532C7017704C55F56143F005929FEB2A2F801C84AF19715C50F40568ABFAC287E00B252FC6545F1039095E22F2B8A1F80AC147F5951FC0064A5F8CB8AE207202BC55F56143F005929FEB2A2F801C84AF19715C50F40568ABFAC287E00B252FC6545F1039095E22F2B8A1F80AC147F5951FC0064A5F8CB8AE207202BC55F56143F005929FEB2A2F801C84AF19715C50F40568ABFAC287E00B252FC6545F10390D5F8F87875F9F2E5790524BD4F7D3F4C2B7E00B23A7AF4E8CCE4E4E4BC1292DEE7F3CF3FFFA22EFEA9F43E0280AE397CF8F0F623478EB42626265AB6FCFB93FAEF3E5397FEE775E9C716FF33E97D04005D1565135B9AB19B59FA96F8FB3F93DE37000000000000000000000000000000000000DCA6FF03AB19D854557D5BAE0000000049454E44AE426082, 1);
INSERT INTO `ACT_GE_BYTEARRAY` VALUES ('45002', 1, 'leave.bpmn20.xml', '45001', 0x3C3F786D6C2076657273696F6E3D22312E302220656E636F64696E673D225554462D38223F3E0A3C646566696E6974696F6E7320786D6C6E733D22687474703A2F2F7777772E6F6D672E6F72672F737065632F42504D4E2F32303130303532342F4D4F44454C2220786D6C6E733A7873693D22687474703A2F2F7777772E77332E6F72672F323030312F584D4C536368656D612D696E7374616E63652220786D6C6E733A7873643D22687474703A2F2F7777772E77332E6F72672F323030312F584D4C536368656D612220786D6C6E733A61637469766974693D22687474703A2F2F61637469766974692E6F72672F62706D6E2220786D6C6E733A62706D6E64693D22687474703A2F2F7777772E6F6D672E6F72672F737065632F42504D4E2F32303130303532342F44492220786D6C6E733A6F6D6764633D22687474703A2F2F7777772E6F6D672E6F72672F737065632F44442F32303130303532342F44432220786D6C6E733A6F6D6764693D22687474703A2F2F7777772E6F6D672E6F72672F737065632F44442F32303130303532342F44492220747970654C616E67756167653D22687474703A2F2F7777772E77332E6F72672F323030312F584D4C536368656D61222065787072657373696F6E4C616E67756167653D22687474703A2F2F7777772E77332E6F72672F313939392F585061746822207461726765744E616D6573706163653D22687474703A2F2F7777772E61637469766974692E6F72672F70726F63657373646566223E0A20203C70726F636573732069643D2270726F6365737322206E616D653D22E8AFB7E58187E6B581E7A88B2220697345786563757461626C653D2274727565223E0A202020203C646F63756D656E746174696F6E3EE8AFB7E58187E6B581E7A88B3C2F646F63756D656E746174696F6E3E0A202020203C73746172744576656E742069643D227369642D30383841414438442D393133392D343931362D423442372D304538394434453737324544223E3C2F73746172744576656E743E0A202020203C757365725461736B2069643D227369642D42383330454343322D453438432D344136372D423542352D30423135303231333042343522206E616D653D22313131223E3C2F757365725461736B3E0A202020203C73657175656E6365466C6F772069643D227369642D42453244463942442D433335302D344141412D383431362D4234434239373445454439342220736F757263655265663D227369642D30383841414438442D393133392D343931362D423442372D30453839443445373732454422207461726765745265663D227369642D42383330454343322D453438432D344136372D423542352D304231353032313330423435223E3C2F73657175656E6365466C6F773E0A202020203C656E644576656E742069643D227369642D34373641414131352D314431312D343543392D413035362D353438384236444534374436223E3C2F656E644576656E743E0A202020203C73657175656E6365466C6F772069643D227369642D44384534433644452D423545302D344133452D414234322D3246413643414239383541382220736F757263655265663D227369642D42383330454343322D453438432D344136372D423542352D30423135303231333042343522207461726765745265663D227369642D34373641414131352D314431312D343543392D413035362D353438384236444534374436223E3C2F73657175656E6365466C6F773E0A20203C2F70726F636573733E0A20203C62706D6E64693A42504D4E4469616772616D2069643D2242504D4E4469616772616D5F70726F63657373223E0A202020203C62706D6E64693A42504D4E506C616E652062706D6E456C656D656E743D2270726F63657373222069643D2242504D4E506C616E655F70726F63657373223E0A2020202020203C62706D6E64693A42504D4E53686170652062706D6E456C656D656E743D227369642D30383841414438442D393133392D343931362D423442372D304538394434453737324544222069643D2242504D4E53686170655F7369642D30383841414438442D393133392D343931362D423442372D304538394434453737324544223E0A20202020202020203C6F6D6764633A426F756E6473206865696768743D2233302E30222077696474683D2233302E302220783D223135382E33393939393939393939393939382220793D223133332E30223E3C2F6F6D6764633A426F756E64733E0A2020202020203C2F62706D6E64693A42504D4E53686170653E0A2020202020203C62706D6E64693A42504D4E53686170652062706D6E456C656D656E743D227369642D42383330454343322D453438432D344136372D423542352D304231353032313330423435222069643D2242504D4E53686170655F7369642D42383330454343322D453438432D344136372D423542352D304231353032313330423435223E0A20202020202020203C6F6D6764633A426F756E6473206865696768743D2238302E30222077696474683D223130302E302220783D223237382E342220793D223130382E30223E3C2F6F6D6764633A426F756E64733E0A2020202020203C2F62706D6E64693A42504D4E53686170653E0A2020202020203C62706D6E64693A42504D4E53686170652062706D6E456C656D656E743D227369642D34373641414131352D314431312D343543392D413035362D353438384236444534374436222069643D2242504D4E53686170655F7369642D34373641414131352D314431312D343543392D413035362D353438384236444534374436223E0A20202020202020203C6F6D6764633A426F756E6473206865696768743D2232382E30222077696474683D2232382E302220783D223437322E342220793D223133342E30223E3C2F6F6D6764633A426F756E64733E0A2020202020203C2F62706D6E64693A42504D4E53686170653E0A2020202020203C62706D6E64693A42504D4E456467652062706D6E456C656D656E743D227369642D44384534433644452D423545302D344133452D414234322D324641364341423938354138222069643D2242504D4E456467655F7369642D44384534433644452D423545302D344133452D414234322D324641364341423938354138223E0A20202020202020203C6F6D6764693A776179706F696E7420783D223337382E342220793D223134382E30223E3C2F6F6D6764693A776179706F696E743E0A20202020202020203C6F6D6764693A776179706F696E7420783D223437322E342220793D223134382E30223E3C2F6F6D6764693A776179706F696E743E0A2020202020203C2F62706D6E64693A42504D4E456467653E0A2020202020203C62706D6E64693A42504D4E456467652062706D6E456C656D656E743D227369642D42453244463942442D433335302D344141412D383431362D423443423937344545443934222069643D2242504D4E456467655F7369642D42453244463942442D433335302D344141412D383431362D423443423937344545443934223E0A20202020202020203C6F6D6764693A776179706F696E7420783D223138382E33393939393939393939393939382220793D223134382E30223E3C2F6F6D6764693A776179706F696E743E0A20202020202020203C6F6D6764693A776179706F696E7420783D223237382E342220793D223134382E30223E3C2F6F6D6764693A776179706F696E743E0A2020202020203C2F62706D6E64693A42504D4E456467653E0A202020203C2F62706D6E64693A42504D4E506C616E653E0A20203C2F62706D6E64693A42504D4E4469616772616D3E0A3C2F646566696E6974696F6E733E, 0);
INSERT INTO `ACT_GE_BYTEARRAY` VALUES ('45003', 1, 'leave.process.png', '45001', 0x89504E470D0A1A0A0000000D49484452000001FE000000C608060000003331E25100000B3149444154785EEDDDDF8F54E51D0760FF80FE378D7726C678D90B7B81ECAE2E8BEB0F9088A2098B5268D05E8026468D349294C49A5E5049939AB4A9F1D7821115933669B4A2A606D458CB6E11015D83C8EE9C9EEFBA638677173CBB3BEFCC3BE479924F16CE9C79CF6467E6FDCC393367F69A6B0000000000000000000000000000000000000000000000000000000000000000000000000000000000000000000000000000000000000000000000000000000000000000000000000000000000000000000000000000000000000000000000000000000000000000000000000000000000000000000000000000000000000000000000000000000000000000000000000000000000000000000000000000000000000000000000000000000000000000000000000000000000000000000000000000000000000000000000000000000000000000000060C05455F5B313274E7C7EF4E8D16A7272B27AF5D557A5C789DFFB912347E60E1D3AB43BBD7F00A0ABA2F4DF78E38D6A7A7ABA3A7FFE7C75E1C205E971E2F71EBFFFC3870FB7EA17020FA7F71100744DECE947E9A46524BDCFD4D45414FF4C7A1F0140D7C461667BFA6524EE8738F49FDE4700D0355134690149FFA2F801C8AA69F1CF9C3D599DF8FBEFAB63AFFD663EF1EF5896AE27AB8BE20720AB26C5FFCD992FAAF75FFE75F5EEDF262E492C8BCBD2F565E551FC0064D5A4F83F3FF69745A5DFCE7F8EFD75D1FAB2F2287E00B26A52FC1F1E7E6C51E1B71397A5EBCBCAA3F801C8AA49F1BFFFEAC38B0ABF9DB82C5D5F561EC50F40568ABFAC287E00B26A52FCF129FEB4F0DB89CBD2F565E551FC0064D5A4F83F7EEBB78B0ABF9DB82C5D5F561EC50F40564D8AFFF417EF55EFBFB26B51E9C7B2B82C5D5F561EC50F40564D8A3FF2C93FFEB0A8F86359BA9EAC2E8A1F80AC1A15FF77DF551FBFBD6F51F1C7B2B86CD1FAB2E2287E00B2FAA9E28F6FE6FBF75B7B17957E3B71996FEFEB5E143F00595DB6F8EB3DF9931F1FAAFEF5D2AF16957D9A5827D6B5F7BFFA287E00B25AAAF87F6A2FFF72B1F7BFFA287E00B25AAAF89BECE55F2E71DD743C691EC50F40564B157F5AE6CB4D3A9E348FE20720ABA58A5FFA17C50F40568ABFAC287E00B252FC6545F1039095E22F2B8A1F1818070F1E5CBF6FDFBECF76EDDA35B76DDBB6EAEEBBEFAE868787E77F6EDDBAB5B573E7CED9A79F7EFAE3279F7CF217E975E91FC55F56147FB96EBEF9E69FD773DA81A1A1A1A9FAE74C9DD998E3167ECE2C2C3F10EBA5D785ABCAFEFDFBFFFCD0430FB5EEBCF3CEEA99679EA9DE79E79DEAF8F1E3D5E9D3A7AB103FE3FFB13C2E8FF5262626E61E7BECB1DFA563D17B8ABFAC28FEF2AC5DBBF681BAD0CF2E947CD39C8DEBA563C140AB0B7F53BD173F77FFFDF757478F1EADE6E6E6E68BFEA7C47AB17E5CEFC1071F9CDDBE7DFB2FD3B1E91DC55F56147F39EAE2BEA12EF0534B94FA72722AC649C78681B36FDFBE3F6DD8B0A17AF1C517ABD9D9D9B4DB1B89EBC5F5E308C0AE5DBBF6A6DBA037147F5951FC65A8CB7A5B5DDAADCE125FB76E5DB567CF9E6A727272C9A39AB13C2E8FF592F26FC578E93660603CF1C413FF8CF7ED3FFAE8A3A4CA5726C689F1EA3DFF97D36D919FE22F2B8ABFFF4646469EADF36371DF7AEBADD5FEFDFBAB3367CEA4D3D79262BD583FAED7F90220C64DB705C57BFCF1C79FDBB87163353D3D9D3ED65725C68B23080F3CF0C09E749BE4A5F8CB8AE2EFAF853DFD1FCB7AF3E6CDD5279F7C924E598DC4F5E2FA9DE3D9F367A03CF2C8234351CEDDDAD34FC5B871D87FCD9A3537A6DB261FC55F56147FFFC4DC1387E5DB25BD63C78EEADCB973E954B52C71FD18A7A3FC5BE63806C6C4C4C4F7F19E7C4E31FE3DF7DCF36DBA6DF251FC6545F1F74F5DCAFFEBDCD35F6DE9B7C538C99EFFFFD26D437176EEDCF9F8962D5B56FC41BEA662FC7BEFBDB75ABF7EBDC3613DA2F8CB8AE2EF8F8553F6E68B39DE9B5FE9E1FDCB89F13ADFF377AA1FC5BBEFBEFB66E314BC5E88ED6CDCB8F1BBF4369087E22F2B8ABF3FEA323ED72EE5F8605E0E316EC75EFFB9F4364031E25BA8EEB8E38EC6E7E9AF566C677C7CBCF2ED57AB33323272A6CEFDE9F294E22F2B8ABFBB9A3C0F16BE916FBE90E354BCA69FDE5FAE18B7F3543F731CC5DABA75EBE1F8C6BD5EDABB776F1C163B98DE169A6B4F2E3F35F129FEB2A2F8BBABC9F3606868E88FEDF51E7DF4D1743AEAAA18BFBDADD86E7A5BA0085BB66C99E9D561FEB6D8DEEDB7DFFE657A5B68AEE390E215273EC55F56147F7735791ED4CBBF685FFEDA6BAFA5D35157C5F81DB7E78BCEDB01C5D8B469D3EC891327D2C76F56B1BDBAF82FA4B785E6D209EF72139FE22F2B8ABFBBD2C7FF52CF83E11FFEE0CEFCF2DC735D8CDF713B66D2DB0B45181F1F6F7DF5D557E9E337ABD8DED8D8582BBD2D34974E7469DA139FE22F2B8ABFBBD2C77D9A781E0C779CBB9F7BAE8BF13BB63F9BDE5E28429C8272F1E2C5F4F19B556C2F7D824A9E28FEB292DE3FD2DBE49EEBD2B92D9D6FA108B7DD765B5FF6F8D7AD5B3797DE169A4B27B47606F950FFCCCC4C75FDF5D7C764B9AAE525C71E7F77A58FFFA59E07F5FF67DBCB73CF75F6F819081B366CB898FB7DAF546C6F6C6CEC7C7A5B68EE4A135DA74129FEF8C0E775D75D375FE291952E2F3D8ABFBB9A3C0F86BDC70F978A4FD7F7FA53FD6FBEF966AB7E72FE37BD2D3477A589AED3A0147F7D53AB6BAFBD7651912F7779E951FCDDD5E47930EC53FD70A938D7F4A9A79E6AA50FE09C76EFDEFDBD735C57E74A135DA74129FE9B6EBAA93A79F2E4A2225FEEF2D2A3F8BBABC9F3C079FC90886F975ABF7E7D4FBFB96F7474B4E55BAD7A63508ABF9D6B2E53E4CB5D5E6A147FEFF9E63E5842FD609D79FBEDB7D3C77116AFBFFEFA6CFD0ADDF758F788E22F2B8ABF3F867D573F5C2AFE92D45D77DDD5EAC55FE71B1F1F9FF397AB7A47F19715C5DF1FFE3A1F2C617474F4CB175E7821EBF1FE83070F5E18F6B7AA7B4AF19715C5DF3F31F7B48B79F3E6CDD5B973E7D2296A45629C18AF636FDF1CC76058B366CD8DF52BD6B90F3EF820CB07FDDE7BEFBDD95B6EB9652EB6936E9B7C06ADF8AFF628FEFE89B967B8E35BFC76ECD8B1EAF28FEBC7381DA5DF32C73150D6AE5DBB2D3E78373535953EBE57E5E4C99373F1A222C64FB7495E8ABFAC28FEFE8A39A8A3A4E7F7D4577AD83FAE97ECE9C7217E731C83676464E4D9BAFCE78E1D3BD695C3FEEFBEFBEEF7B1A71FE3A6DB223FC55F56147FFFC55CD459D6F1DE7C7C30AFE9A7FD63BD58BFF33DFD88398E8116AF5AA3AC9F7FFEF9EF56FA81BFB8DE73CF3DF775FD64B0A7DF478ABFAC28FE322CECF9FF78D83F12A7E2EDD9B3A79A9C9CAC8E1F3F5E9D3E7D7A7E2E8B9FF1FF581E97779EB2B79096398EAB42FD40BEA17E409F1A1B1B9BAD1FF0179A9EE71FEBBDF4D24BDF8C8E8E5E8CEBC738E9D8F48EE22F2B8ABF1CED392E29F1E5C61CC7D567E13498B3F59E7B6BFBF6EDDFBCF2CA2BDF7EF8E187174E9D3A35FF4AA0FE79B1FEFFF9BAECBF9E9898887365E355F459A7B39441F19715C55F9EF61CB744A95F29E638AE7E0BDF7E75606868686AF8873F7AD1FE8B57F1736661F901DF565516C55F56147FB9CC71C05541F19715C50F40568ABFAC287E00B252FC6545F1039095E22F2B8A1F80AC147F5951FC0064A5F8CB8AE207202BC55F56143F005929FEB2A2F801C84AF19715C50F40568ABFAC287E00B252FC6545F1039095E22F2B8A1F80AC147F5951FC0064A5F8CB8AE207202BC55F56143F005929FEB2A2F801C84AF19715C50F40568ABFAC287E00B252FC6545F1039095E22F2B8A1F80AC147F5951FC0064353939599D3F7F7E510149EF53DF0FB38A1F80AC8E1C3932373D3DBDA884A4F7F9F4D34F3FAB8B7F26BD8F00A06B0E1D3AB4FBF0E1C3ADA9A9A9963DFFFEA4FEBDCFD5A5FF695DFAB1C7FF707A1F01405745D9C49E661C6696BE257EFF0FA7F70D000000000000000000000000000000000000CBF47F61A92FA6001B1F800000000049454E44AE426082, 1);
INSERT INTO `ACT_GE_BYTEARRAY` VALUES ('47502', 3, 'source', NULL, 0x7B227265736F757263654964223A223437353031222C2270726F70657274696573223A7B2270726F636573735F6964223A2270726F63657373222C226E616D65223A22222C22646F63756D656E746174696F6E223A22222C2270726F636573735F617574686F72223A22222C2270726F636573735F76657273696F6E223A22222C2270726F636573735F6E616D657370616365223A22687474703A2F2F7777772E61637469766974692E6F72672F70726F63657373646566222C22657865637574696F6E6C697374656E657273223A22222C226576656E746C697374656E657273223A22222C227369676E616C646566696E6974696F6E73223A22222C226D657373616765646566696E6974696F6E73223A22227D2C227374656E63696C223A7B226964223A2242504D4E4469616772616D227D2C226368696C64536861706573223A5B7B227265736F757263654964223A227369642D43424231433133392D463331352D344536322D394436442D304333373837363341373138222C2270726F70657274696573223A7B226F766572726964656964223A22222C226E616D65223A22222C22646F63756D656E746174696F6E223A22222C22657865637574696F6E6C697374656E657273223A22222C22696E69746961746F72223A22222C22666F726D6B6579646566696E6974696F6E223A22222C22666F726D70726F70657274696573223A22227D2C227374656E63696C223A7B226964223A2253746172744E6F6E654576656E74227D2C226368696C64536861706573223A5B5D2C226F7574676F696E67223A5B7B227265736F757263654964223A227369642D30313339443737362D364639352D344336352D413446422D413935393138464144374230227D5D2C22626F756E6473223A7B226C6F7765725269676874223A7B2278223A3136372E322C2279223A3136397D2C2275707065724C656674223A7B2278223A3133372E322C2279223A3133397D7D2C22646F636B657273223A5B5D7D2C7B227265736F757263654964223A227369642D44413235463938332D464530322D343642442D383934312D303236304644443834353246222C2270726F70657274696573223A7B226F766572726964656964223A22222C226E616D65223A22222C22646F63756D656E746174696F6E223A22222C226173796E6368726F6E6F7573646566696E6974696F6E223A2266616C7365222C226578636C7573697665646566696E6974696F6E223A2266616C7365222C22657865637574696F6E6C697374656E657273223A22222C226D756C7469696E7374616E63655F74797065223A224E6F6E65222C226D756C7469696E7374616E63655F63617264696E616C697479223A22222C226D756C7469696E7374616E63655F636F6C6C656374696F6E223A22222C226D756C7469696E7374616E63655F7661726961626C65223A22222C226D756C7469696E7374616E63655F636F6E646974696F6E223A22222C226973666F72636F6D70656E736174696F6E223A2266616C7365222C22757365727461736B61737369676E6D656E74223A22222C22666F726D6B6579646566696E6974696F6E223A22222C2264756564617465646566696E6974696F6E223A22222C227072696F72697479646566696E6974696F6E223A22222C22666F726D70726F70657274696573223A22222C227461736B6C697374656E657273223A22227D2C227374656E63696C223A7B226964223A22557365725461736B227D2C226368696C64536861706573223A5B5D2C226F7574676F696E67223A5B7B227265736F757263654964223A227369642D30423336353541352D413538452D343743312D383841452D303630333330393936463132227D2C7B227265736F757263654964223A227369642D43413038444334412D353846302D344545302D414233352D384146424430353330344533227D5D2C22626F756E6473223A7B226C6F7765725269676874223A7B2278223A3431352C2279223A3134307D2C2275707065724C656674223A7B2278223A3331352C2279223A36307D7D2C22646F636B657273223A5B5D7D2C7B227265736F757263654964223A227369642D30313339443737362D364639352D344336352D413446422D413935393138464144374230222C2270726F70657274696573223A7B226F766572726964656964223A22222C226E616D65223A22222C22646F63756D656E746174696F6E223A22222C22636F6E646974696F6E73657175656E6365666C6F77223A22222C22657865637574696F6E6C697374656E657273223A22222C2264656661756C74666C6F77223A2266616C7365227D2C227374656E63696C223A7B226964223A2253657175656E6365466C6F77227D2C226368696C64536861706573223A5B5D2C226F7574676F696E67223A5B7B227265736F757263654964223A227369642D44413235463938332D464530322D343642442D383934312D303236304644443834353246227D5D2C22626F756E6473223A7B226C6F7765725269676874223A7B2278223A3331342E36333335393337353030303030352C2279223A3135347D2C2275707065724C656674223A7B2278223A3136372E37383531353632352C2279223A3130307D7D2C22646F636B657273223A5B7B2278223A31352C2279223A31357D2C7B2278223A3234312E312C2279223A3135347D2C7B2278223A3234312E312C2279223A3130307D2C7B2278223A35302C2279223A34307D5D2C22746172676574223A7B227265736F757263654964223A227369642D44413235463938332D464530322D343642442D383934312D303236304644443834353246227D7D2C7B227265736F757263654964223A227369642D32384233323630442D324639302D343443312D423532312D423442453645434137354431222C2270726F70657274696573223A7B226F766572726964656964223A22222C226E616D65223A22222C22646F63756D656E746174696F6E223A22222C226173796E6368726F6E6F7573646566696E6974696F6E223A2266616C7365222C226578636C7573697665646566696E6974696F6E223A2266616C7365222C22657865637574696F6E6C697374656E657273223A22222C226D756C7469696E7374616E63655F74797065223A224E6F6E65222C226D756C7469696E7374616E63655F63617264696E616C697479223A22222C226D756C7469696E7374616E63655F636F6C6C656374696F6E223A22222C226D756C7469696E7374616E63655F7661726961626C65223A22222C226D756C7469696E7374616E63655F636F6E646974696F6E223A22222C226973666F72636F6D70656E736174696F6E223A2266616C7365222C22757365727461736B61737369676E6D656E74223A22222C22666F726D6B6579646566696E6974696F6E223A22222C2264756564617465646566696E6974696F6E223A22222C227072696F72697479646566696E6974696F6E223A22222C22666F726D70726F70657274696573223A22222C227461736B6C697374656E657273223A22227D2C227374656E63696C223A7B226964223A22557365725461736B227D2C226368696C64536861706573223A5B5D2C226F7574676F696E67223A5B7B227265736F757263654964223A227369642D34324532384538392D374544422D343241442D414137342D383533383935434446334238227D5D2C22626F756E6473223A7B226C6F7765725269676874223A7B2278223A3430302C2279223A3330357D2C2275707065724C656674223A7B2278223A3330302C2279223A3232357D7D2C22646F636B657273223A5B5D7D2C7B227265736F757263654964223A227369642D30423336353541352D413538452D343743312D383841452D303630333330393936463132222C2270726F70657274696573223A7B226F766572726964656964223A22222C226E616D65223A22222C22646F63756D656E746174696F6E223A22222C22636F6E646974696F6E73657175656E6365666C6F77223A22222C22657865637574696F6E6C697374656E657273223A22222C2264656661756C74666C6F77223A2266616C7365227D2C227374656E63696C223A7B226964223A2253657175656E6365466C6F77227D2C226368696C64536861706573223A5B5D2C226F7574676F696E67223A5B7B227265736F757263654964223A227369642D32384233323630442D324639302D343443312D423532312D423442453645434137354431227D5D2C22626F756E6473223A7B226C6F7765725269676874223A7B2278223A3336352C2279223A3232342E303339303632357D2C2275707065724C656674223A7B2278223A3335302C2279223A3134302E393630393337357D7D2C22646F636B657273223A5B7B2278223A35302C2279223A34307D2C7B2278223A3336352C2279223A3138322E357D2C7B2278223A3335302C2279223A3138322E357D2C7B2278223A35302C2279223A34307D5D2C22746172676574223A7B227265736F757263654964223A227369642D32384233323630442D324639302D343443312D423532312D423442453645434137354431227D7D2C7B227265736F757263654964223A227369642D30433739373036302D303232352D344641302D424342322D374235444633463042303739222C2270726F70657274696573223A7B226F766572726964656964223A22222C226E616D65223A22222C22646F63756D656E746174696F6E223A22222C22657865637574696F6E6C697374656E657273223A22227D2C227374656E63696C223A7B226964223A22456E644E6F6E654576656E74227D2C226368696C64536861706573223A5B5D2C226F7574676F696E67223A5B5D2C22626F756E6473223A7B226C6F7765725269676874223A7B2278223A3230382C2279223A3233387D2C2275707065724C656674223A7B2278223A3138302C2279223A3231307D7D2C22646F636B657273223A5B5D7D2C7B227265736F757263654964223A227369642D34324532384538392D374544422D343241442D414137342D383533383935434446334238222C2270726F70657274696573223A7B226F766572726964656964223A22222C226E616D65223A22222C22646F63756D656E746174696F6E223A22222C22636F6E646974696F6E73657175656E6365666C6F77223A22222C22657865637574696F6E6C697374656E657273223A22222C2264656661756C74666C6F77223A2266616C7365227D2C227374656E63696C223A7B226964223A2253657175656E6365466C6F77227D2C226368696C64536861706573223A5B5D2C226F7574676F696E67223A5B7B227265736F757263654964223A227369642D30433739373036302D303232352D344641302D424342322D374235444633463042303739227D5D2C22626F756E6473223A7B226C6F7765725269676874223A7B2278223A3239392E352C2279223A3236357D2C2275707065724C656674223A7B2278223A3230382E3132352C2279223A3232347D7D2C22646F636B657273223A5B7B2278223A35302C2279223A34307D2C7B2278223A3235342C2279223A3236357D2C7B2278223A3235342C2279223A3232347D2C7B2278223A31342C2279223A31347D5D2C22746172676574223A7B227265736F757263654964223A227369642D30433739373036302D303232352D344641302D424342322D374235444633463042303739227D7D2C7B227265736F757263654964223A227369642D41363737384646322D353735312D344535342D384446372D463245463345344437353536222C2270726F70657274696573223A7B226F766572726964656964223A22222C226E616D65223A22222C22646F63756D656E746174696F6E223A22222C226173796E6368726F6E6F7573646566696E6974696F6E223A2266616C7365222C226578636C7573697665646566696E6974696F6E223A2266616C7365222C22657865637574696F6E6C697374656E657273223A22222C226D756C7469696E7374616E63655F74797065223A224E6F6E65222C226D756C7469696E7374616E63655F63617264696E616C697479223A22222C226D756C7469696E7374616E63655F636F6C6C656374696F6E223A22222C226D756C7469696E7374616E63655F7661726961626C65223A22222C226D756C7469696E7374616E63655F636F6E646974696F6E223A22222C226973666F72636F6D70656E736174696F6E223A2266616C7365222C22757365727461736B61737369676E6D656E74223A22222C22666F726D6B6579646566696E6974696F6E223A22222C2264756564617465646566696E6974696F6E223A22222C227072696F72697479646566696E6974696F6E223A22222C22666F726D70726F70657274696573223A22222C227461736B6C697374656E657273223A22227D2C227374656E63696C223A7B226964223A22557365725461736B227D2C226368696C64536861706573223A5B5D2C226F7574676F696E67223A5B7B227265736F757263654964223A227369642D31304137443934382D353334342D343242392D394132312D304441353744324541314332227D5D2C22626F756E6473223A7B226C6F7765725269676874223A7B2278223A3536302C2279223A3134307D2C2275707065724C656674223A7B2278223A3436302C2279223A36307D7D2C22646F636B657273223A5B5D7D2C7B227265736F757263654964223A227369642D43413038444334412D353846302D344545302D414233352D384146424430353330344533222C2270726F70657274696573223A7B226F766572726964656964223A22222C226E616D65223A22222C22646F63756D656E746174696F6E223A22222C22636F6E646974696F6E73657175656E6365666C6F77223A22222C22657865637574696F6E6C697374656E657273223A22222C2264656661756C74666C6F77223A2266616C7365227D2C227374656E63696C223A7B226964223A2253657175656E6365466C6F77227D2C226368696C64536861706573223A5B5D2C226F7574676F696E67223A5B7B227265736F757263654964223A227369642D41363737384646322D353735312D344535342D384446372D463245463345344437353536227D5D2C22626F756E6473223A7B226C6F7765725269676874223A7B2278223A3435392E31353632352C2279223A3130307D2C2275707065724C656674223A7B2278223A3431352E38343337352C2279223A3130307D7D2C22646F636B657273223A5B7B2278223A35302C2279223A34307D2C7B2278223A35302C2279223A34307D5D2C22746172676574223A7B227265736F757263654964223A227369642D41363737384646322D353735312D344535342D384446372D463245463345344437353536227D7D2C7B227265736F757263654964223A227369642D31304646454539412D343133372D343136302D413135332D363135353644434130333142222C2270726F70657274696573223A7B226F766572726964656964223A22222C226E616D65223A22222C22646F63756D656E746174696F6E223A22222C22657865637574696F6E6C697374656E657273223A22227D2C227374656E63696C223A7B226964223A22456E644E6F6E654576656E74227D2C226368696C64536861706573223A5B5D2C226F7574676F696E67223A5B5D2C22626F756E6473223A7B226C6F7765725269676874223A7B2278223A3633332C2279223A3131347D2C2275707065724C656674223A7B2278223A3630352C2279223A38367D7D2C22646F636B657273223A5B5D7D2C7B227265736F757263654964223A227369642D31304137443934382D353334342D343242392D394132312D304441353744324541314332222C2270726F70657274696573223A7B226F766572726964656964223A22222C226E616D65223A22222C22646F63756D656E746174696F6E223A22222C22636F6E646974696F6E73657175656E6365666C6F77223A22222C22657865637574696F6E6C697374656E657273223A22222C2264656661756C74666C6F77223A2266616C7365227D2C227374656E63696C223A7B226964223A2253657175656E6365466C6F77227D2C226368696C64536861706573223A5B5D2C226F7574676F696E67223A5B7B227265736F757263654964223A227369642D31304646454539412D343133372D343136302D413135332D363135353644434130333142227D5D2C22626F756E6473223A7B226C6F7765725269676874223A7B2278223A3630342E3337352C2279223A3130307D2C2275707065724C656674223A7B2278223A3536302E3339303632352C2279223A3130307D7D2C22646F636B657273223A5B7B2278223A35302C2279223A34307D2C7B2278223A31342C2279223A31347D5D2C22746172676574223A7B227265736F757263654964223A227369642D31304646454539412D343133372D343136302D413135332D363135353644434130333142227D7D5D2C22626F756E6473223A7B226C6F7765725269676874223A7B2278223A313230302C2279223A313035307D2C2275707065724C656674223A7B2278223A302C2279223A307D7D2C227374656E63696C736574223A7B2275726C223A227374656E63696C736574732F62706D6E322E302F62706D6E322E302E6A736F6E222C226E616D657370616365223A22687474703A2F2F62336D6E2E6F72672F7374656E63696C7365742F62706D6E322E3023227D2C227373657874656E73696F6E73223A5B5D7D, NULL);
INSERT INTO `ACT_GE_BYTEARRAY` VALUES ('50002', 1, 'leavel.bpmn20.xml', '50001', 0x3C3F786D6C2076657273696F6E3D22312E302220656E636F64696E673D225554462D38223F3E0A3C646566696E6974696F6E7320786D6C6E733D22687474703A2F2F7777772E6F6D672E6F72672F737065632F42504D4E2F32303130303532342F4D4F44454C2220786D6C6E733A7873693D22687474703A2F2F7777772E77332E6F72672F323030312F584D4C536368656D612D696E7374616E63652220786D6C6E733A7873643D22687474703A2F2F7777772E77332E6F72672F323030312F584D4C536368656D612220786D6C6E733A61637469766974693D22687474703A2F2F61637469766974692E6F72672F62706D6E2220786D6C6E733A62706D6E64693D22687474703A2F2F7777772E6F6D672E6F72672F737065632F42504D4E2F32303130303532342F44492220786D6C6E733A6F6D6764633D22687474703A2F2F7777772E6F6D672E6F72672F737065632F44442F32303130303532342F44432220786D6C6E733A6F6D6764693D22687474703A2F2F7777772E6F6D672E6F72672F737065632F44442F32303130303532342F44492220747970654C616E67756167653D22687474703A2F2F7777772E77332E6F72672F323030312F584D4C536368656D61222065787072657373696F6E4C616E67756167653D22687474703A2F2F7777772E77332E6F72672F313939392F585061746822207461726765744E616D6573706163653D22687474703A2F2F7777772E61637469766974692E6F72672F70726F63657373646566223E0A20203C70726F636573732069643D2270726F636573732220697345786563757461626C653D2274727565223E0A202020203C73746172744576656E742069643D227369642D43424231433133392D463331352D344536322D394436442D304333373837363341373138223E3C2F73746172744576656E743E0A202020203C757365725461736B2069643D227369642D44413235463938332D464530322D343642442D383934312D303236304644443834353246223E3C2F757365725461736B3E0A202020203C73657175656E6365466C6F772069643D227369642D30313339443737362D364639352D344336352D413446422D4139353931384641443742302220736F757263655265663D227369642D43424231433133392D463331352D344536322D394436442D30433337383736334137313822207461726765745265663D227369642D44413235463938332D464530322D343642442D383934312D303236304644443834353246223E3C2F73657175656E6365466C6F773E0A202020203C757365725461736B2069643D227369642D32384233323630442D324639302D343443312D423532312D423442453645434137354431223E3C2F757365725461736B3E0A202020203C73657175656E6365466C6F772069643D227369642D30423336353541352D413538452D343743312D383841452D3036303333303939364631322220736F757263655265663D227369642D44413235463938332D464530322D343642442D383934312D30323630464444383435324622207461726765745265663D227369642D32384233323630442D324639302D343443312D423532312D423442453645434137354431223E3C2F73657175656E6365466C6F773E0A202020203C656E644576656E742069643D227369642D30433739373036302D303232352D344641302D424342322D374235444633463042303739223E3C2F656E644576656E743E0A202020203C73657175656E6365466C6F772069643D227369642D34324532384538392D374544422D343241442D414137342D3835333839354344463342382220736F757263655265663D227369642D32384233323630442D324639302D343443312D423532312D42344245364543413735443122207461726765745265663D227369642D30433739373036302D303232352D344641302D424342322D374235444633463042303739223E3C2F73657175656E6365466C6F773E0A202020203C757365725461736B2069643D227369642D41363737384646322D353735312D344535342D384446372D463245463345344437353536223E3C2F757365725461736B3E0A202020203C73657175656E6365466C6F772069643D227369642D43413038444334412D353846302D344545302D414233352D3841464244303533303445332220736F757263655265663D227369642D44413235463938332D464530322D343642442D383934312D30323630464444383435324622207461726765745265663D227369642D41363737384646322D353735312D344535342D384446372D463245463345344437353536223E3C2F73657175656E6365466C6F773E0A202020203C656E644576656E742069643D227369642D31304646454539412D343133372D343136302D413135332D363135353644434130333142223E3C2F656E644576656E743E0A202020203C73657175656E6365466C6F772069643D227369642D31304137443934382D353334342D343242392D394132312D3044413537443245413143322220736F757263655265663D227369642D41363737384646322D353735312D344535342D384446372D46324546334534443735353622207461726765745265663D227369642D31304646454539412D343133372D343136302D413135332D363135353644434130333142223E3C2F73657175656E6365466C6F773E0A20203C2F70726F636573733E0A20203C62706D6E64693A42504D4E4469616772616D2069643D2242504D4E4469616772616D5F70726F63657373223E0A202020203C62706D6E64693A42504D4E506C616E652062706D6E456C656D656E743D2270726F63657373222069643D2242504D4E506C616E655F70726F63657373223E0A2020202020203C62706D6E64693A42504D4E53686170652062706D6E456C656D656E743D227369642D43424231433133392D463331352D344536322D394436442D304333373837363341373138222069643D2242504D4E53686170655F7369642D43424231433133392D463331352D344536322D394436442D304333373837363341373138223E0A20202020202020203C6F6D6764633A426F756E6473206865696768743D2233302E30222077696474683D2233302E302220783D223133372E322220793D223133392E30223E3C2F6F6D6764633A426F756E64733E0A2020202020203C2F62706D6E64693A42504D4E53686170653E0A2020202020203C62706D6E64693A42504D4E53686170652062706D6E456C656D656E743D227369642D44413235463938332D464530322D343642442D383934312D303236304644443834353246222069643D2242504D4E53686170655F7369642D44413235463938332D464530322D343642442D383934312D303236304644443834353246223E0A20202020202020203C6F6D6764633A426F756E6473206865696768743D2238302E30222077696474683D223130302E302220783D223331352E302220793D2236302E30223E3C2F6F6D6764633A426F756E64733E0A2020202020203C2F62706D6E64693A42504D4E53686170653E0A2020202020203C62706D6E64693A42504D4E53686170652062706D6E456C656D656E743D227369642D32384233323630442D324639302D343443312D423532312D423442453645434137354431222069643D2242504D4E53686170655F7369642D32384233323630442D324639302D343443312D423532312D423442453645434137354431223E0A20202020202020203C6F6D6764633A426F756E6473206865696768743D2238302E30222077696474683D223130302E302220783D223330302E302220793D223232352E30223E3C2F6F6D6764633A426F756E64733E0A2020202020203C2F62706D6E64693A42504D4E53686170653E0A2020202020203C62706D6E64693A42504D4E53686170652062706D6E456C656D656E743D227369642D30433739373036302D303232352D344641302D424342322D374235444633463042303739222069643D2242504D4E53686170655F7369642D30433739373036302D303232352D344641302D424342322D374235444633463042303739223E0A20202020202020203C6F6D6764633A426F756E6473206865696768743D2232382E30222077696474683D2232382E302220783D223138302E302220793D223231302E30223E3C2F6F6D6764633A426F756E64733E0A2020202020203C2F62706D6E64693A42504D4E53686170653E0A2020202020203C62706D6E64693A42504D4E53686170652062706D6E456C656D656E743D227369642D41363737384646322D353735312D344535342D384446372D463245463345344437353536222069643D2242504D4E53686170655F7369642D41363737384646322D353735312D344535342D384446372D463245463345344437353536223E0A20202020202020203C6F6D6764633A426F756E6473206865696768743D2238302E30222077696474683D223130302E302220783D223436302E302220793D2236302E30223E3C2F6F6D6764633A426F756E64733E0A2020202020203C2F62706D6E64693A42504D4E53686170653E0A2020202020203C62706D6E64693A42504D4E53686170652062706D6E456C656D656E743D227369642D31304646454539412D343133372D343136302D413135332D363135353644434130333142222069643D2242504D4E53686170655F7369642D31304646454539412D343133372D343136302D413135332D363135353644434130333142223E0A20202020202020203C6F6D6764633A426F756E6473206865696768743D2232382E30222077696474683D2232382E302220783D223630352E302220793D2238362E30223E3C2F6F6D6764633A426F756E64733E0A2020202020203C2F62706D6E64693A42504D4E53686170653E0A2020202020203C62706D6E64693A42504D4E456467652062706D6E456C656D656E743D227369642D34324532384538392D374544422D343241442D414137342D383533383935434446334238222069643D2242504D4E456467655F7369642D34324532384538392D374544422D343241442D414137342D383533383935434446334238223E0A20202020202020203C6F6D6764693A776179706F696E7420783D223330302E302220793D223236352E30223E3C2F6F6D6764693A776179706F696E743E0A20202020202020203C6F6D6764693A776179706F696E7420783D223235342E302220793D223236352E30223E3C2F6F6D6764693A776179706F696E743E0A20202020202020203C6F6D6764693A776179706F696E7420783D223235342E302220793D223232342E30223E3C2F6F6D6764693A776179706F696E743E0A20202020202020203C6F6D6764693A776179706F696E7420783D223230382E302220793D223232342E30223E3C2F6F6D6764693A776179706F696E743E0A2020202020203C2F62706D6E64693A42504D4E456467653E0A2020202020203C62706D6E64693A42504D4E456467652062706D6E456C656D656E743D227369642D31304137443934382D353334342D343242392D394132312D304441353744324541314332222069643D2242504D4E456467655F7369642D31304137443934382D353334342D343242392D394132312D304441353744324541314332223E0A20202020202020203C6F6D6764693A776179706F696E7420783D223536302E302220793D223130302E30223E3C2F6F6D6764693A776179706F696E743E0A20202020202020203C6F6D6764693A776179706F696E7420783D223630352E302220793D223130302E30223E3C2F6F6D6764693A776179706F696E743E0A2020202020203C2F62706D6E64693A42504D4E456467653E0A2020202020203C62706D6E64693A42504D4E456467652062706D6E456C656D656E743D227369642D30423336353541352D413538452D343743312D383841452D303630333330393936463132222069643D2242504D4E456467655F7369642D30423336353541352D413538452D343743312D383841452D303630333330393936463132223E0A20202020202020203C6F6D6764693A776179706F696E7420783D223336352E302220793D223134302E30223E3C2F6F6D6764693A776179706F696E743E0A20202020202020203C6F6D6764693A776179706F696E7420783D223336352E302220793D223138322E35223E3C2F6F6D6764693A776179706F696E743E0A20202020202020203C6F6D6764693A776179706F696E7420783D223335302E302220793D223138322E35223E3C2F6F6D6764693A776179706F696E743E0A20202020202020203C6F6D6764693A776179706F696E7420783D223335302E302220793D223232352E30223E3C2F6F6D6764693A776179706F696E743E0A2020202020203C2F62706D6E64693A42504D4E456467653E0A2020202020203C62706D6E64693A42504D4E456467652062706D6E456C656D656E743D227369642D30313339443737362D364639352D344336352D413446422D413935393138464144374230222069643D2242504D4E456467655F7369642D30313339443737362D364639352D344336352D413446422D413935393138464144374230223E0A20202020202020203C6F6D6764693A776179706F696E7420783D223136372E322220793D223135342E30223E3C2F6F6D6764693A776179706F696E743E0A20202020202020203C6F6D6764693A776179706F696E7420783D223234312E312220793D223135342E30223E3C2F6F6D6764693A776179706F696E743E0A20202020202020203C6F6D6764693A776179706F696E7420783D223234312E312220793D223130302E30223E3C2F6F6D6764693A776179706F696E743E0A20202020202020203C6F6D6764693A776179706F696E7420783D223331352E302220793D223130302E30223E3C2F6F6D6764693A776179706F696E743E0A2020202020203C2F62706D6E64693A42504D4E456467653E0A2020202020203C62706D6E64693A42504D4E456467652062706D6E456C656D656E743D227369642D43413038444334412D353846302D344545302D414233352D384146424430353330344533222069643D2242504D4E456467655F7369642D43413038444334412D353846302D344545302D414233352D384146424430353330344533223E0A20202020202020203C6F6D6764693A776179706F696E7420783D223431352E302220793D223130302E30223E3C2F6F6D6764693A776179706F696E743E0A20202020202020203C6F6D6764693A776179706F696E7420783D223436302E302220793D223130302E30223E3C2F6F6D6764693A776179706F696E743E0A2020202020203C2F62706D6E64693A42504D4E456467653E0A202020203C2F62706D6E64693A42504D4E506C616E653E0A20203C2F62706D6E64693A42504D4E4469616772616D3E0A3C2F646566696E6974696F6E733E, 0);
INSERT INTO `ACT_GE_BYTEARRAY` VALUES ('50003', 1, 'leavel.process.png', '50001', 0x89504E470D0A1A0A0000000D49484452000002830000013B0806000000A61F8B0B0000177849444154785EEDDDD18F9467BD077073AEFD6FFC074ED3BB73BDECB22CD40845D19250F49413A144F4A2548DF142EBB9A8B6C60B4CD3785195A61516D2928A497BA396D06365C154D2055C60753D5059F63DEF0F7738E3330BBCBB3BF3CEF3CC7C3EC937DB9D79E77DA73B4FF7F7ED3B3B339FFA14000000000000000000000000000000000000000000000000000000000000000000000000000000000000000000000000000000000000000000000000000000000000000000000000000000000000000000000000000000000000000000000000000000000000000000000000000000000000000000000000000000000000000000000000000000000000000000000000000000000000B06955557D7A6E6EEEA3B367CF56B3B3B3D5891327A4E5C4CFFDCC9933774F9D3AF55CFAF894C01A1A7E4A5F43000C510CF1B7DF7EBBBA72E54A75EBD6ADEA934F3E9196133FF7F8F99F3E7D7AA51EEC47D2C72877D6D0F053FA1A026088E26C4E0C9174B848FB999F9F8F41BE943E46B9B386F249A96B0880218AA7979CCDC923F138C4537EE963943B6B289F94BA860018A2181CE94091E1A5C4416E0DE59512D7100043D474902FDDFCB89A7BF7E5EADCC96FDC4BFC735C966E279B4B8983DC1ACA2B25AE210086A8C920FFDB8DCBD5FB6F1EAE7E7BFC997F495C16D7A5DBCBC653E220B786F24A896B0880216A32C83F3AF7F39E21DEC99FCFFDA2677BD9784A1CE4D6505E29710D0130444D06F9F9D3DFEC19E09DC475E9F6B2F19438C8ADA1BC52E21A0260889A0CF2F74F1CE919E09DC475E9F6B2F19438C8ADA1BC52E21A0260880CF2BC52E220B786F24A896B0880216A32C8E3959FE900EF24AE4BB7978DA7C4416E0DE59512D7100043D464907FF8CEF77B067827715DBABD6C3C250E726B28AF94B8860018A226837CE1F2EFAAF77FF5B59E211E97C575E9F6B2F19438C8ADA1BC52E21A0260889A0CF2C8C5F77ED233C8E3B2743BD95C4A1CE4D6505E29710D0130448D06F9EDDBD587BFFEEF9E411E97C5753DDBCB8653E220B786F24A896B0880217AD4208F4F87F8C33BDFEB19E29DC4753E41A27F2971905B4379A5C43504C0103D7090DFBE5D7DFCE1A9EAF76F1CEC19DE69629BD8D6199ECDA7C4416E0DE59512D7100043B4D6207FD4999C07C5199ECDA7C4416E0DE59512D7100043B4D6206F7226E74189DBA6FB93E62971905B4379A5C43504C010AD35C8D3E1BCDEA4FB93E62971905B4379A5C43504C010AD35C865782971905B4379A5C43504C01019E479A5C4416E0DE59512D71000436490E7951207B93594574A5C43000C91419E574A1CE4D6505E29710D01304406795E2971905B4379A5C435D4C4962D5B3EB375EBD663535353F3F5D7A53ACB75AAD5AF4BAB971F8BEDD2DB02F01006795E2971905B4379A5C435F430939393FBEB927773B5F835CDCDB85DBA2F00D66090E7951207B93594574A5C436BA9CBDC6375A9BBB646D15B4FAEC57ED27D03D0C520CF2B250E726B28AF94B8865275813B303D3DBDD25DEC76ECD8511D3D7AB49A9D9DAD2E5CB8502D2C2C5421BEC6F771795C1FDB25857025F6971E03805506795E2971905B4379A5C435D4AD2E812FD5B95FE6666666AA175F7CB1BA71E3C6BDF2F728B15D6C1FB7EB2E85B1DFF458007CCA20CF2D250E726B28AF94B8863A56CF08DE2F707BF7EEAD2E5EBC98F6BD46E27671FBEE42E80C21C01A0CF2BC52E220B786F24A896B284C4C4C3CDEFDD4F0A14387AAC5C5C5B4E3AD4BDC3EF6D3FD94711C273D36C05833C8F34A8983DC1ACA2B25AEA15017B5ABDD6704375B043B623FC919C2ABE9B101C69A419E574A1CE4D6505E29710DADBE7DCCBDB2167FEBB7D1A7861F24F6D7FD3784DE7606A08B419E574A1CE4D6505E29710DD5056DB153D4E2C51F8310FBED3A3BB898DE078091333D3D7DA3CED3E9E529833CAFE434C8ADA13253DA1A5AFD64917B252DDE16A6E9AB86D72BF6DBFDB6333EA90418799D5F788FFA656C90E7959C06B93554664A5B435353533FED6CF7FCF3CFA71DAEAF62FF9D63C571D3FB0230523ABFF01EF5CBD820CF2B390E726BA8AC94B686EACB2F77AE3F79F264DADFFA2AF6DF757F2E77DF0F809193FE127ED02F63833CAFE43CC8ADA13252DA1AAABF5FEA5C3E373797F6B7BE8AFD77DD8FA5F4FE028C94F4976F9ACE2F63833CAF9430C8ADA1BC53DA1AAABFDE7F6FC1EBD7AFA7FDADAF62FF5DC75F4EEF2F3062D25F3AB2760CF2BC923E3E25C41ACA2BE9E35352EEDCB993F6B7BE8AFD771F2F9D1BC08819F7FFD0D35FB29D788A2FEF947056C71ACA3BA5ADA1FAFBE5CEE5CE0C027D15FFB1A7978D9387FDF2ED6690E7959C07B93554464A5B435BFDCD203028F11F7B7AD93879D82FDF6E06795EC971905B4365A5B435B4D5AB89814119F732F8B05FBEDD0CF2BC92D320B786CA4C696BC8FB0C020333EE65B029833CAFE434C89BB286F24A696BA8CD4F20D9BE7DFBFD32E81348600C2883CD18E479A5B4411EACA1BC52E21ADAEAB389814150069B31C8F34A8983DC1ACA2B25AEA1C9C9C9FD9DA2363333535DBC7831ED729B12FBDBB66DDBFD3218C74BEF03308294C1660CF2BC52E220B786F24A896B28D4BFB3AF76CADADEBD7BABC5C5C5B4D36D48ECE7A9A79EEA3E2B78353D3630A294C1660CF2BC52E220B786F24A896B284C4C4C3CBEB5EBD3480E1D3AB4E94218B73F78F06077115C89E3A4C706469432D88C419E574A1CE4D6505E29710D754C4E4E1EE82A6EF7CE106EF429E3B85D7246309E1E3E901E131861CA603306795E2971905B4379A5C435D46D7A7AFAA5EE02177F43182FFE68FA2AE3D82EB6EFFE1BC148EC373D1630E294C1660CF2BC52E220B786F24A896B28B57A86F0FE53C69178DB99A3478F56B3B3B3D5850B17AA8585857BE52FBEC6F771795CDFFDF631AB59714610C69432D88C419E574A1CE4D6505E29710DADA52E708FD5BFC7AF25C56EBDB916FB49F70D8C89F845905E462F833CAF9438C8ADA1BC52E21A7A98D5B79DB9B946D17B586E7AFB1840196CC820CF2B250E726B28AF94B8869A58FDA49263535353F3F5D7A53ACBABC52FBE2EAD5E7ECC278B00F72983CD18E479A5C4416E0DE59512D710C0402883CD18E479A5C4416E0DE59512D710C0402883CD18E479A5C4416E0DE59512D710C0402883CD18E479A5C4416E0DE59512D710C0402883CD18E479A5C4416E0DE59512D710C0402883CD18E479A5C4416E0DE59512D710C0402883CD18E479A5C4416E0DE59512D710C0402883CD18E479A5C4416E0DE59512D710C0402883CD18E479A5C4416E0DE59512D710C0402883CD18E479A5C4416E0DE59512D710C0402883CD18E479A5C4416E0DE59512D710C0402883CD18E479A5C4416E0DE59512D710C0402883CD18E479A5C4416E0DE59512D710C0402883CD18E479A5C4416E0DE59512D710C0402883CD18E479A5C4416E0DE59512D710C0402883CD18E479A5C4416E0DE59512D710C0402883CD18E479A5C4416E0DE59512D710C0402883CD18E479A5C4416E0DE59512D710C0402883CD18E479A5C4416E0DE59512D710C0402883CD18E479A5C4416E0DE59512D710C0402883CD18E479A5C4416E0DE59512D710C0402883CDCCCECE56B76EDDEA1928D27EEAC761B9C4416E0DE59352D710C0402883CD9C3973E6EE952B577A868AB49F4B972EFDA91EE44BE963943B6B289F94BA8660E4BDF9E69BFFF9A31FFDE8E323478EDC3D70E040F5C52F7EB18AA2B267CF9EEA2B5FF9CACAA14387EE7CEB5BDFFADDB3CF3EFBEFE96DD93865B09953A74E3D77FAF4E995F9F9F91567778693FAE77EB71EE297EA211E67758EA48F51EEACA1E1A7F4350423A9AAAA7F7BF5D557CFD445AF7AF2C927AB1FFCE007D56F7EF39BEAC2850BD5C2C24215E26B7C1F97C7F5BB76EDAAF6EFDFBFFCCC33CF1C4DF7C7FA2983CDC5F088B309F1F452A989C73BBDACB0C4CFFF48FAD89422EEFBEABF43FAEF25EDA5E8350423E58D37DE78FEEB5FFFFACAD34F3F5D9D3D7BB6BA7BF7EEBDF2F728B15D6CBF6FDFBEEACB5FFEF2273333338FA7FBA6396570BC78BC01C8C22BAFBC72F60B5FF842F5FAEBAF57CBCBCB69DF6B246E17B78F33857BF6ECF9467A0C9A510EC68BC71B80A1FBF18F7FFC51FC3DE0071F7C90F6BB0D89FD7CFEF39FAF76EFDEFD4A7A2C1E4D39182F1E6F0086EAD8B1636FC50B42E21575FD14FB8BBF39DCB66DDB7FA5C7E4E19483F1E2F10660685E7DF5D567E3A9E17E9D114CC57E3FF7B9CF55131313FE86701D9483F1E2F10660680E1F3E7C37FEC66F908E1F3F5EEDDCB9F3667A6C1E4C39182F1E6F0086E2E5975FFE79BC6A78A32F16692AF6BF67CF9E95C9C9C9FDE97D606DCAC178F178033014070E1C5889B78369431CE789279EF0CEF20D2907E3C5E30D40EBBEF39DEFFCC7EEDDBB1BBF8FE066C571EA32586DD9B2E533E97DA19772305E3CDE00B4EEBBDFFDEEFFC42787B4E9DBDFFEF6DDA9A9A99FA6F7855ECAC178F17803D0BAAF7EF5ABFF68EB29E28E77DE79273E76EB727A5FE8A51C8C178F3700ADDBB76FDFCADCDC5CDAD7062A8EB76DDBB6BFA7F7855ECAC178F17803D0BAF87BC1EBD7AFA77D6DA0E27833333377D3FB422FE560BC78BC0168DDF6EDDBAB3B77EEA47D6DA0E27831F4A459D2C78CD1E5F106A075BB76ED1ACA99C1E9E969670621A10C02D0BABD7BF7DE6DFB6F06FFF8C73FAED443CF7B0D42421904A075FBF6ED5B6AFBD5C4274E9CB8BDD5AB89A187320840EB76EFDEFDDA0B2FBC90F6B5813A78F0E092F719845ECA2000AD8B4F02D9B97367AB9F40323D3DBDE21348A0973208C0503CF9E493B7DA7AAAF8F5D75FFF6B3DF016D3FB002883000CC9E4E4E4FE2F7DE94BD5F2F272DADDFA2AF63F333373278E97DE07401904608876EDDA75F397BFFC65DADFFAEA873FFCE15FEA6177353D36F04FCA200043333131F1F88E1D3B563EF8E083B4C3F5C57BEFBDF7D7786FC1384E7A6CE09F944100866A7272F2C0673FFBD9952B57AEA45D6E532E5FBE7C3B8A60EC3F3D26F0FF94410086AE2E6D2F3DF1C4132BE7CF9F4F3BDD86BCFBEEBB37A308C67ED36301FF4A1904200B71066F666666E5673FFBD9F2465F5452DF6EE585175E98AF879B3382D09032084036EA02F7583D98AEEDDCB9F3EE5B6FBDB5DCF47D0863BBD75E7BEDEAB66DDBEEC4ED633FE9BE81B52983006427DE06A61E50F154EFCAE1C387FFF7E4C993B7CE9F3FFF8FBFFCE52F2B51FEAE5DBB76E7DCB9737F3F7EFCF8F5FDFBF72FD4DBC6E70EDFF4F631B07ECA2000D98A4F0CA907D5B1A9A9A978EA77A9CE720CAED5AFF1F17271F9319F2C021BA70C02008C31651000608C29830000634C1904001863CA2000C01853060100C69832080030C69441008031A60C02008C31651000608C29830000634C1904001863CA200040E1A2D06D26E9FE0000288842070030C69441008031A60C02008C31651000608C29830000634C1904001863CA2000C01853060100C69832080030C69441008031A60C02008C31651000608C29830000634C1904001863CA2000C01853060100C69832080030C69441008031A60C02008C31651000608C29830000634C1904001863CA2000C01853060100C69832080030C694410018A22D5BB67CA61EC6C7A6A6A6E6EBAF4B75966338AF7E5D5ABDFC586C97DE16FA4119048021989C9CDC5F0FE19BABC5AF696EC6EDD27DC166288300D0A2BACC3D560FDF6B6B14BDF5E45AEC27DD376C44ACA9F432006000EA0277607A7A7AA5BBD8EDD8B1A33A7AF468353B3B5B5DB870A15A5858A8427C8DEFE3F2B83EB64B0AE14AEC2F3D06AC973208002DA84BE04B75EE97B9999999EAC5175FAC6EDCB871AFFC3D4A6C17DBC7EDBA4B61EC373D16AC8732080003B67A46F07E81DBBB776F75F1E2C5B4EF3512B78BDB7717426708D90C65100006686262E2F1EEA7860F1D3A542D2E2EA61D6F5DE2F6B19FAE42B812C7498F0DA97A2DDEE8FE1F89B512DBA4B7030036A81EAE573B4336CEE86DB60876C47E92338457D36343AA2E7A4FA7E52F4D6C93DE0E00D880D5B78FB93760E36FFD36FAD4F083C4FEBAFF86D0DBCED0C4C3CE0E3A2B08007D540FD7C5CE908D177F0C42ECB76B982FA6F701520F3B3BE8AC2000F4C9EA278BDC1BB0F1B6304D5F35BC5EB1DFEEB79D79D82795C4A077E687B0D6D9416B0300FA686A6AEAA79D21FBFCF3CFA71DAEAF62FF9D63C571D3FBD229819D6DD2EB193F6B9D1D74561000FAA81EAE973B43F6E4C993697FEBABD87FD750BFDCB90F69095406E9D6BD369C1504803EAB07EC5267D0CECDCDA5FDADAF62FF5D656FE941255019A45BF7D941670501A0CFEA01BBDC19B4D7AF5F4FFB5B5FC5FED3C2F7B0A4F795F1D5F99F86F472006093BACBD79D3B77D2FED657B1FFB4F09596F4E7473B3A6707D3CB01804DDA3ABC3383CBA53D4D9CE37D6AA2FED17F7A6E6EEEA3B367CF56B3B3B3D5891327A4E5C4CFFDCC9933774F9D3AF55CFAF800C0506D1DE2DF0C76EEC3834A61F7FDCC418EF7A98928826FBFFD7675E5CA95EAD6AD5BD5279F7C222D277EEEF1F33F7DFAF44A5D0E8FA48F11000CCDD60C5E4DDC9196C2F4FA61CBF13E35116704A388A40545DACFFCFC7C94C1FBFF2304004397D3FB0C76744A617AF9B0955A06E3294A6704F3483C0EF1B471FA1801C0D0B4F90924DBB76FBF5F061FF60924B92AB50C46F9484B890C2FCA2000D9D9EAB3891B19F532B874F3E36AEEDD97AB7327BF712FF1CF7159BA9D6C2ECA2000D9999C9CDCDF296A333333D5C58B17D32EB729B1BF6DDBB6DD2F8371BCF43E946094CBE0DF6E5CAEDE7FF370F5DBE3CFFC4BE2B2B82EDD5E361E6510802CD545E76AA7ACEDDDBBB75A5C5C4C3BDD86C47E9E7AEAA9EEB38257D363976294CBE047E77EDE53043BF9F3B95FF46C2F1B8F320840962626261EAFCBCE4AA7B41D3A7468D385306E7FF0E0C1EE22B812C7498F5D8A512E83E74F7FB3A7047612D7A5DBCBC6A30C0290ADC9C9C9035DC5EDDE19C28D3E651CB74BCE08C6D3C307D263966494CBE0FB278EF494C04EE2BA747BD978944100B2363D3DFD5277818BBF218C177F347D95716C17DB77FF8D6024F69B1EAB34CAA0F423CA2000D95B3D4378FF29E348BCEDCCD1A347EF7DACD6850B17AA8585857BE52FBEC6F771795CDFFDF631AB5929FD8C60C72897C178F5705A023B89EBD2ED65E351060128425DE01EABCBCFB5A4D8AD37D7623FE9BE4B15FF4EE965256852063F7CE7FB3D25B093B82EDD5E361E651080A2ACBEEDCCCD358ADEC372B3D4B78F7998512E830B977F57BDFFABAFF514C1B82CAE4BB7978D471904A048AB9F54726C6A6A6ABEFEBA546779B5F8C5D7A5D5CB8F95F8C9224D8D72198C5C7CEF273D65302E4BB793CD45190480428D7419BC7DBBFAF0D7FFDD5306E3B2B8AE677BD97094410028D4A896C1F884913FBCF3BD9E22D8495CE75348FA176510000A357265F0F6EDEAE30F4F55BF7FE3604F014C13DBC4B6CE126E3ECA2000146A94CAE0A3CE063E28CE126E3ECA2000146A94CA6093B3810F4ADC36DD9F348F320800851AA5329816BCF526DD9F348F320800851AA53228C38B320800855206A51F510601A050CAA0F423CA2000144A19947E44190480422983D28F28830050286550FA116510000AA50C4A3FA20C0240A19441E94794410028943228FD88320800855206A51F510601A050CAA0F423CA2000144A19947E44190480422983D28F28830050286550FA116510000AA50C4A3FA20C0240A19441E94794410028943228FD88320800855206A51F510601A050CAA0F423CA2000142ACA60A9490B890C2FCA2000D02A6706F38A320800B44A19CC2BCA2000D02A6530AF28830040AB94C1BCA20C0200AD5206F38A320800B44A19CC2BCA2000D02A6530AF28830040AB94C1BCA20C0200AD5206F38A320800B44A19CC2BCA2000D02A6530AF28830040AB94C1BCA20C0200AD5206F38A320800B44A19CC2BCA2000D02A6530AF28830040AB94C1BCA20C0200AD5206F38A320800B44A19CC2BCA2000D02A6530AF28830040AB94C1BCA20C0200AD5206F38A320800B44A19CC2BCA2000D02A6530AF28830040AB94C1BCA20C0200AD5206F38A320800B44A19CC2BCA2000D02A6530AF28830040AB94C1BCA20C0200AD5206F38A320800B44A19CC2BCA2000D02A6530AF28830040AB94C1BCA20C0200AD5206F38A320800B44A19CC2BCA2000D02A6530AF28830040AB94C1BCA20C0200AD9A9D9DAD6EDDBAD5534AA4FDD48FC3B2320800B4EACC993377AF5CB9D2534CA4FD5CBA74E94F75195C4A1F230080813975EAD473A74F9F5E999F9F5F71867038A97FEE77EB2278A92E827166F048FA1801000C5414903823154F51CAD0123FFF23E9630300000000000000000000000000000000000000000000C090FC1F89719340F9328E060000000049454E44AE426082, 1);
INSERT INTO `ACT_GE_BYTEARRAY` VALUES ('5002', 1, 'leave.bpmn20.xml', '5001', 0x3C3F786D6C2076657273696F6E3D22312E302220656E636F64696E673D225554462D38223F3E0A3C646566696E6974696F6E7320786D6C6E733D22687474703A2F2F7777772E6F6D672E6F72672F737065632F42504D4E2F32303130303532342F4D4F44454C2220786D6C6E733A7873693D22687474703A2F2F7777772E77332E6F72672F323030312F584D4C536368656D612D696E7374616E63652220786D6C6E733A7873643D22687474703A2F2F7777772E77332E6F72672F323030312F584D4C536368656D612220786D6C6E733A61637469766974693D22687474703A2F2F61637469766974692E6F72672F62706D6E2220786D6C6E733A62706D6E64693D22687474703A2F2F7777772E6F6D672E6F72672F737065632F42504D4E2F32303130303532342F44492220786D6C6E733A6F6D6764633D22687474703A2F2F7777772E6F6D672E6F72672F737065632F44442F32303130303532342F44432220786D6C6E733A6F6D6764693D22687474703A2F2F7777772E6F6D672E6F72672F737065632F44442F32303130303532342F44492220747970654C616E67756167653D22687474703A2F2F7777772E77332E6F72672F323030312F584D4C536368656D61222065787072657373696F6E4C616E67756167653D22687474703A2F2F7777772E77332E6F72672F313939392F585061746822207461726765744E616D6573706163653D22687474703A2F2F7777772E61637469766974692E6F72672F70726F63657373646566223E0A20203C70726F636573732069643D2270726F6365737322206E616D653D22E8AFB7E58187E6B581E7A88B2220697345786563757461626C653D2274727565223E0A202020203C646F63756D656E746174696F6E3EE8AFB7E58187E6B581E7A88B3C2F646F63756D656E746174696F6E3E0A202020203C73746172744576656E742069643D227369642D30383841414438442D393133392D343931362D423442372D304538394434453737324544223E3C2F73746172744576656E743E0A202020203C757365725461736B2069643D227369642D42383330454343322D453438432D344136372D423542352D304231353032313330423435223E3C2F757365725461736B3E0A202020203C73657175656E6365466C6F772069643D227369642D42453244463942442D433335302D344141412D383431362D4234434239373445454439342220736F757263655265663D227369642D30383841414438442D393133392D343931362D423442372D30453839443445373732454422207461726765745265663D227369642D42383330454343322D453438432D344136372D423542352D304231353032313330423435223E3C2F73657175656E6365466C6F773E0A202020203C656E644576656E742069643D227369642D34373641414131352D314431312D343543392D413035362D353438384236444534374436223E3C2F656E644576656E743E0A202020203C73657175656E6365466C6F772069643D227369642D44384534433644452D423545302D344133452D414234322D3246413643414239383541382220736F757263655265663D227369642D42383330454343322D453438432D344136372D423542352D30423135303231333042343522207461726765745265663D227369642D34373641414131352D314431312D343543392D413035362D353438384236444534374436223E3C2F73657175656E6365466C6F773E0A20203C2F70726F636573733E0A20203C62706D6E64693A42504D4E4469616772616D2069643D2242504D4E4469616772616D5F70726F63657373223E0A202020203C62706D6E64693A42504D4E506C616E652062706D6E456C656D656E743D2270726F63657373222069643D2242504D4E506C616E655F70726F63657373223E0A2020202020203C62706D6E64693A42504D4E53686170652062706D6E456C656D656E743D227369642D30383841414438442D393133392D343931362D423442372D304538394434453737324544222069643D2242504D4E53686170655F7369642D30383841414438442D393133392D343931362D423442372D304538394434453737324544223E0A20202020202020203C6F6D6764633A426F756E6473206865696768743D2233302E30222077696474683D2233302E302220783D223135382E33393939393939393939393939382220793D223133332E30223E3C2F6F6D6764633A426F756E64733E0A2020202020203C2F62706D6E64693A42504D4E53686170653E0A2020202020203C62706D6E64693A42504D4E53686170652062706D6E456C656D656E743D227369642D42383330454343322D453438432D344136372D423542352D304231353032313330423435222069643D2242504D4E53686170655F7369642D42383330454343322D453438432D344136372D423542352D304231353032313330423435223E0A20202020202020203C6F6D6764633A426F756E6473206865696768743D2238302E30222077696474683D223130302E302220783D223237382E342220793D223130382E30223E3C2F6F6D6764633A426F756E64733E0A2020202020203C2F62706D6E64693A42504D4E53686170653E0A2020202020203C62706D6E64693A42504D4E53686170652062706D6E456C656D656E743D227369642D34373641414131352D314431312D343543392D413035362D353438384236444534374436222069643D2242504D4E53686170655F7369642D34373641414131352D314431312D343543392D413035362D353438384236444534374436223E0A20202020202020203C6F6D6764633A426F756E6473206865696768743D2232382E30222077696474683D2232382E302220783D223437322E342220793D223133342E30223E3C2F6F6D6764633A426F756E64733E0A2020202020203C2F62706D6E64693A42504D4E53686170653E0A2020202020203C62706D6E64693A42504D4E456467652062706D6E456C656D656E743D227369642D44384534433644452D423545302D344133452D414234322D324641364341423938354138222069643D2242504D4E456467655F7369642D44384534433644452D423545302D344133452D414234322D324641364341423938354138223E0A20202020202020203C6F6D6764693A776179706F696E7420783D223337382E342220793D223134382E30223E3C2F6F6D6764693A776179706F696E743E0A20202020202020203C6F6D6764693A776179706F696E7420783D223437322E342220793D223134382E30223E3C2F6F6D6764693A776179706F696E743E0A2020202020203C2F62706D6E64693A42504D4E456467653E0A2020202020203C62706D6E64693A42504D4E456467652062706D6E456C656D656E743D227369642D42453244463942442D433335302D344141412D383431362D423443423937344545443934222069643D2242504D4E456467655F7369642D42453244463942442D433335302D344141412D383431362D423443423937344545443934223E0A20202020202020203C6F6D6764693A776179706F696E7420783D223138382E33393939393939393939393939382220793D223134382E30223E3C2F6F6D6764693A776179706F696E743E0A20202020202020203C6F6D6764693A776179706F696E7420783D223237382E342220793D223134382E30223E3C2F6F6D6764693A776179706F696E743E0A2020202020203C2F62706D6E64693A42504D4E456467653E0A202020203C2F62706D6E64693A42504D4E506C616E653E0A20203C2F62706D6E64693A42504D4E4469616772616D3E0A3C2F646566696E6974696F6E733E, 0);
INSERT INTO `ACT_GE_BYTEARRAY` VALUES ('5003', 1, 'leave.process.png', '5001', 0x89504E470D0A1A0A0000000D49484452000001FE000000C608060000003331E25100000AEA49444154785EEDDD6F8F54D51D07F0BE80BE9BBE02E3C33EE903647775595CFF8044144D58944283F6014842D4482349492CE9032A6952933635882E1851316993462B624A408DA5EC8A08E81A4076E7F6FED61D339C5DE0B23B67E62CF97C926F0666EE9C3BD99939DFB977E6CEFCEC6700000000000000000000000000000000000000000000000000000000000000000000000000000000000000000000000000000000000000000000000000000000000000000000000000000000000000000000000000000000000000000000000000000000000000000000000000000000000000000000000000000000000000000000000000000000000000000000000000000000000000000000000000000000000000000000000000000000000000000000000000000000000000000000000000000000000000000000000000000000000000000000B0CC5455F5F3D3A74F7F79ECD8B16A7C7CBC7AF3CD37A5C789BFFBD1A347670E1F3EBC3DBD7F00A0ABA2F4DF79E79D6A7272B2BA7CF97275F5EA55E971E2EF1E7FFF23478EB4EA1702CFA4F71100744D6CE947E9A46524BDCFC4C44414FF547A1F0140D7C46E665BFA6524EE87D8F59FDE4700D0355134690149FFA2F801C8AA69F14F5D3C5B9DFEC71FAAE36FFD7636F1EF382F5D4E9616C50F40564D8AFFBB0B67AA8FDFF84DF5E1DFC7AE4B9C1797A5CBCBE2A3F801C8AA49F17F79FCAFF34ABF9DFF1EFFDBBCE565F151FC0064D5A4F84F1CD939AFF0DB89CBD2E565F151FC0064D5A4F83F7EF3997985DF4E5C962E2F8B8FE207202BC55F56143F00593529FEF8147F5AF8EDC465E9F2B2F8287E00B26A52FC27DFFBDDBCC26F272E4B9797C547F103905593E23F7FE6A3EAE343DBE6957E9C1797A5CBCBE2A3F801C8AA49F1473EFBE71FE7157F9C972E274B8BE20720AB46C57FE54A75F2FD3DF38A3FCE8BCBE62D2F8B8EE20720AB5B157F7C33DF7FDEDB3DAFF4DB89CB7C7B5FF7A2F801C8EA86C55F6FC99F3D79B8FAF7C15FCF2BFB34B14C2C6BEB7FE951FC0064B550F1DF6A2BFF46B1F5BFF4287E00B25AA8F89B6CE5DF2871DD743C691EC50F40560B157F5AE6B79B743C691EC50F40560B15BFF42F8A1F80AC147F5951FC0064A5F8CB8AE207202BC55F56143FB06C1C387060F59E3D7BBED8B66DDBCCA64D9BAA471E79A41A1C1C9C3DDDB871636BEBD6ADD32FBDF4D2C9175E78E197E975E91FC55F56147FB9EEB9E79E5FD473DAFE81818189FA74AACE74CC7173A75373E7EF8FE5D2EBC21D65EFDEBD7F79FAE9A75B0F3DF450F5F2CB2F571F7CF04175EAD4A9EAFCF9F35588D3F87F9C1F97C772636363333B77EEFC7D3A16BDA7F8CB8AE22FCFCA952B9FAC0BFDE25CC937CDC5B85E3A162C6B75E1AFABB7E2679E78E289EAD8B163D5CCCCCC6CD1DF4A2C17CBC7F59E7AEAA9E9CD9B37FF2A1D9BDE51FC6545F197A32EEEBBEA023FB740A9DF4ECEC538E9D8B0ECECD9B3E7CF6BD6ACA95E7FFDF56A7A7A3AEDF646E27A71FDD803B06DDBB6DDE93AE80DC55F56147F19EAB2DE549776ABB3C457AD5A55EDD8B1A31A1F1F5F70AF669C1F97C77249F9B762BC741DB06C3CFFFCF3FF8AF7ED3FFDF4D3A4CA1727C689F1EA2DFF37D275919FE22F2B8ABFFF8686865EA9F35371DF77DF7DD5DEBD7BAB0B172EA4D3D78262B9583EAED7F90220C64DD705C5DBB56BD7BEB56BD756939393E9637D4962BCD883F0E4934FEE48D7495E8ABFAC28FEFE9ADBD2FFA9ACD7AF5F5F7DF6D967E994D5485C2FAEDF399E2D7F9695679F7D7620CAB95B5BFAA9183776FBAF58B1E2EE74DDE4A3F8CB8AE2EF9F987B62B77CBBA4B76CD9525DBA74299DAA6E4B5C3FC6E928FF96398E65636C6CEC87784F3EA718FFD1471FFD3E5D37F928FEB2A2F8FBA72EE5AF3AB7F4975AFA6D314EB2E5FF55BA6E28CED6AD5B776DD8B061D11FE46B2AC67FECB1C7AAD5AB57DB1DD6238ABFAC28FEFE983B646FB698E3BDF9C5EEDEBF9118AFF33D7F87FA51BCC71F7F7C3A0EC1EB8558CFDAB56BAFA4B7813C147F5951FCFD5197F1A57629C707F37288713BB6FA2FA5B7018A11DF42F5E0830F363E4E7FA9623DA3A3A3956FBF5A9AA1A1A10B759E48CF4F29FEB2A2F8BBABC9F360EE1BF9660B390EC56BFAE9FDDB15E3761EEA678EA3581B376E3C12DFB8D74BBB77EF8EDD6207D2DB4273EDC9E556139FE22F2B8ABFBB9A3C0F060606FED45EEEB9E79E4BA7A3AE8AF1DBEB8AF5A6B7058AB061C386A95EEDE66F8BF53DF0C0035FA7B785E63A7629DE74E253FC6545F1775793E7417DFE99F6E56FBDF5563A1D75558CDF717BCE74DE0E28C6BA75EBA64F9F3E9D3E7EB38AF5D5C57F35BD2D34974E78379AF8147F5951FCDD953EFE177A1E0CFEF8833BB3E7E79EEB62FC8EDB3195DE5E28C2E8E868EB9B6FBE491FBF59C5FA4646465AE96DA1B974A24BD39EF8147F5951FCDD953EEED3C4F360B0E3D8FDDC735D8CDFB1FEE9F4F64211E210946BD7AEA58FDFAC627DE91354F244F19795F4FE91DE26F75C97CE6DE97C0B45B8FFFEFBFBB2C5BF6AD5AA99F4B6D05C3AA1B563577FD9B1C5DF5DE9E37FA1E741FDFFE9F6F9B9E73A5BFC2C0B6BD6ACB996FB7DAF54AC6F6464E4727A5B68EE66135D27C55F56147F7735791E0C7A8F1FAE179FAEEFF5A7FADF7DF7DD56FDE4FC5F7A5B68EE66135D27C55F56147F7735791E0CFA543F5C2F8E357DF1C5175BE90338A7EDDBB7FFE018D7A5B9D944D749F19715C5DF5D4D9E078EE387447CBBD4EAD5AB7BFACD7DC3C3C32DDF6AD51B8ABFAC28FEDEF3CD7DB080FAC13AF5FEFBEFA78FE32CDE7EFBEDE9FA15BAEFB1EE11C55F56147F7F0CFAAE7EB85EFC92D4C30F3FDCEAC5AFF38D8E8ECEF8E5AADE51FC6545F1F7875FE783050C0F0F7FFDDA6BAF65DDDF7FE0C081AB837EABBAA7147F5951FCFD13734FBB98D7AF5F5F5DBA74299DA21625C689F13AB6F6CD712C0F2B56ACB8BB7EC53AF3C9279F64F9A0DF471F7D347DEFBDF7CEC47AD275938FE22F2B8ABF7F62EE19ECF816BF2D5BB62CB9FCE3FA314E47E9B7CC712C2B2B57AEDC141FBC9B9898481FDF4B72F6ECD999785111E3A7EB242FC55F56147F7FC51CD451D2B35BEA8BDDED1FD74BB6F46317BF398EE5676868E895BAFC678E1F3FDE95DDFE1F7EF8E10FB1A51FE3A6EB223FC55F56147FFFC55CD459D6F1DE7C7C30AFE9A7FD63B958BEF33DFD88398E652D5EB54659BFFAEAAB5716FB81BFB8DEBE7DFBBEAD9F0CB6F4FB48F19715C55F86B92DFF9F76FB47E250BC1D3B7654E3E3E3D5A953A7AAF3E7CFCFCE65711AFF8FF3E3F2CE43F6E6D232C77147A81FC877D50FE873232323D3F503FE6AD3E3FC63B983070F7E373C3C7C2DAE1FE3A463D33B8ABFAC28FE72B4E7B8A4C46F37E638EE3C7387C15CACB7DC5B9B376FFEEED0A143DF9F3871E2EAB973E7665F09D4A7D7EAFF5FAECBFEDBB1B1B13856365E455F74384B19147F5951FCE569CF710B94FACD628EE3CE37F7ED57FB07060626067FFCD18BF62F5EC5E9D4DCF9FB7D5B5559147F5951FCE532C7017704C55F56143F005929FEB2A2F801C84AF19715C50F40568ABFAC287E00B252FC6545F1039095E22F2B8A1F80AC147F5951FC0064A5F8CB8AE207202BC55F56143F005929FEB2A2F801C84AF19715C50F40568ABFAC287E00B252FC6545F1039095E22F2B8A1F80AC147F5951FC0064A5F8CB8AE207202BC55F56143F005929FEB2A2F801C84AF19715C50F40568ABFAC287E00B252FC6545F10390D5F8F87875F9F2E5790524BD4F7D3F4C2B7E00B23A7AF4E8CCE4E4E4BC1292DEE7F3CF3FFFA22EFEA9F43E0280AE397CF8F0F623478EB42626265AB6FCFB93FAEF3E5397FEE775E9C716FF33E97D04005D1565135B9AB19B59FA96F8FB3F93DE37000000000000000000000000000000000000DCA6FF03AB19D854557D5BAE0000000049454E44AE426082, 1);
INSERT INTO `ACT_GE_BYTEARRAY` VALUES ('5006', 1, 'leave.bpmn20.xml', '5005', 0x3C3F786D6C2076657273696F6E3D22312E302220656E636F64696E673D225554462D38223F3E0A3C646566696E6974696F6E7320786D6C6E733D22687474703A2F2F7777772E6F6D672E6F72672F737065632F42504D4E2F32303130303532342F4D4F44454C2220786D6C6E733A7873693D22687474703A2F2F7777772E77332E6F72672F323030312F584D4C536368656D612D696E7374616E63652220786D6C6E733A7873643D22687474703A2F2F7777772E77332E6F72672F323030312F584D4C536368656D612220786D6C6E733A61637469766974693D22687474703A2F2F61637469766974692E6F72672F62706D6E2220786D6C6E733A62706D6E64693D22687474703A2F2F7777772E6F6D672E6F72672F737065632F42504D4E2F32303130303532342F44492220786D6C6E733A6F6D6764633D22687474703A2F2F7777772E6F6D672E6F72672F737065632F44442F32303130303532342F44432220786D6C6E733A6F6D6764693D22687474703A2F2F7777772E6F6D672E6F72672F737065632F44442F32303130303532342F44492220747970654C616E67756167653D22687474703A2F2F7777772E77332E6F72672F323030312F584D4C536368656D61222065787072657373696F6E4C616E67756167653D22687474703A2F2F7777772E77332E6F72672F313939392F585061746822207461726765744E616D6573706163653D22687474703A2F2F7777772E61637469766974692E6F72672F70726F63657373646566223E0A20203C70726F636573732069643D2270726F6365737322206E616D653D22E8AFB7E58187E6B581E7A88B2220697345786563757461626C653D2274727565223E0A202020203C646F63756D656E746174696F6E3EE8AFB7E58187E6B581E7A88B3C2F646F63756D656E746174696F6E3E0A202020203C73746172744576656E742069643D227369642D30383841414438442D393133392D343931362D423442372D304538394434453737324544223E3C2F73746172744576656E743E0A202020203C757365725461736B2069643D227369642D42383330454343322D453438432D344136372D423542352D304231353032313330423435223E3C2F757365725461736B3E0A202020203C73657175656E6365466C6F772069643D227369642D42453244463942442D433335302D344141412D383431362D4234434239373445454439342220736F757263655265663D227369642D30383841414438442D393133392D343931362D423442372D30453839443445373732454422207461726765745265663D227369642D42383330454343322D453438432D344136372D423542352D304231353032313330423435223E3C2F73657175656E6365466C6F773E0A202020203C656E644576656E742069643D227369642D34373641414131352D314431312D343543392D413035362D353438384236444534374436223E3C2F656E644576656E743E0A202020203C73657175656E6365466C6F772069643D227369642D44384534433644452D423545302D344133452D414234322D3246413643414239383541382220736F757263655265663D227369642D42383330454343322D453438432D344136372D423542352D30423135303231333042343522207461726765745265663D227369642D34373641414131352D314431312D343543392D413035362D353438384236444534374436223E3C2F73657175656E6365466C6F773E0A20203C2F70726F636573733E0A20203C62706D6E64693A42504D4E4469616772616D2069643D2242504D4E4469616772616D5F70726F63657373223E0A202020203C62706D6E64693A42504D4E506C616E652062706D6E456C656D656E743D2270726F63657373222069643D2242504D4E506C616E655F70726F63657373223E0A2020202020203C62706D6E64693A42504D4E53686170652062706D6E456C656D656E743D227369642D30383841414438442D393133392D343931362D423442372D304538394434453737324544222069643D2242504D4E53686170655F7369642D30383841414438442D393133392D343931362D423442372D304538394434453737324544223E0A20202020202020203C6F6D6764633A426F756E6473206865696768743D2233302E30222077696474683D2233302E302220783D223135382E33393939393939393939393939382220793D223133332E30223E3C2F6F6D6764633A426F756E64733E0A2020202020203C2F62706D6E64693A42504D4E53686170653E0A2020202020203C62706D6E64693A42504D4E53686170652062706D6E456C656D656E743D227369642D42383330454343322D453438432D344136372D423542352D304231353032313330423435222069643D2242504D4E53686170655F7369642D42383330454343322D453438432D344136372D423542352D304231353032313330423435223E0A20202020202020203C6F6D6764633A426F756E6473206865696768743D2238302E30222077696474683D223130302E302220783D223237382E342220793D223130382E30223E3C2F6F6D6764633A426F756E64733E0A2020202020203C2F62706D6E64693A42504D4E53686170653E0A2020202020203C62706D6E64693A42504D4E53686170652062706D6E456C656D656E743D227369642D34373641414131352D314431312D343543392D413035362D353438384236444534374436222069643D2242504D4E53686170655F7369642D34373641414131352D314431312D343543392D413035362D353438384236444534374436223E0A20202020202020203C6F6D6764633A426F756E6473206865696768743D2232382E30222077696474683D2232382E302220783D223437322E342220793D223133342E30223E3C2F6F6D6764633A426F756E64733E0A2020202020203C2F62706D6E64693A42504D4E53686170653E0A2020202020203C62706D6E64693A42504D4E456467652062706D6E456C656D656E743D227369642D44384534433644452D423545302D344133452D414234322D324641364341423938354138222069643D2242504D4E456467655F7369642D44384534433644452D423545302D344133452D414234322D324641364341423938354138223E0A20202020202020203C6F6D6764693A776179706F696E7420783D223337382E342220793D223134382E30223E3C2F6F6D6764693A776179706F696E743E0A20202020202020203C6F6D6764693A776179706F696E7420783D223437322E342220793D223134382E30223E3C2F6F6D6764693A776179706F696E743E0A2020202020203C2F62706D6E64693A42504D4E456467653E0A2020202020203C62706D6E64693A42504D4E456467652062706D6E456C656D656E743D227369642D42453244463942442D433335302D344141412D383431362D423443423937344545443934222069643D2242504D4E456467655F7369642D42453244463942442D433335302D344141412D383431362D423443423937344545443934223E0A20202020202020203C6F6D6764693A776179706F696E7420783D223138382E33393939393939393939393939382220793D223134382E30223E3C2F6F6D6764693A776179706F696E743E0A20202020202020203C6F6D6764693A776179706F696E7420783D223237382E342220793D223134382E30223E3C2F6F6D6764693A776179706F696E743E0A2020202020203C2F62706D6E64693A42504D4E456467653E0A202020203C2F62706D6E64693A42504D4E506C616E653E0A20203C2F62706D6E64693A42504D4E4469616772616D3E0A3C2F646566696E6974696F6E733E, 0);
INSERT INTO `ACT_GE_BYTEARRAY` VALUES ('5007', 1, 'leave.process.png', '5005', 0x89504E470D0A1A0A0000000D49484452000001FE000000C608060000003331E25100000AEA49444154785EEDDD6F8F54D51D07F0BE80BE9BBE02E3C33EE903647775595CFF8044144D58944283F6014842D4482349492CE9032A6952933635882E1851316993462B624A408DA5EC8A08E81A4076E7F6FED61D339C5DE0B23B67E62CF97C926F0666EE9C3BD99939DFB977E6CEFCEC6700000000000000000000000000000000000000000000000000000000000000000000000000000000000000000000000000000000000000000000000000000000000000000000000000000000000000000000000000000000000000000000000000000000000000000000000000000000000000000000000000000000000000000000000000000000000000000000000000000000000000000000000000000000000000000000000000000000000000000000000000000000000000000000000000000000000000000000000000000000000000000000B0CC5455F5F3D3A74F7F79ECD8B16A7C7CBC7AF3CD37A5C789BFFBD1A347670E1F3EBC3DBD7F00A0ABA2F4DF79E79D6A7272B2BA7CF97275F5EA55E971E2EF1E7FFF23478EB4EA1702CFA4F71100744D6CE947E9A46524BDCFC4C44414FF547A1F0140D7C46E665BFA6524EE87D8F59FDE4700D0355134690149FFA2F801C8AA69F14F5D3C5B9DFEC71FAAE36FFD7636F1EF382F5D4E9616C50F40564D8AFFBB0B67AA8FDFF84DF5E1DFC7AE4B9C1797A5CBCBE2A3F801C8AA49F17F79FCAFF34ABF9DFF1EFFDBBCE565F151FC0064D5A4F84F1CD939AFF0DB89CBD2E565F151FC0064D5A4F83F7EF3997985DF4E5C962E2F8B8FE207202BC55F56143F00593529FEF8147F5AF8EDC465E9F2B2F8287E00B26A52FC27DFFBDDBCC26F272E4B9797C547F103905593E23F7FE6A3EAE343DBE6957E9C1797A5CBCBE2A3F801C8AA49F1473EFBE71FE7157F9C972E274B8BE20720AB46C57FE54A75F2FD3DF38A3FCE8BCBE62D2F8B8EE20720AB5B157F7C33DF7FDEDB3DAFF4DB89CB7C7B5FF7A2F801C8EA86C55F6FC99F3D79B8FAF7C15FCF2BFB34B14C2C6BEB7FE951FC0064B550F1DF6A2BFF46B1F5BFF4287E00B25AA8F89B6CE5DF2871DD743C691EC50F40560B157F5AE6B79B743C691EC50F40560B15BFF42F8A1F80AC147F5951FC0064A5F8CB8AE207202BC55F56143FB06C1C387060F59E3D7BBED8B66DDBCCA64D9BAA471E79A41A1C1C9C3DDDB871636BEBD6ADD32FBDF4D2C9175E78E197E975E91FC55F56147FB9EEB9E79E5FD473DAFE81818189FA74AACE74CC7173A75373E7EF8FE5D2EBC21D65EFDEBD7F79FAE9A75B0F3DF450F5F2CB2F571F7CF04175EAD4A9EAFCF9F35588D3F87F9C1F97C772636363333B77EEFC7D3A16BDA7F8CB8AE22FCFCA952B9FAC0BFDE25CC937CDC5B85E3A162C6B75E1AFABB7E2679E78E289EAD8B163D5CCCCCC6CD1DF4A2C17CBC7F59E7AEAA9E9CD9B37FF2A1D9BDE51FC6545F197A32EEEBBEA023FB740A9DF4ECEC538E9D8B0ECECD9B3E7CF6BD6ACA95E7FFDF56A7A7A3AEDF646E27A71FDD803B06DDBB6DDE93AE80DC55F56147F19EAB2DE549776ABB3C457AD5A55EDD8B1A31A1F1F5F70AF669C1F97C77249F9B762BC741DB06C3CFFFCF3FF8AF7ED3FFDF4D3A4CA1727C689F1EA2DFF37D275919FE22F2B8ABFFF8686865EA9F35371DF77DF7DD5DEBD7BAB0B172EA4D3D78262B9583EAED7F90220C64DD705C5DBB56BD7BEB56BD756939393E9637D4962BCD883F0E4934FEE48D7495E8ABFAC28FEFE9ADBD2FFA9ACD7AF5F5F7DF6D967E994D5485C2FAEDF399E2D7F9695679F7D7620CAB95B5BFAA9183776FBAF58B1E2EE74DDE4A3F8CB8AE2EF9F987B62B77CBBA4B76CD9525DBA74299DAA6E4B5C3FC6E928FF96398E65636C6CEC87784F3EA718FFD1471FFD3E5D37F928FEB2A2F8FBA72EE5AF3AB7F4975AFA6D314EB2E5FF55BA6E28CED6AD5B776DD8B061D11FE46B2AC67FECB1C7AAD5AB57DB1DD6238ABFAC28FEFE983B646FB698E3BDF9C5EEDEBF9118AFF33D7F87FA51BCC71F7F7C3A0EC1EB8558CFDAB56BAFA4B7813C147F5951FCFD5197F1A57629C707F37288713BB6FA2FA5B7018A11DF42F5E0830F363E4E7FA9623DA3A3A3956FBF5A9AA1A1A10B759E48CF4F29FEB2A2F8BBABC9F360EE1BF9660B390EC56BFAE9FDDB15E3761EEA678EA3581B376E3C12DFB8D74BBB77EF8EDD6207D2DB4273EDC9E556139FE22F2B8ABFBB9A3C0F060606FED45EEEB9E79E4BA7A3AE8AF1DBEB8AF5A6B7058AB061C386A95EEDE66F8BF53DF0C0035FA7B785E63A7629DE74E253FC6545F1775793E7417DFE99F6E56FBDF5563A1D75558CDF717BCE74DE0E28C6BA75EBA64F9F3E9D3E7EB38AF5D5C57F35BD2D34974E78379AF8147F5951FCDD953EFE177A1E0CFEF8833BB3E7E79EEB62FC8EDB3195DE5E28C2E8E868EB9B6FBE491FBF59C5FA4646465AE96DA1B974A24BD39EF8147F5951FCDD953EEED3C4F360B0E3D8FDDC735D8CDFB1FEE9F4F64211E210946BD7AEA58FDFAC627DE91354F244F19795F4FE91DE26F75C97CE6DE97C0B45B8FFFEFBFBB2C5BF6AD5AA99F4B6D05C3AA1B563577FD9B1C5DF5DE9E37FA1E741FDFFE9F6F9B9E73A5BFC2C0B6BD6ACB996FB7DAF54AC6F6464E4727A5B68EE66135D27C55F56147F7735791E0C7A8F1FAE179FAEEFF5A7FADF7DF7DD56FDE4FC5F7A5B68EE66135D27C55F56147F7735791E0CFA543F5C2F8E357DF1C5175BE90338A7EDDBB7FFE018D7A5B9D944D749F19715C5DF5D4D9E078EE387447CBBD4EAD5AB7BFACD7DC3C3C32DDF6AD51B8ABFAC28FEDEF3CD7DB080FAC13AF5FEFBEFA78FE32CDE7EFBEDE9FA15BAEFB1EE11C55F56147F7F0CFAAE7EB85EFC92D4C30F3FDCEAC5AFF38D8E8ECEF8E5AADE51FC6545F1F7875FE783050C0F0F7FFDDA6BAF65DDDF7FE0C081AB837EABBAA7147F5951FCFD13734FBB98D7AF5F5F5DBA74299DA21625C689F13AB6F6CD712C0F2B56ACB8BB7EC53AF3C9279F64F9A0DF471F7D347DEFBDF7CEC47AD275938FE22F2B8ABF7F62EE19ECF816BF2D5BB62CB9FCE3FA314E47E9B7CC712C2B2B57AEDC141FBC9B9898481FDF4B72F6ECD999785111E3A7EB242FC55F56147F7FC51CD451D2B35BEA8BDDED1FD74BB6F46317BF398EE5676868E895BAFC678E1F3FDE95DDFE1F7EF8E10FB1A51FE3A6EB223FC55F56147FFFC55CD459D6F1DE7C7C30AFE9A7FD63B958BEF33DFD88398E652D5EB54659BFFAEAAB5716FB81BFB8DEBE7DFBBEAD9F0CB6F4FB48F19715C55F86B92DFF9F76FB47E250BC1D3B7654E3E3E3D5A953A7AAF3E7CFCFCE65711AFF8FF3E3F2CE43F6E6D232C77147A81FC877D50FE873232323D3F503FE6AD3E3FC63B983070F7E373C3C7C2DAE1FE3A463D33B8ABFAC28FE72B4E7B8A4C46F37E638EE3C7387C15CACB7DC5B9B376FFEEED0A143DF9F3871E2EAB973E7665F09D4A7D7EAFF5FAECBFEDBB1B1B13856365E455F74384B19147F5951FCE569CF710B94FACD628EE3CE37F7ED57FB07060626067FFCD18BF62F5EC5E9D4DCF9FB7D5B5559147F5951FCE532C7017704C55F56143F005929FEB2A2F801C84AF19715C50F40568ABFAC287E00B252FC6545F1039095E22F2B8A1F80AC147F5951FC0064A5F8CB8AE207202BC55F56143F005929FEB2A2F801C84AF19715C50F40568ABFAC287E00B252FC6545F1039095E22F2B8A1F80AC147F5951FC0064A5F8CB8AE207202BC55F56143F005929FEB2A2F801C84AF19715C50F40568ABFAC287E00B252FC6545F10390D5F8F87875F9F2E5790524BD4F7D3F4C2B7E00B23A7AF4E8CCE4E4E4BC1292DEE7F3CF3FFFA22EFEA9F43E0280AE397CF8F0F623478EB42626265AB6FCFB93FAEF3E5397FEE775E9C716FF33E97D04005D1565135B9AB19B59FA96F8FB3F93DE37000000000000000000000000000000000000DCA6FF03AB19D854557D5BAE0000000049454E44AE426082, 1);
INSERT INTO `ACT_GE_BYTEARRAY` VALUES ('5010', 1, 'leave.bpmn20.xml', '5009', 0x3C3F786D6C2076657273696F6E3D22312E302220656E636F64696E673D225554462D38223F3E0A3C646566696E6974696F6E7320786D6C6E733D22687474703A2F2F7777772E6F6D672E6F72672F737065632F42504D4E2F32303130303532342F4D4F44454C2220786D6C6E733A7873693D22687474703A2F2F7777772E77332E6F72672F323030312F584D4C536368656D612D696E7374616E63652220786D6C6E733A7873643D22687474703A2F2F7777772E77332E6F72672F323030312F584D4C536368656D612220786D6C6E733A61637469766974693D22687474703A2F2F61637469766974692E6F72672F62706D6E2220786D6C6E733A62706D6E64693D22687474703A2F2F7777772E6F6D672E6F72672F737065632F42504D4E2F32303130303532342F44492220786D6C6E733A6F6D6764633D22687474703A2F2F7777772E6F6D672E6F72672F737065632F44442F32303130303532342F44432220786D6C6E733A6F6D6764693D22687474703A2F2F7777772E6F6D672E6F72672F737065632F44442F32303130303532342F44492220747970654C616E67756167653D22687474703A2F2F7777772E77332E6F72672F323030312F584D4C536368656D61222065787072657373696F6E4C616E67756167653D22687474703A2F2F7777772E77332E6F72672F313939392F585061746822207461726765744E616D6573706163653D22687474703A2F2F7777772E61637469766974692E6F72672F70726F63657373646566223E0A20203C70726F636573732069643D2270726F6365737322206E616D653D22E8AFB7E58187E6B581E7A88B2220697345786563757461626C653D2274727565223E0A202020203C646F63756D656E746174696F6E3EE8AFB7E58187E6B581E7A88B3C2F646F63756D656E746174696F6E3E0A202020203C73746172744576656E742069643D227369642D30383841414438442D393133392D343931362D423442372D304538394434453737324544223E3C2F73746172744576656E743E0A202020203C757365725461736B2069643D227369642D42383330454343322D453438432D344136372D423542352D304231353032313330423435223E3C2F757365725461736B3E0A202020203C73657175656E6365466C6F772069643D227369642D42453244463942442D433335302D344141412D383431362D4234434239373445454439342220736F757263655265663D227369642D30383841414438442D393133392D343931362D423442372D30453839443445373732454422207461726765745265663D227369642D42383330454343322D453438432D344136372D423542352D304231353032313330423435223E3C2F73657175656E6365466C6F773E0A202020203C656E644576656E742069643D227369642D34373641414131352D314431312D343543392D413035362D353438384236444534374436223E3C2F656E644576656E743E0A202020203C73657175656E6365466C6F772069643D227369642D44384534433644452D423545302D344133452D414234322D3246413643414239383541382220736F757263655265663D227369642D42383330454343322D453438432D344136372D423542352D30423135303231333042343522207461726765745265663D227369642D34373641414131352D314431312D343543392D413035362D353438384236444534374436223E3C2F73657175656E6365466C6F773E0A20203C2F70726F636573733E0A20203C62706D6E64693A42504D4E4469616772616D2069643D2242504D4E4469616772616D5F70726F63657373223E0A202020203C62706D6E64693A42504D4E506C616E652062706D6E456C656D656E743D2270726F63657373222069643D2242504D4E506C616E655F70726F63657373223E0A2020202020203C62706D6E64693A42504D4E53686170652062706D6E456C656D656E743D227369642D30383841414438442D393133392D343931362D423442372D304538394434453737324544222069643D2242504D4E53686170655F7369642D30383841414438442D393133392D343931362D423442372D304538394434453737324544223E0A20202020202020203C6F6D6764633A426F756E6473206865696768743D2233302E30222077696474683D2233302E302220783D223135382E33393939393939393939393939382220793D223133332E30223E3C2F6F6D6764633A426F756E64733E0A2020202020203C2F62706D6E64693A42504D4E53686170653E0A2020202020203C62706D6E64693A42504D4E53686170652062706D6E456C656D656E743D227369642D42383330454343322D453438432D344136372D423542352D304231353032313330423435222069643D2242504D4E53686170655F7369642D42383330454343322D453438432D344136372D423542352D304231353032313330423435223E0A20202020202020203C6F6D6764633A426F756E6473206865696768743D2238302E30222077696474683D223130302E302220783D223237382E342220793D223130382E30223E3C2F6F6D6764633A426F756E64733E0A2020202020203C2F62706D6E64693A42504D4E53686170653E0A2020202020203C62706D6E64693A42504D4E53686170652062706D6E456C656D656E743D227369642D34373641414131352D314431312D343543392D413035362D353438384236444534374436222069643D2242504D4E53686170655F7369642D34373641414131352D314431312D343543392D413035362D353438384236444534374436223E0A20202020202020203C6F6D6764633A426F756E6473206865696768743D2232382E30222077696474683D2232382E302220783D223437322E342220793D223133342E30223E3C2F6F6D6764633A426F756E64733E0A2020202020203C2F62706D6E64693A42504D4E53686170653E0A2020202020203C62706D6E64693A42504D4E456467652062706D6E456C656D656E743D227369642D44384534433644452D423545302D344133452D414234322D324641364341423938354138222069643D2242504D4E456467655F7369642D44384534433644452D423545302D344133452D414234322D324641364341423938354138223E0A20202020202020203C6F6D6764693A776179706F696E7420783D223337382E342220793D223134382E30223E3C2F6F6D6764693A776179706F696E743E0A20202020202020203C6F6D6764693A776179706F696E7420783D223437322E342220793D223134382E30223E3C2F6F6D6764693A776179706F696E743E0A2020202020203C2F62706D6E64693A42504D4E456467653E0A2020202020203C62706D6E64693A42504D4E456467652062706D6E456C656D656E743D227369642D42453244463942442D433335302D344141412D383431362D423443423937344545443934222069643D2242504D4E456467655F7369642D42453244463942442D433335302D344141412D383431362D423443423937344545443934223E0A20202020202020203C6F6D6764693A776179706F696E7420783D223138382E33393939393939393939393939382220793D223134382E30223E3C2F6F6D6764693A776179706F696E743E0A20202020202020203C6F6D6764693A776179706F696E7420783D223237382E342220793D223134382E30223E3C2F6F6D6764693A776179706F696E743E0A2020202020203C2F62706D6E64693A42504D4E456467653E0A202020203C2F62706D6E64693A42504D4E506C616E653E0A20203C2F62706D6E64693A42504D4E4469616772616D3E0A3C2F646566696E6974696F6E733E, 0);
INSERT INTO `ACT_GE_BYTEARRAY` VALUES ('5011', 1, 'leave.process.png', '5009', 0x89504E470D0A1A0A0000000D49484452000001FE000000C608060000003331E25100000AEA49444154785EEDDD6F8F54D51D07F0BE80BE9BBE02E3C33EE903647775595CFF8044144D58944283F6014842D4482349492CE9032A6952933635882E1851316993462B624A408DA5EC8A08E81A4076E7F6FED61D339C5DE0B23B67E62CF97C926F0666EE9C3BD99939DFB977E6CEFCEC6700000000000000000000000000000000000000000000000000000000000000000000000000000000000000000000000000000000000000000000000000000000000000000000000000000000000000000000000000000000000000000000000000000000000000000000000000000000000000000000000000000000000000000000000000000000000000000000000000000000000000000000000000000000000000000000000000000000000000000000000000000000000000000000000000000000000000000000000000000000000000000000B0CC5455F5F3D3A74F7F79ECD8B16A7C7CBC7AF3CD37A5C789BFFBD1A347670E1F3EBC3DBD7F00A0ABA2F4DF79E79D6A7272B2BA7CF97275F5EA55E971E2EF1E7FFF23478EB4EA1702CFA4F71100744D6CE947E9A46524BDCFC4C44414FF547A1F0140D7C46E665BFA6524EE87D8F59FDE4700D0355134690149FFA2F801C8AA69F14F5D3C5B9DFEC71FAAE36FFD7636F1EF382F5D4E9616C50F40564D8AFFBB0B67AA8FDFF84DF5E1DFC7AE4B9C1797A5CBCBE2A3F801C8AA49F17F79FCAFF34ABF9DFF1EFFDBBCE565F151FC0064D5A4F84F1CD939AFF0DB89CBD2E565F151FC0064D5A4F83F7EF3997985DF4E5C962E2F8B8FE207202BC55F56143F00593529FEF8147F5AF8EDC465E9F2B2F8287E00B26A52FC27DFFBDDBCC26F272E4B9797C547F103905593E23F7FE6A3EAE343DBE6957E9C1797A5CBCBE2A3F801C8AA49F1473EFBE71FE7157F9C972E274B8BE20720AB46C57FE54A75F2FD3DF38A3FCE8BCBE62D2F8B8EE20720AB5B157F7C33DF7FDEDB3DAFF4DB89CB7C7B5FF7A2F801C8EA86C55F6FC99F3D79B8FAF7C15FCF2BFB34B14C2C6BEB7FE951FC0064B550F1DF6A2BFF46B1F5BFF4287E00B25AA8F89B6CE5DF2871DD743C691EC50F40560B157F5AE6B79B743C691EC50F40560B15BFF42F8A1F80AC147F5951FC0064A5F8CB8AE207202BC55F56143FB06C1C387060F59E3D7BBED8B66DDBCCA64D9BAA471E79A41A1C1C9C3DDDB871636BEBD6ADD32FBDF4D2C9175E78E197E975E91FC55F56147FB9EEB9E79E5FD473DAFE81818189FA74AACE74CC7173A75373E7EF8FE5D2EBC21D65EFDEBD7F79FAE9A75B0F3DF450F5F2CB2F571F7CF04175EAD4A9EAFCF9F35588D3F87F9C1F97C772636363333B77EEFC7D3A16BDA7F8CB8AE22FCFCA952B9FAC0BFDE25CC937CDC5B85E3A162C6B75E1AFABB7E2679E78E289EAD8B163D5CCCCCC6CD1DF4A2C17CBC7F59E7AEAA9E9CD9B37FF2A1D9BDE51FC6545F197A32EEEBBEA023FB740A9DF4ECEC538E9D8B0ECECD9B3E7CF6BD6ACA95E7FFDF56A7A7A3AEDF646E27A71FDD803B06DDBB6DDE93AE80DC55F56147F19EAB2DE549776ABB3C457AD5A55EDD8B1A31A1F1F5F70AF669C1F97C77249F9B762BC741DB06C3CFFFCF3FF8AF7ED3FFDF4D3A4CA1727C689F1EA2DFF37D275919FE22F2B8ABFFF8686865EA9F35371DF77DF7DD5DEBD7BAB0B172EA4D3D78262B9583EAED7F90220C64DD705C5DBB56BD7BEB56BD756939393E9637D4962BCD883F0E4934FEE48D7495E8ABFAC28FEFE9ADBD2FFA9ACD7AF5F5F7DF6D967E994D5485C2FAEDF399E2D7F9695679F7D7620CAB95B5BFAA9183776FBAF58B1E2EE74DDE4A3F8CB8AE2EF9F987B62B77CBBA4B76CD9525DBA74299DAA6E4B5C3FC6E928FF96398E65636C6CEC87784F3EA718FFD1471FFD3E5D37F928FEB2A2F8FBA72EE5AF3AB7F4975AFA6D314EB2E5FF55BA6E28CED6AD5B776DD8B061D11FE46B2AC67FECB1C7AAD5AB57DB1DD6238ABFAC28FEFE983B646FB698E3BDF9C5EEDEBF9118AFF33D7F87FA51BCC71F7F7C3A0EC1EB8558CFDAB56BAFA4B7813C147F5951FCFD5197F1A57629C707F37288713BB6FA2FA5B7018A11DF42F5E0830F363E4E7FA9623DA3A3A3956FBF5A9AA1A1A10B759E48CF4F29FEB2A2F8BBABC9F360EE1BF9660B390EC56BFAE9FDDB15E3761EEA678EA3581B376E3C12DFB8D74BBB77EF8EDD6207D2DB4273EDC9E556139FE22F2B8ABFBB9A3C0F060606FED45EEEB9E79E4BA7A3AE8AF1DBEB8AF5A6B7058AB061C386A95EEDE66F8BF53DF0C0035FA7B785E63A7629DE74E253FC6545F1775793E7417DFE99F6E56FBDF5563A1D75558CDF717BCE74DE0E28C6BA75EBA64F9F3E9D3E7EB38AF5D5C57F35BD2D34974E78379AF8147F5951FCDD953EFE177A1E0CFEF8833BB3E7E79EEB62FC8EDB3195DE5E28C2E8E868EB9B6FBE491FBF59C5FA4646465AE96DA1B974A24BD39EF8147F5951FCDD953EEED3C4F360B0E3D8FDDC735D8CDFB1FEE9F4F64211E210946BD7AEA58FDFAC627DE91354F244F19795F4FE91DE26F75C97CE6DE97C0B45B8FFFEFBFBB2C5BF6AD5AA99F4B6D05C3AA1B563577FD9B1C5DF5DE9E37FA1E741FDFFE9F6F9B9E73A5BFC2C0B6BD6ACB996FB7DAF54AC6F6464E4727A5B68EE66135D27C55F56147F7735791E0C7A8F1FAE179FAEEFF5A7FADF7DF7DD56FDE4FC5F7A5B68EE66135D27C55F56147F7735791E0CFA543F5C2F8E357DF1C5175BE90338A7EDDBB7FFE018D7A5B9D944D749F19715C5DF5D4D9E078EE387447CBBD4EAD5AB7BFACD7DC3C3C32DDF6AD51B8ABFAC28FEDEF3CD7DB080FAC13AF5FEFBEFA78FE32CDE7EFBEDE9FA15BAEFB1EE11C55F56147F7F0CFAAE7EB85EFC92D4C30F3FDCEAC5AFF38D8E8ECEF8E5AADE51FC6545F1F7875FE783050C0F0F7FFDDA6BAF65DDDF7FE0C081AB837EABBAA7147F5951FCFD13734FBB98D7AF5F5F5DBA74299DA21625C689F13AB6F6CD712C0F2B56ACB8BB7EC53AF3C9279F64F9A0DF471F7D347DEFBDF7CEC47AD275938FE22F2B8ABF7F62EE19ECF816BF2D5BB62CB9FCE3FA314E47E9B7CC712C2B2B57AEDC141FBC9B9898481FDF4B72F6ECD999785111E3A7EB242FC55F56147F7FC51CD451D2B35BEA8BDDED1FD74BB6F46317BF398EE5676868E895BAFC678E1F3FDE95DDFE1F7EF8E10FB1A51FE3A6EB223FC55F56147FFFC55CD459D6F1DE7C7C30AFE9A7FD63B958BEF33DFD88398E652D5EB54659BFFAEAAB5716FB81BFB8DEBE7DFBBEAD9F0CB6F4FB48F19715C55F86B92DFF9F76FB47E250BC1D3B7654E3E3E3D5A953A7AAF3E7CFCFCE65711AFF8FF3E3F2CE43F6E6D232C77147A81FC877D50FE873232323D3F503FE6AD3E3FC63B983070F7E373C3C7C2DAE1FE3A463D33B8ABFAC28FE72B4E7B8A4C46F37E638EE3C7387C15CACB7DC5B9B376FFEEED0A143DF9F3871E2EAB973E7665F09D4A7D7EAFF5FAECBFEDBB1B1B13856365E455F74384B19147F5951FCE569CF710B94FACD628EE3CE37F7ED57FB07060626067FFCD18BF62F5EC5E9D4DCF9FB7D5B5559147F5951FCE532C7017704C55F56143F005929FEB2A2F801C84AF19715C50F40568ABFAC287E00B252FC6545F1039095E22F2B8A1F80AC147F5951FC0064A5F8CB8AE207202BC55F56143F005929FEB2A2F801C84AF19715C50F40568ABFAC287E00B252FC6545F1039095E22F2B8A1F80AC147F5951FC0064A5F8CB8AE207202BC55F56143F005929FEB2A2F801C84AF19715C50F40568ABFAC287E00B252FC6545F10390D5F8F87875F9F2E5790524BD4F7D3F4C2B7E00B23A7AF4E8CCE4E4E4BC1292DEE7F3CF3FFFA22EFEA9F43E0280AE397CF8F0F623478EB42626265AB6FCFB93FAEF3E5397FEE775E9C716FF33E97D04005D1565135B9AB19B59FA96F8FB3F93DE37000000000000000000000000000000000000DCA6FF03AB19D854557D5BAE0000000049454E44AE426082, 1);
INSERT INTO `ACT_GE_BYTEARRAY` VALUES ('5016', 1, 'reimbursement.bpmn20.xml', '5015', 0x3C3F786D6C2076657273696F6E3D22312E302220656E636F64696E673D225554462D38223F3E0A3C646566696E6974696F6E7320786D6C6E733D22687474703A2F2F7777772E6F6D672E6F72672F737065632F42504D4E2F32303130303532342F4D4F44454C2220786D6C6E733A7873693D22687474703A2F2F7777772E77332E6F72672F323030312F584D4C536368656D612D696E7374616E63652220786D6C6E733A7873643D22687474703A2F2F7777772E77332E6F72672F323030312F584D4C536368656D612220786D6C6E733A61637469766974693D22687474703A2F2F61637469766974692E6F72672F62706D6E2220786D6C6E733A62706D6E64693D22687474703A2F2F7777772E6F6D672E6F72672F737065632F42504D4E2F32303130303532342F44492220786D6C6E733A6F6D6764633D22687474703A2F2F7777772E6F6D672E6F72672F737065632F44442F32303130303532342F44432220786D6C6E733A6F6D6764693D22687474703A2F2F7777772E6F6D672E6F72672F737065632F44442F32303130303532342F44492220747970654C616E67756167653D22687474703A2F2F7777772E77332E6F72672F323030312F584D4C536368656D61222065787072657373696F6E4C616E67756167653D22687474703A2F2F7777772E77332E6F72672F313939392F585061746822207461726765744E616D6573706163653D22687474703A2F2F7777772E61637469766974692E6F72672F70726F63657373646566223E0A20203C70726F636573732069643D2270726F6365737322206E616D653D22E68AA5E99480E6B581E7A88B2220697345786563757461626C653D2274727565223E0A202020203C646F63756D656E746174696F6E3EE68AA5E99480E6B581E7A88B3C2F646F63756D656E746174696F6E3E0A202020203C73746172744576656E742069643D227369642D34383845313633422D444132312D343534392D383743372D414543343843333437393234223E3C2F73746172744576656E743E0A202020203C757365725461736B2069643D227369642D37374230313031322D364437302D344141412D413037372D333746344636363542463832223E3C2F757365725461736B3E0A202020203C73657175656E6365466C6F772069643D227369642D44433733373745452D453731372D343244412D424242442D4235323236414146353342322220736F757263655265663D227369642D34383845313633422D444132312D343534392D383743372D41454334384333343739323422207461726765745265663D227369642D37374230313031322D364437302D344141412D413037372D333746344636363542463832223E3C2F73657175656E6365466C6F773E0A202020203C656E644576656E742069643D227369642D33334544424442342D374345362D343043312D383432302D323639394339414645304646223E3C2F656E644576656E743E0A202020203C73657175656E6365466C6F772069643D227369642D33414138374536312D344333422D344343302D394443312D3233313642363631393246422220736F757263655265663D227369642D37374230313031322D364437302D344141412D413037372D33374634463636354246383222207461726765745265663D227369642D33334544424442342D374345362D343043312D383432302D323639394339414645304646223E3C2F73657175656E6365466C6F773E0A20203C2F70726F636573733E0A20203C62706D6E64693A42504D4E4469616772616D2069643D2242504D4E4469616772616D5F70726F63657373223E0A202020203C62706D6E64693A42504D4E506C616E652062706D6E456C656D656E743D2270726F63657373222069643D2242504D4E506C616E655F70726F63657373223E0A2020202020203C62706D6E64693A42504D4E53686170652062706D6E456C656D656E743D227369642D34383845313633422D444132312D343534392D383743372D414543343843333437393234222069643D2242504D4E53686170655F7369642D34383845313633422D444132312D343534392D383743372D414543343843333437393234223E0A20202020202020203C6F6D6764633A426F756E6473206865696768743D2233302E30222077696474683D2233302E302220783D223136352E33393939393939393939393939382220793D223133332E30223E3C2F6F6D6764633A426F756E64733E0A2020202020203C2F62706D6E64693A42504D4E53686170653E0A2020202020203C62706D6E64693A42504D4E53686170652062706D6E456C656D656E743D227369642D37374230313031322D364437302D344141412D413037372D333746344636363542463832222069643D2242504D4E53686170655F7369642D37374230313031322D364437302D344141412D413037372D333746344636363542463832223E0A20202020202020203C6F6D6764633A426F756E6473206865696768743D2238302E30222077696474683D223130302E302220783D223239382E342220793D223130382E30223E3C2F6F6D6764633A426F756E64733E0A2020202020203C2F62706D6E64693A42504D4E53686170653E0A2020202020203C62706D6E64693A42504D4E53686170652062706D6E456C656D656E743D227369642D33334544424442342D374345362D343043312D383432302D323639394339414645304646222069643D2242504D4E53686170655F7369642D33334544424442342D374345362D343043312D383432302D323639394339414645304646223E0A20202020202020203C6F6D6764633A426F756E6473206865696768743D2232382E30222077696474683D2232382E302220783D223532362E342220793D223133342E30223E3C2F6F6D6764633A426F756E64733E0A2020202020203C2F62706D6E64693A42504D4E53686170653E0A2020202020203C62706D6E64693A42504D4E456467652062706D6E456C656D656E743D227369642D44433733373745452D453731372D343244412D424242442D423532323641414635334232222069643D2242504D4E456467655F7369642D44433733373745452D453731372D343244412D424242442D423532323641414635334232223E0A20202020202020203C6F6D6764693A776179706F696E7420783D223139352E33393939393939393939393939382220793D223134382E30223E3C2F6F6D6764693A776179706F696E743E0A20202020202020203C6F6D6764693A776179706F696E7420783D223239382E342220793D223134382E30223E3C2F6F6D6764693A776179706F696E743E0A2020202020203C2F62706D6E64693A42504D4E456467653E0A2020202020203C62706D6E64693A42504D4E456467652062706D6E456C656D656E743D227369642D33414138374536312D344333422D344343302D394443312D323331364236363139324642222069643D2242504D4E456467655F7369642D33414138374536312D344333422D344343302D394443312D323331364236363139324642223E0A20202020202020203C6F6D6764693A776179706F696E7420783D223339382E342220793D223134382E30223E3C2F6F6D6764693A776179706F696E743E0A20202020202020203C6F6D6764693A776179706F696E7420783D223532362E342220793D223134382E30223E3C2F6F6D6764693A776179706F696E743E0A2020202020203C2F62706D6E64693A42504D4E456467653E0A202020203C2F62706D6E64693A42504D4E506C616E653E0A20203C2F62706D6E64693A42504D4E4469616772616D3E0A3C2F646566696E6974696F6E733E, 0);
INSERT INTO `ACT_GE_BYTEARRAY` VALUES ('5017', 1, 'reimbursement.process.png', '5015', 0x89504E470D0A1A0A0000000D4948445200000234000000C60806000000C54E1A3800000B2B49444154785EEDDD5F6F54651E07705FC0BE9B7D05C6CBBDD90BA4AD9662FD031A5120A168976EC0BD0049881AD948B2242ED90B56B2C99AEC660D0205230A26BBC90656C42CE18F71595A11A15A03483B67CFAF76CCECD3424F4F99F274FAF924DF94CE9C79CEA433E7992F67E69C79E821000000000000000000000000000000000000000000000000000000000000000000000000000000000000000000000000000000000000000000000000000000000000000000000000000000000000000000000000000000000000000000000000000000000000000000000000000000000000000000000000000000000000000000000000000000000000000000000000000000000000000000000000000000000000000000000000000000000000000000000000000000000000000000000000000000000000000000000000000000000000000000000000000000000000000000000000000000000000000000164D51143FBB70E1C297274F9E2C8687878BC3870FCB2227FEEEC78F1F9F3C7AF4E8F6F4F101002A8832F3E1871F16A3A3A3C5CD9B378BDBB76FCB2227FEEEF1F73F76EC58A32C38DBD2C708009843EC998917D3F44556163F2323235168C6D3C708009843BCDD61CF4C1E89C721DE824A1F2300600EF1029ABEB0CA838B42030035542D34E337AE1417FEFEFBE2CC91DF4C25FE1D97A5CBC9C2A2D000400D550ACD77D72F179FBEFFEBE2D4DF06FE2F71595C972E2FF5A3D000400D550ACD9767FE32A3CC34F39F337F9DB1BCD48F42030035542934678FED9C51649A89EBD2E5A57E141A00A8A14AA1F9F4F0B61945A699B82E5D5EEA47A101801A149ABCA2D000400D550A4D1CD594169966E2BA7479A91F8506006AA85268CE7DFCDB1945A699B82E5D5EEA47A101801AAA149A6B974F179F1EDA3AA3CCC465715DBABCD48F42030035542934918BFFF8C38C421397A5CBC9C2A2D000400D950ACDAD5BC5B9137B66149AB82CAE9BB1BCD48E42030035CC5568E24CC0FFFE78F78C32D34C5CE76CC1F72F0A0D00D470D74273EB5671E5DCD1E25F077F35A3C4A4896562597B6B161E8506006A98ADD0CCB557E66EB1B766E1516800A086D90A4D95BD32774BDC361D4FAA47A101801A662B346949996FD2F1A47A141A00A861B642230F2E0A0D00D4A0D0E4158506006A5068F28A4203003528347945A101B88F0E1C38B07ACF9E3D5F6CDDBA7572F3E6CDC5B3CF3E5B7477774FFDDCB4695363686868E2CD37DF3CF7FAEBAFFF22BD2D4B8B429357141AE6F2E8A38FFEBC9C8FF77775758D943FC7CB4CC4FC3CFD737CFAF2FDB15C7A5B5836F6EEDDFBE7975F7EB9F1F4D34F176FBDF556F1C9279F14E7CF9F2FAE5DBB5684F819BFC7E5717D2C37303030B973E7CEDFA563B13428347945A1E16E56AE5CB9B12C2A37A6CB4BD5DC88DBA56341C72A8BCC73434343931B366C284E9E3C594C4E4E4E1598B9C472B17CDCEEA5975E9A181C1CFC653A36795368F28A4243AA2C240F97C5E4EA2C65653EB91AE3A4634347D9B367CF9FD6AC5953BCF7DE7BC5C4C444DA592A89DBC5ED638FCDD6AD5B77A7EB205F0A4D5E516868559690CD651969B4969355AB56153B76EC2886878767DD831E97C7F5B15C526A1A315EBA0EE808AFBDF6DA3FE373319F7FFE795251EA897162BCC1C1C1F7D37591278526AF283434F5F4F4BC5DE6A742F2F8E38F177BF7EE2DAE5FBF9E4EBDB38AE562F9B85D6BB18971D375C192B66BD7AE7D6BD7AE2D464747D3ED604162BCD8E3B371E3C61DE93AC98F429357141AC2F49E999F4AC8BA75EB8A8B172FA6D36D2571BBB87DEB78F6D4D0315E79E595AE281DF76BCF4C2AC68DB79F56AC58F148BA6EF2A2D0E41585869837E3EDA166F9D8B2654B313636964EB3F312B78F715A4A4DC3FC4C47181818F8213EF3D24E31FEF3CF3FFF7DBA6EF2A2D0E4158586B26C7CD5BA6766A165A629C649F6D47C95AE1B9694A1A1A15DEBD7AFAFFD01E0AA62FC175E78A158BD7AB55D9B195368F28A42B3BC4D1F9A3D5538E2B32F75DF66BA9B18AFF533350EE966497BF1C51727E250EBC510EB59BB76EDADF43E900F8526AF2834CB5B5932C69A65233ED0DB0E316ECB5E9AB1F43EC09210678E7CEAA9A72A9F6766A1623DFDFDFD8533562EBE9E9E9EEB6536A497A7149ABCA2D074A62ADBE3F41980A78A461C725DF568A6F98A715B0FE9363FB3246DDAB4E9589CE17731EDDEBD3B76711E48EF0BEDD59CACE69A48159ABCA2D074A62ADB635757D71F9BCBBDFAEAABE9547A5FC5F8CD75C57AD3FB02D95BBF7EFDF862BDDDD414EB7BF2C927BF4EEF0BEDD5B24BF99E13A9429357149ACE54657B2C2FBFDCBCFEC89123E9547A5FC5F82DF7E772EBFD8025E1B9E79E9BB870E142FADC6EAB585F59686EA7F785F64A27D0BB4DA40A4D5E51683A53BA1DCEB63D76FFF845935397B77B9E8EF15BEEC7787A7F217BFDFDFD8D6FBEF9267D6EB755ACAFAFAFAF91DE17DA2B9D38D33427528526AF28349D29DDFED2C4F6D8DD72EE9976CFD3317ECBFA27D2FB0BD98BC3F5EEDCB9933EB7DB2AD6976EBC924F149ABC923E3EB23CD3EE793A9D97D3D70AC8DE134F3CF140F6D0AC5AB56A32BD2FB4573A4136E32DA7BC630F4D674AB7C3D9B6C7F2F789E6E5ED9EA7EDA161C95BB366CD9D76BF379B8AF5F5F5F5DD4CEF0BED75AF89B395429357149ACE54657BECF6191AA82E8E365AECA39C3EFAE8A346B9E1FE37BD2FB4D7BD26CE560A4D5E51683A5395EDB1DB514E505D9C6FE08D37DE68A44FEE76DABE7DFB0FCE73B0F8EE3571B65268F28A42D399AA6C8FCE4303F31067845CBD7AF5A29E29B8B7B7B7E14C94F95268F28A42B37C395330CC53F9441E3F71E244FA1C6F8B0F3EF860A2FC5F89EF0AC998429357149AE5ADDB77394175F1EDAACF3CF34C6331BE6DBBBFBF7FD2B7B9E64DA1C92B0ACDF2E6DBB6619E7A7B7BBF7EF7DD77DBFABED38103076E971BCC57E9BAC98B429357141A62DE6C168E75EBD615636363E9F45A4B8C13E3B5EC9D313FB3F4AD58B1E291B2A54F7EF6D9676DF980F0E9D3A7271E7BECB1C9584FBA6EF2A2D0E41585869837BB5BCE1ABC65CB9605979AB87D8CD352661AE6673AC6CA952B37C70776474646D2E7FE825CB9726532CA528C9FAE93FC28347945A121C4FCD9523EA6F6ACD47DFB296E97EC9989B79ACCCF74969E9E9EB7CB523379E6CC99FBF2F6D3A953A77E883D33316EBA2EF2A4D0E4158586A698475B4B487CF6253ED05BF5E8A7582E966FFDCC4CC4FC4CC78AA61E25E49D77DEB955F783C271BB7DFBF67D5B6E28F6CC2C310A4D5E51686835BDA7E6A7B79F2271C8F58E1D3B8AE1E1E1E2FCF9F3C5B56BD7A6E6E1F819BFC7E5717DEBA1D9D369989FE978E593FCE1F2C97EB5AFAF6FA2DC186E573D4F4D2C77F0E0C1EF7A7B7BEFC4ED639C746CF2A6D0E415858654737E4ECAC97C637E6679993E64F0464F4F4F637070F0BB43870E7D7FF6ECD9DB57AF5E9D6A38E5CF3BE5EF37CB12F3EDC0C0409C2F21FEE770C3A17F4B97429357141AEEA6393FCF5256EE15F333CBDBF4192BF77775758D74FFF88569CD6F818D9FE3D397EF7786C9A54FA1C92B0A0D73313F03CC42A1C92B0A0D00D4A0D0E4158506006A5068F28A4203003528347945A101801A149ABCA2D000400D0A4D5E516800A0068526AF2834005083429357141A00A841A1C92B0A0D00D4A0D0E4158506006A5068F28A4203003528347945A101801A149ABCA2D000400D0A4D5E516800A0068526AF2834005083429357141A00A841A1C92B0A0D00D4A0D0E4158506006A5068F28A4203003528347945A101801A149ABCA2D000400DC3C3C3C5CD9B3767BCB0CAE2A77C1C26141A00A8E1F8F1E393A3A3A3335E5C65F173E9D2A52FCA42339E3E4600C01C8E1E3DBAFDD8B1638D919191863D350F26E5DF7DB22C3397CA32137B68B6A58F11005041BC88C69E8178BB431E58E2EFBF2D7D6C000000000000000000000000000000000000000058A0FF01E1C637AC306957630000000049454E44AE426082, 1);
INSERT INTO `ACT_GE_BYTEARRAY` VALUES ('5020', 1, 'reimbursement.bpmn20.xml', '5019', 0x3C3F786D6C2076657273696F6E3D22312E302220656E636F64696E673D225554462D38223F3E0A3C646566696E6974696F6E7320786D6C6E733D22687474703A2F2F7777772E6F6D672E6F72672F737065632F42504D4E2F32303130303532342F4D4F44454C2220786D6C6E733A7873693D22687474703A2F2F7777772E77332E6F72672F323030312F584D4C536368656D612D696E7374616E63652220786D6C6E733A7873643D22687474703A2F2F7777772E77332E6F72672F323030312F584D4C536368656D612220786D6C6E733A61637469766974693D22687474703A2F2F61637469766974692E6F72672F62706D6E2220786D6C6E733A62706D6E64693D22687474703A2F2F7777772E6F6D672E6F72672F737065632F42504D4E2F32303130303532342F44492220786D6C6E733A6F6D6764633D22687474703A2F2F7777772E6F6D672E6F72672F737065632F44442F32303130303532342F44432220786D6C6E733A6F6D6764693D22687474703A2F2F7777772E6F6D672E6F72672F737065632F44442F32303130303532342F44492220747970654C616E67756167653D22687474703A2F2F7777772E77332E6F72672F323030312F584D4C536368656D61222065787072657373696F6E4C616E67756167653D22687474703A2F2F7777772E77332E6F72672F313939392F585061746822207461726765744E616D6573706163653D22687474703A2F2F7777772E61637469766974692E6F72672F70726F63657373646566223E0A20203C70726F636573732069643D2270726F6365737322206E616D653D22E68AA5E99480E6B581E7A88B2220697345786563757461626C653D2274727565223E0A202020203C646F63756D656E746174696F6E3EE68AA5E99480E6B581E7A88B3C2F646F63756D656E746174696F6E3E0A202020203C73746172744576656E742069643D227369642D34383845313633422D444132312D343534392D383743372D414543343843333437393234223E3C2F73746172744576656E743E0A202020203C757365725461736B2069643D227369642D37374230313031322D364437302D344141412D413037372D333746344636363542463832223E3C2F757365725461736B3E0A202020203C73657175656E6365466C6F772069643D227369642D44433733373745452D453731372D343244412D424242442D4235323236414146353342322220736F757263655265663D227369642D34383845313633422D444132312D343534392D383743372D41454334384333343739323422207461726765745265663D227369642D37374230313031322D364437302D344141412D413037372D333746344636363542463832223E3C2F73657175656E6365466C6F773E0A202020203C656E644576656E742069643D227369642D33334544424442342D374345362D343043312D383432302D323639394339414645304646223E3C2F656E644576656E743E0A202020203C73657175656E6365466C6F772069643D227369642D33414138374536312D344333422D344343302D394443312D3233313642363631393246422220736F757263655265663D227369642D37374230313031322D364437302D344141412D413037372D33374634463636354246383222207461726765745265663D227369642D33334544424442342D374345362D343043312D383432302D323639394339414645304646223E3C2F73657175656E6365466C6F773E0A20203C2F70726F636573733E0A20203C62706D6E64693A42504D4E4469616772616D2069643D2242504D4E4469616772616D5F70726F63657373223E0A202020203C62706D6E64693A42504D4E506C616E652062706D6E456C656D656E743D2270726F63657373222069643D2242504D4E506C616E655F70726F63657373223E0A2020202020203C62706D6E64693A42504D4E53686170652062706D6E456C656D656E743D227369642D34383845313633422D444132312D343534392D383743372D414543343843333437393234222069643D2242504D4E53686170655F7369642D34383845313633422D444132312D343534392D383743372D414543343843333437393234223E0A20202020202020203C6F6D6764633A426F756E6473206865696768743D2233302E30222077696474683D2233302E302220783D223136352E33393939393939393939393939382220793D223133332E30223E3C2F6F6D6764633A426F756E64733E0A2020202020203C2F62706D6E64693A42504D4E53686170653E0A2020202020203C62706D6E64693A42504D4E53686170652062706D6E456C656D656E743D227369642D37374230313031322D364437302D344141412D413037372D333746344636363542463832222069643D2242504D4E53686170655F7369642D37374230313031322D364437302D344141412D413037372D333746344636363542463832223E0A20202020202020203C6F6D6764633A426F756E6473206865696768743D2238302E30222077696474683D223130302E302220783D223239382E342220793D223130382E30223E3C2F6F6D6764633A426F756E64733E0A2020202020203C2F62706D6E64693A42504D4E53686170653E0A2020202020203C62706D6E64693A42504D4E53686170652062706D6E456C656D656E743D227369642D33334544424442342D374345362D343043312D383432302D323639394339414645304646222069643D2242504D4E53686170655F7369642D33334544424442342D374345362D343043312D383432302D323639394339414645304646223E0A20202020202020203C6F6D6764633A426F756E6473206865696768743D2232382E30222077696474683D2232382E302220783D223532362E342220793D223133342E30223E3C2F6F6D6764633A426F756E64733E0A2020202020203C2F62706D6E64693A42504D4E53686170653E0A2020202020203C62706D6E64693A42504D4E456467652062706D6E456C656D656E743D227369642D44433733373745452D453731372D343244412D424242442D423532323641414635334232222069643D2242504D4E456467655F7369642D44433733373745452D453731372D343244412D424242442D423532323641414635334232223E0A20202020202020203C6F6D6764693A776179706F696E7420783D223139352E33393939393939393939393939382220793D223134382E30223E3C2F6F6D6764693A776179706F696E743E0A20202020202020203C6F6D6764693A776179706F696E7420783D223239382E342220793D223134382E30223E3C2F6F6D6764693A776179706F696E743E0A2020202020203C2F62706D6E64693A42504D4E456467653E0A2020202020203C62706D6E64693A42504D4E456467652062706D6E456C656D656E743D227369642D33414138374536312D344333422D344343302D394443312D323331364236363139324642222069643D2242504D4E456467655F7369642D33414138374536312D344333422D344343302D394443312D323331364236363139324642223E0A20202020202020203C6F6D6764693A776179706F696E7420783D223339382E342220793D223134382E30223E3C2F6F6D6764693A776179706F696E743E0A20202020202020203C6F6D6764693A776179706F696E7420783D223532362E342220793D223134382E30223E3C2F6F6D6764693A776179706F696E743E0A2020202020203C2F62706D6E64693A42504D4E456467653E0A202020203C2F62706D6E64693A42504D4E506C616E653E0A20203C2F62706D6E64693A42504D4E4469616772616D3E0A3C2F646566696E6974696F6E733E, 0);
INSERT INTO `ACT_GE_BYTEARRAY` VALUES ('5021', 1, 'reimbursement.process.png', '5019', 0x89504E470D0A1A0A0000000D4948445200000234000000C60806000000C54E1A3800000B2B49444154785EEDDD5F6F54651E07705FC0BE9B7D05C6CBBDD90BA4AD9662FD031A5120A168976EC0BD0049881AD948B2242ED90B56B2C99AEC660D0205230A26BBC90656C42CE18F71595A11A15A03483B67CFAF76CCECD3424F4F99F274FAF924DF94CE9C79CEA433E7992F67E69C79E821000000000000000000000000000000000000000000000000000000000000000000000000000000000000000000000000000000000000000000000000000000000000000000000000000000000000000000000000000000000000000000000000000000000000000000000000000000000000000000000000000000000000000000000000000000000000000000000000000000000000000000000000000000000000000000000000000000000000000000000000000000000000000000000000000000000000000000000000000000000000000000000000000000000000000000000000000000000000000000164D51143FBB70E1C297274F9E2C8687878BC3870FCB2227FEEEC78F1F9F3C7AF4E8F6F4F101002A8832F3E1871F16A3A3A3C5CD9B378BDBB76FCB2227FEEEF1F73F76EC58A32C38DBD2C708009843EC998917D3F44556163F2323235168C6D3C708009843BCDD61CF4C1E89C721DE824A1F2300600EF1029ABEB0CA838B42030035542D34E337AE1417FEFEFBE2CC91DF4C25FE1D97A5CBC9C2A2D000400D550ACD77D72F179FBEFFEBE2D4DF06FE2F71595C972E2FF5A3D000400D550ACD9767FE32A3CC34F39F337F9DB1BCD48F42030035542934678FED9C51649A89EBD2E5A57E141A00A8A14AA1F9F4F0B61945A699B82E5D5EEA47A101801A149ABCA2D000400D550A4D1CD594169966E2BA7479A91F8506006AA85268CE7DFCDB1945A699B82E5D5EEA47A101801AAA149A6B974F179F1EDA3AA3CCC465715DBABCD48F42030035542934918BFFF8C38C421397A5CBC9C2A2D000400D950ACDAD5BC5B9137B66149AB82CAE9BB1BCD48E42030035CC5568E24CC0FFFE78F78C32D34C5CE76CC1F72F0A0D00D470D74273EB5671E5DCD1E25F077F35A3C4A4896562597B6B161E8506006A98ADD0CCB557E66EB1B766E1516800A086D90A4D95BD32774BDC361D4FAA47A101801A662B346949996FD2F1A47A141A00A861B642230F2E0A0D00D4A0D0E4158506006A5068F28A4203003528347945A101B88F0E1C38B07ACF9E3D5F6CDDBA7572F3E6CDC5B3CF3E5B7477774FFDDCB4695363686868E2CD37DF3CF7FAEBAFFF22BD2D4B8B429357141AE6F2E8A38FFEBC9C8FF77775758D943FC7CB4CC4FC3CFD737CFAF2FDB15C7A5B5836F6EEDDFBE7975F7EB9F1F4D34F176FBDF556F1C9279F14E7CF9F2FAE5DBB5684F819BFC7E5717D2C37303030B973E7CEDFA563B13428347945A1E16E56AE5CB9B12C2A37A6CB4BD5DC88DBA56341C72A8BCC73434343931B366C284E9E3C594C4E4E4E1598B9C472B17CDCEEA5975E9A181C1CFC653A36795368F28A4243AA2C240F97C5E4EA2C65653EB91AE3A4634347D9B367CF9FD6AC5953BCF7DE7BC5C4C444DA592A89DBC5ED638FCDD6AD5B77A7EB205F0A4D5E516868559690CD651969B4969355AB56153B76EC2886878767DD831E97C7F5B15C526A1A315EBA0EE808AFBDF6DA3FE373319F7FFE795251EA897162BCC1C1C1F7D37591278526AF283434F5F4F4BC5DE6A742F2F8E38F177BF7EE2DAE5FBF9E4EBDB38AE562F9B85D6BB18971D375C192B66BD7AE7D6BD7AE2D464747D3ED604162BCD8E3B371E3C61DE93AC98F429357141AC2F49E999F4AC8BA75EB8A8B172FA6D36D2571BBB87DEB78F6D4D0315E79E595AE281DF76BCF4C2AC68DB79F56AC58F148BA6EF2A2D0E41585869837E3EDA166F9D8B2654B313636964EB3F312B78F715A4A4DC3FC4C47181818F8213EF3D24E31FEF3CF3FFF7DBA6EF2A2D0E4158586B26C7CD5BA6766A165A629C649F6D47C95AE1B9694A1A1A15DEBD7AFAFFD01E0AA62FC175E78A158BD7AB55D9B195368F28A42B3BC4D1F9A3D5538E2B32F75DF66BA9B18AFF533350EE966497BF1C51727E250EBC510EB59BB76EDADF43E900F8526AF2834CB5B5932C69A65233ED0DB0E316ECB5E9AB1F43EC09210678E7CEAA9A72A9F6766A1623DFDFDFD8533562EBE9E9E9EEB6536A497A7149ABCA2D074A62ADBE3F41980A78A461C725DF568A6F98A715B0FE9363FB3246DDAB4E9589CE17731EDDEBD3B76711E48EF0BEDD59CACE69A48159ABCA2D074A62ADB635757D71F9BCBBDFAEAABE9547A5FC5F8CD75C57AD3FB02D95BBF7EFDF862BDDDD414EB7BF2C927BF4EEF0BEDD5B24BF99E13A9429357149ACE54657B2C2FBFDCBCFEC89123E9547A5FC5F82DF7E772EBFD8025E1B9E79E9BB870E142FADC6EAB585F59686EA7F785F64A27D0BB4DA40A4D5E51683A53BA1DCEB63D76FFF845935397B77B9E8EF15BEEC7787A7F217BFDFDFD8D6FBEF9267D6EB755ACAFAFAFAF91DE17DA2B9D38D33427528526AF28349D29DDFED2C4F6D8DD72EE9976CFD3317ECBFA27D2FB0BD98BC3F5EEDCB9933EB7DB2AD6976EBC924F149ABC923E3EB23CD3EE793A9D97D3D70AC8DE134F3CF140F6D0AC5AB56A32BD2FB4573A4136E32DA7BC630F4D674AB7C3D9B6C7F2F789E6E5ED9EA7EDA161C95BB366CD9D76BF379B8AF5F5F5F5DD4CEF0BED75AF89B395429357149ACE54657BECF6191AA82E8E365AECA39C3EFAE8A346B9E1FE37BD2FB4D7BD26CE560A4D5E51683A5395EDB1DB514E505D9C6FE08D37DE68A44FEE76DABE7DFB0FCE73B0F8EE3571B65268F28A42D399AA6C8FCE4303F31067845CBD7AF5A29E29B8B7B7B7E14C94F95268F28A42B37C395330CC53F9441E3F71E244FA1C6F8B0F3EF860A2FC5F89EF0AC998429357149AE5ADDB77394175F1EDAACF3CF34C6331BE6DBBBFBF7FD2B7B9E64DA1C92B0ACDF2E6DBB6619E7A7B7BBF7EF7DD77DBFABED38103076E971BCC57E9BAC98B429357141A62DE6C168E75EBD615636363E9F45A4B8C13E3B5EC9D313FB3F4AD58B1E291B2A54F7EF6D9676DF980F0E9D3A7271E7BECB1C9584FBA6EF2A2D0E41585869837BB5BCE1ABC65CB9605979AB87D8CD352661AE6673AC6CA952B37C70776474646D2E7FE825CB9726532CA528C9FAE93FC28347945A121C4FCD9523EA6F6ACD47DFB296E97EC9989B79ACCCF74969E9E9EB7CB523379E6CC99FBF2F6D3A953A77E883D33316EBA2EF2A4D0E4158586A698475B4B487CF6253ED05BF5E8A7582E966FFDCC4CC4FC4CC78AA61E25E49D77DEB955F783C271BB7DFBF67D5B6E28F6CC2C310A4D5E51686835BDA7E6A7B79F2271C8F58E1D3B8AE1E1E1E2FCF9F3C5B56BD7A6E6E1F819BFC7E5717DEBA1D9D369989FE978E593FCE1F2C97EB5AFAF6FA2DC186E573D4F4D2C77F0E0C1EF7A7B7BEFC4ED639C746CF2A6D0E415858654737E4ECAC97C637E6679993E64F0464F4F4F637070F0BB43870E7D7FF6ECD9DB57AF5E9D6A38E5CF3BE5EF37CB12F3EDC0C0409C2F21FEE770C3A17F4B97429357141AEEA6393FCF5256EE15F333CBDBF4192BF77775758D74FFF88569CD6F818D9FE3D397EF7786C9A54FA1C92B0A0D73313F03CC42A1C92B0A0D00D4A0D0E4158506006A5068F28A4203003528347945A101801A149ABCA2D000400D0A4D5E516800A0068526AF2834005083429357141A00A841A1C92B0A0D00D4A0D0E4158506006A5068F28A4203003528347945A101801A149ABCA2D000400D0A4D5E516800A0068526AF2834005083429357141A00A841A1C92B0A0D00D4A0D0E4158506006A5068F28A4203003528347945A101801A149ABCA2D000400DC3C3C3C5CD9B3767BCB0CAE2A77C1C26141A00A8E1F8F1E393A3A3A3335E5C65F173E9D2A52FCA42339E3E4600C01C8E1E3DBAFDD8B1638D919191863D350F26E5DF7DB22C3397CA32137B68B6A58F11005041BC88C69E8178BB431E58E2EFBF2D7D6C000000000000000000000000000000000000000058A0FF01E1C637AC306957630000000049454E44AE426082, 1);
INSERT INTO `ACT_GE_BYTEARRAY` VALUES ('5024', 1, 'reimbursement.bpmn20.xml', '5023', 0x3C3F786D6C2076657273696F6E3D22312E302220656E636F64696E673D225554462D38223F3E0A3C646566696E6974696F6E7320786D6C6E733D22687474703A2F2F7777772E6F6D672E6F72672F737065632F42504D4E2F32303130303532342F4D4F44454C2220786D6C6E733A7873693D22687474703A2F2F7777772E77332E6F72672F323030312F584D4C536368656D612D696E7374616E63652220786D6C6E733A7873643D22687474703A2F2F7777772E77332E6F72672F323030312F584D4C536368656D612220786D6C6E733A61637469766974693D22687474703A2F2F61637469766974692E6F72672F62706D6E2220786D6C6E733A62706D6E64693D22687474703A2F2F7777772E6F6D672E6F72672F737065632F42504D4E2F32303130303532342F44492220786D6C6E733A6F6D6764633D22687474703A2F2F7777772E6F6D672E6F72672F737065632F44442F32303130303532342F44432220786D6C6E733A6F6D6764693D22687474703A2F2F7777772E6F6D672E6F72672F737065632F44442F32303130303532342F44492220747970654C616E67756167653D22687474703A2F2F7777772E77332E6F72672F323030312F584D4C536368656D61222065787072657373696F6E4C616E67756167653D22687474703A2F2F7777772E77332E6F72672F313939392F585061746822207461726765744E616D6573706163653D22687474703A2F2F7777772E61637469766974692E6F72672F70726F63657373646566223E0A20203C70726F636573732069643D2270726F6365737322206E616D653D22E68AA5E99480E6B581E7A88B2220697345786563757461626C653D2274727565223E0A202020203C646F63756D656E746174696F6E3EE68AA5E99480E6B581E7A88B3C2F646F63756D656E746174696F6E3E0A202020203C73746172744576656E742069643D227369642D34383845313633422D444132312D343534392D383743372D414543343843333437393234223E3C2F73746172744576656E743E0A202020203C757365725461736B2069643D227369642D37374230313031322D364437302D344141412D413037372D333746344636363542463832223E3C2F757365725461736B3E0A202020203C73657175656E6365466C6F772069643D227369642D44433733373745452D453731372D343244412D424242442D4235323236414146353342322220736F757263655265663D227369642D34383845313633422D444132312D343534392D383743372D41454334384333343739323422207461726765745265663D227369642D37374230313031322D364437302D344141412D413037372D333746344636363542463832223E3C2F73657175656E6365466C6F773E0A202020203C656E644576656E742069643D227369642D33334544424442342D374345362D343043312D383432302D323639394339414645304646223E3C2F656E644576656E743E0A202020203C73657175656E6365466C6F772069643D227369642D33414138374536312D344333422D344343302D394443312D3233313642363631393246422220736F757263655265663D227369642D37374230313031322D364437302D344141412D413037372D33374634463636354246383222207461726765745265663D227369642D33334544424442342D374345362D343043312D383432302D323639394339414645304646223E3C2F73657175656E6365466C6F773E0A20203C2F70726F636573733E0A20203C62706D6E64693A42504D4E4469616772616D2069643D2242504D4E4469616772616D5F70726F63657373223E0A202020203C62706D6E64693A42504D4E506C616E652062706D6E456C656D656E743D2270726F63657373222069643D2242504D4E506C616E655F70726F63657373223E0A2020202020203C62706D6E64693A42504D4E53686170652062706D6E456C656D656E743D227369642D34383845313633422D444132312D343534392D383743372D414543343843333437393234222069643D2242504D4E53686170655F7369642D34383845313633422D444132312D343534392D383743372D414543343843333437393234223E0A20202020202020203C6F6D6764633A426F756E6473206865696768743D2233302E30222077696474683D2233302E302220783D223136352E33393939393939393939393939382220793D223133332E30223E3C2F6F6D6764633A426F756E64733E0A2020202020203C2F62706D6E64693A42504D4E53686170653E0A2020202020203C62706D6E64693A42504D4E53686170652062706D6E456C656D656E743D227369642D37374230313031322D364437302D344141412D413037372D333746344636363542463832222069643D2242504D4E53686170655F7369642D37374230313031322D364437302D344141412D413037372D333746344636363542463832223E0A20202020202020203C6F6D6764633A426F756E6473206865696768743D2238302E30222077696474683D223130302E302220783D223239382E342220793D223130382E30223E3C2F6F6D6764633A426F756E64733E0A2020202020203C2F62706D6E64693A42504D4E53686170653E0A2020202020203C62706D6E64693A42504D4E53686170652062706D6E456C656D656E743D227369642D33334544424442342D374345362D343043312D383432302D323639394339414645304646222069643D2242504D4E53686170655F7369642D33334544424442342D374345362D343043312D383432302D323639394339414645304646223E0A20202020202020203C6F6D6764633A426F756E6473206865696768743D2232382E30222077696474683D2232382E302220783D223532362E342220793D223133342E30223E3C2F6F6D6764633A426F756E64733E0A2020202020203C2F62706D6E64693A42504D4E53686170653E0A2020202020203C62706D6E64693A42504D4E456467652062706D6E456C656D656E743D227369642D44433733373745452D453731372D343244412D424242442D423532323641414635334232222069643D2242504D4E456467655F7369642D44433733373745452D453731372D343244412D424242442D423532323641414635334232223E0A20202020202020203C6F6D6764693A776179706F696E7420783D223139352E33393939393939393939393939382220793D223134382E30223E3C2F6F6D6764693A776179706F696E743E0A20202020202020203C6F6D6764693A776179706F696E7420783D223239382E342220793D223134382E30223E3C2F6F6D6764693A776179706F696E743E0A2020202020203C2F62706D6E64693A42504D4E456467653E0A2020202020203C62706D6E64693A42504D4E456467652062706D6E456C656D656E743D227369642D33414138374536312D344333422D344343302D394443312D323331364236363139324642222069643D2242504D4E456467655F7369642D33414138374536312D344333422D344343302D394443312D323331364236363139324642223E0A20202020202020203C6F6D6764693A776179706F696E7420783D223339382E342220793D223134382E30223E3C2F6F6D6764693A776179706F696E743E0A20202020202020203C6F6D6764693A776179706F696E7420783D223532362E342220793D223134382E30223E3C2F6F6D6764693A776179706F696E743E0A2020202020203C2F62706D6E64693A42504D4E456467653E0A202020203C2F62706D6E64693A42504D4E506C616E653E0A20203C2F62706D6E64693A42504D4E4469616772616D3E0A3C2F646566696E6974696F6E733E, 0);
INSERT INTO `ACT_GE_BYTEARRAY` VALUES ('5025', 1, 'reimbursement.process.png', '5023', 0x89504E470D0A1A0A0000000D4948445200000234000000C60806000000C54E1A3800000B2B49444154785EEDDD5F6F54651E07705FC0BE9B7D05C6CBBDD90BA4AD9662FD031A5120A168976EC0BD0049881AD948B2242ED90B56B2C99AEC660D0205230A26BBC90656C42CE18F71595A11A15A03483B67CFAF76CCECD3424F4F99F274FAF924DF94CE9C79CEA433E7992F67E69C79E821000000000000000000000000000000000000000000000000000000000000000000000000000000000000000000000000000000000000000000000000000000000000000000000000000000000000000000000000000000000000000000000000000000000000000000000000000000000000000000000000000000000000000000000000000000000000000000000000000000000000000000000000000000000000000000000000000000000000000000000000000000000000000000000000000000000000000000000000000000000000000000000000000000000000000000000000000000000000000000164D51143FBB70E1C297274F9E2C8687878BC3870FCB2227FEEEC78F1F9F3C7AF4E8F6F4F101002A8832F3E1871F16A3A3A3C5CD9B378BDBB76FCB2227FEEEF1F73F76EC58A32C38DBD2C708009843EC998917D3F44556163F2323235168C6D3C708009843BCDD61CF4C1E89C721DE824A1F2300600EF1029ABEB0CA838B42030035542D34E337AE1417FEFEFBE2CC91DF4C25FE1D97A5CBC9C2A2D000400D550ACD77D72F179FBEFFEBE2D4DF06FE2F71595C972E2FF5A3D000400D550ACD9767FE32A3CC34F39F337F9DB1BCD48F42030035542934678FED9C51649A89EBD2E5A57E141A00A8A14AA1F9F4F0B61945A699B82E5D5EEA47A101801A149ABCA2D000400D550A4D1CD594169966E2BA7479A91F8506006AA85268CE7DFCDB1945A699B82E5D5EEA47A101801AAA149A6B974F179F1EDA3AA3CCC465715DBABCD48F42030035542934918BFFF8C38C421397A5CBC9C2A2D000400D950ACDAD5BC5B9137B66149AB82CAE9BB1BCD48E42030035CC5568E24CC0FFFE78F78C32D34C5CE76CC1F72F0A0D00D470D74273EB5671E5DCD1E25F077F35A3C4A4896562597B6B161E8506006A98ADD0CCB557E66EB1B766E1516800A086D90A4D95BD32774BDC361D4FAA47A101801A662B346949996FD2F1A47A141A00A861B642230F2E0A0D00D4A0D0E4158506006A5068F28A4203003528347945A101B88F0E1C38B07ACF9E3D5F6CDDBA7572F3E6CDC5B3CF3E5B7477774FFDDCB4695363686868E2CD37DF3CF7FAEBAFFF22BD2D4B8B429357141AE6F2E8A38FFEBC9C8FF77775758D943FC7CB4CC4FC3CFD737CFAF2FDB15C7A5B5836F6EEDDFBE7975F7EB9F1F4D34F176FBDF556F1C9279F14E7CF9F2FAE5DBB5684F819BFC7E5717D2C37303030B973E7CEDFA563B13428347945A1E16E56AE5CB9B12C2A37A6CB4BD5DC88DBA56341C72A8BCC73434343931B366C284E9E3C594C4E4E4E1598B9C472B17CDCEEA5975E9A181C1CFC653A36795368F28A4243AA2C240F97C5E4EA2C65653EB91AE3A4634347D9B367CF9FD6AC5953BCF7DE7BC5C4C444DA592A89DBC5ED638FCDD6AD5B77A7EB205F0A4D5E516868559690CD651969B4969355AB56153B76EC2886878767DD831E97C7F5B15C526A1A315EBA0EE808AFBDF6DA3FE373319F7FFE795251EA897162BCC1C1C1F7D37591278526AF283434F5F4F4BC5DE6A742F2F8E38F177BF7EE2DAE5FBF9E4EBDB38AE562F9B85D6BB18971D375C192B66BD7AE7D6BD7AE2D464747D3ED604162BCD8E3B371E3C61DE93AC98F429357141AC2F49E999F4AC8BA75EB8A8B172FA6D36D2571BBB87DEB78F6D4D0315E79E595AE281DF76BCF4C2AC68DB79F56AC58F148BA6EF2A2D0E41585869837E3EDA166F9D8B2654B313636964EB3F312B78F715A4A4DC3FC4C47181818F8213EF3D24E31FEF3CF3FFF7DBA6EF2A2D0E4158586B26C7CD5BA6766A165A629C649F6D47C95AE1B9694A1A1A15DEBD7AFAFFD01E0AA62FC175E78A158BD7AB55D9B195368F28A42B3BC4D1F9A3D5538E2B32F75DF66BA9B18AFF533350EE966497BF1C51727E250EBC510EB59BB76EDADF43E900F8526AF2834CB5B5932C69A65233ED0DB0E316ECB5E9AB1F43EC09210678E7CEAA9A72A9F6766A1623DFDFDFD8533562EBE9E9E9EEB6536A497A7149ABCA2D074A62ADBE3F41980A78A461C725DF568A6F98A715B0FE9363FB3246DDAB4E9589CE17731EDDEBD3B76711E48EF0BEDD59CACE69A48159ABCA2D074A62ADB635757D71F9BCBBDFAEAABE9547A5FC5F8CD75C57AD3FB02D95BBF7EFDF862BDDDD414EB7BF2C927BF4EEF0BEDD5B24BF99E13A9429357149ACE54657B2C2FBFDCBCFEC89123E9547A5FC5F82DF7E772EBFD8025E1B9E79E9BB870E142FADC6EAB585F59686EA7F785F64A27D0BB4DA40A4D5E51683A53BA1DCEB63D76FFF845935397B77B9E8EF15BEEC7787A7F217BFDFDFD8D6FBEF9267D6EB755ACAFAFAFAF91DE17DA2B9D38D33427528526AF28349D29DDFED2C4F6D8DD72EE9976CFD3317ECBFA27D2FB0BD98BC3F5EEDCB9933EB7DB2AD6976EBC924F149ABC923E3EB23CD3EE793A9D97D3D70AC8DE134F3CF140F6D0AC5AB56A32BD2FB4573A4136E32DA7BC630F4D674AB7C3D9B6C7F2F789E6E5ED9EA7EDA161C95BB366CD9D76BF379B8AF5F5F5F5DD4CEF0BED75AF89B395429357149ACE54657BECF6191AA82E8E365AECA39C3EFAE8A346B9E1FE37BD2FB4D7BD26CE560A4D5E51683A5395EDB1DB514E505D9C6FE08D37DE68A44FEE76DABE7DFB0FCE73B0F8EE3571B65268F28A42D399AA6C8FCE4303F31067845CBD7AF5A29E29B8B7B7B7E14C94F95268F28A42B37C395330CC53F9441E3F71E244FA1C6F8B0F3EF860A2FC5F89EF0AC998429357149AE5ADDB77394175F1EDAACF3CF34C6331BE6DBBBFBF7FD2B7B9E64DA1C92B0ACDF2E6DBB6619E7A7B7BBF7EF7DD77DBFABED38103076E971BCC57E9BAC98B429357141A62DE6C168E75EBD615636363E9F45A4B8C13E3B5EC9D313FB3F4AD58B1E291B2A54F7EF6D9676DF980F0E9D3A7271E7BECB1C9584FBA6EF2A2D0E41585869837BB5BCE1ABC65CB9605979AB87D8CD352661AE6673AC6CA952B37C70776474646D2E7FE825CB9726532CA528C9FAE93FC28347945A121C4FCD9523EA6F6ACD47DFB296E97EC9989B79ACCCF74969E9E9EB7CB523379E6CC99FBF2F6D3A953A77E883D33316EBA2EF2A4D0E4158586A698475B4B487CF6253ED05BF5E8A7582E966FFDCC4CC4FC4CC78AA61E25E49D77DEB955F783C271BB7DFBF67D5B6E28F6CC2C310A4D5E51686835BDA7E6A7B79F2271C8F58E1D3B8AE1E1E1E2FCF9F3C5B56BD7A6E6E1F819BFC7E5717DEBA1D9D369989FE978E593FCE1F2C97EB5AFAF6FA2DC186E573D4F4D2C77F0E0C1EF7A7B7BEFC4ED639C746CF2A6D0E415858654737E4ECAC97C637E6679993E64F0464F4F4F637070F0BB43870E7D7FF6ECD9DB57AF5E9D6A38E5CF3BE5EF37CB12F3EDC0C0409C2F21FEE770C3A17F4B97429357141AEEA6393FCF5256EE15F333CBDBF4192BF77775758D74FFF88569CD6F818D9FE3D397EF7786C9A54FA1C92B0A0D73313F03CC42A1C92B0A0D00D4A0D0E4158506006A5068F28A4203003528347945A101801A149ABCA2D000400D0A4D5E516800A0068526AF2834005083429357141A00A841A1C92B0A0D00D4A0D0E4158506006A5068F28A4203003528347945A101801A149ABCA2D000400D0A4D5E516800A0068526AF2834005083429357141A00A841A1C92B0A0D00D4A0D0E4158506006A5068F28A4203003528347945A101801A149ABCA2D000400DC3C3C3C5CD9B3767BCB0CAE2A77C1C26141A00A8E1F8F1E393A3A3A3335E5C65F173E9D2A52FCA42339E3E4600C01C8E1E3DBAFDD8B1638D919191863D350F26E5DF7DB22C3397CA32137B68B6A58F11005041BC88C69E8178BB431E58E2EFBF2D7D6C000000000000000000000000000000000000000058A0FF01E1C637AC306957630000000049454E44AE426082, 1);
INSERT INTO `ACT_GE_BYTEARRAY` VALUES ('7502', 1, 'reimbursement.bpmn20.xml', '7501', 0x3C3F786D6C2076657273696F6E3D22312E302220656E636F64696E673D225554462D38223F3E0A3C646566696E6974696F6E7320786D6C6E733D22687474703A2F2F7777772E6F6D672E6F72672F737065632F42504D4E2F32303130303532342F4D4F44454C2220786D6C6E733A7873693D22687474703A2F2F7777772E77332E6F72672F323030312F584D4C536368656D612D696E7374616E63652220786D6C6E733A7873643D22687474703A2F2F7777772E77332E6F72672F323030312F584D4C536368656D612220786D6C6E733A61637469766974693D22687474703A2F2F61637469766974692E6F72672F62706D6E2220786D6C6E733A62706D6E64693D22687474703A2F2F7777772E6F6D672E6F72672F737065632F42504D4E2F32303130303532342F44492220786D6C6E733A6F6D6764633D22687474703A2F2F7777772E6F6D672E6F72672F737065632F44442F32303130303532342F44432220786D6C6E733A6F6D6764693D22687474703A2F2F7777772E6F6D672E6F72672F737065632F44442F32303130303532342F44492220747970654C616E67756167653D22687474703A2F2F7777772E77332E6F72672F323030312F584D4C536368656D61222065787072657373696F6E4C616E67756167653D22687474703A2F2F7777772E77332E6F72672F313939392F585061746822207461726765744E616D6573706163653D22687474703A2F2F7777772E61637469766974692E6F72672F70726F63657373646566223E0A20203C70726F636573732069643D2270726F6365737322206E616D653D22E68AA5E99480E6B581E7A88B2220697345786563757461626C653D2274727565223E0A202020203C646F63756D656E746174696F6E3EE68AA5E99480E6B581E7A88B3C2F646F63756D656E746174696F6E3E0A202020203C73746172744576656E742069643D227369642D34383845313633422D444132312D343534392D383743372D414543343843333437393234223E3C2F73746172744576656E743E0A202020203C757365725461736B2069643D227369642D37374230313031322D364437302D344141412D413037372D333746344636363542463832223E3C2F757365725461736B3E0A202020203C73657175656E6365466C6F772069643D227369642D44433733373745452D453731372D343244412D424242442D4235323236414146353342322220736F757263655265663D227369642D34383845313633422D444132312D343534392D383743372D41454334384333343739323422207461726765745265663D227369642D37374230313031322D364437302D344141412D413037372D333746344636363542463832223E3C2F73657175656E6365466C6F773E0A202020203C656E644576656E742069643D227369642D33334544424442342D374345362D343043312D383432302D323639394339414645304646223E3C2F656E644576656E743E0A202020203C73657175656E6365466C6F772069643D227369642D33414138374536312D344333422D344343302D394443312D3233313642363631393246422220736F757263655265663D227369642D37374230313031322D364437302D344141412D413037372D33374634463636354246383222207461726765745265663D227369642D33334544424442342D374345362D343043312D383432302D323639394339414645304646223E3C2F73657175656E6365466C6F773E0A20203C2F70726F636573733E0A20203C62706D6E64693A42504D4E4469616772616D2069643D2242504D4E4469616772616D5F70726F63657373223E0A202020203C62706D6E64693A42504D4E506C616E652062706D6E456C656D656E743D2270726F63657373222069643D2242504D4E506C616E655F70726F63657373223E0A2020202020203C62706D6E64693A42504D4E53686170652062706D6E456C656D656E743D227369642D34383845313633422D444132312D343534392D383743372D414543343843333437393234222069643D2242504D4E53686170655F7369642D34383845313633422D444132312D343534392D383743372D414543343843333437393234223E0A20202020202020203C6F6D6764633A426F756E6473206865696768743D2233302E30222077696474683D2233302E302220783D223136352E33393939393939393939393939382220793D223133332E30223E3C2F6F6D6764633A426F756E64733E0A2020202020203C2F62706D6E64693A42504D4E53686170653E0A2020202020203C62706D6E64693A42504D4E53686170652062706D6E456C656D656E743D227369642D37374230313031322D364437302D344141412D413037372D333746344636363542463832222069643D2242504D4E53686170655F7369642D37374230313031322D364437302D344141412D413037372D333746344636363542463832223E0A20202020202020203C6F6D6764633A426F756E6473206865696768743D2238302E30222077696474683D223130302E302220783D223239382E342220793D223130382E30223E3C2F6F6D6764633A426F756E64733E0A2020202020203C2F62706D6E64693A42504D4E53686170653E0A2020202020203C62706D6E64693A42504D4E53686170652062706D6E456C656D656E743D227369642D33334544424442342D374345362D343043312D383432302D323639394339414645304646222069643D2242504D4E53686170655F7369642D33334544424442342D374345362D343043312D383432302D323639394339414645304646223E0A20202020202020203C6F6D6764633A426F756E6473206865696768743D2232382E30222077696474683D2232382E302220783D223532362E342220793D223133342E30223E3C2F6F6D6764633A426F756E64733E0A2020202020203C2F62706D6E64693A42504D4E53686170653E0A2020202020203C62706D6E64693A42504D4E456467652062706D6E456C656D656E743D227369642D44433733373745452D453731372D343244412D424242442D423532323641414635334232222069643D2242504D4E456467655F7369642D44433733373745452D453731372D343244412D424242442D423532323641414635334232223E0A20202020202020203C6F6D6764693A776179706F696E7420783D223139352E33393939393939393939393939382220793D223134382E30223E3C2F6F6D6764693A776179706F696E743E0A20202020202020203C6F6D6764693A776179706F696E7420783D223239382E342220793D223134382E30223E3C2F6F6D6764693A776179706F696E743E0A2020202020203C2F62706D6E64693A42504D4E456467653E0A2020202020203C62706D6E64693A42504D4E456467652062706D6E456C656D656E743D227369642D33414138374536312D344333422D344343302D394443312D323331364236363139324642222069643D2242504D4E456467655F7369642D33414138374536312D344333422D344343302D394443312D323331364236363139324642223E0A20202020202020203C6F6D6764693A776179706F696E7420783D223339382E342220793D223134382E30223E3C2F6F6D6764693A776179706F696E743E0A20202020202020203C6F6D6764693A776179706F696E7420783D223532362E342220793D223134382E30223E3C2F6F6D6764693A776179706F696E743E0A2020202020203C2F62706D6E64693A42504D4E456467653E0A202020203C2F62706D6E64693A42504D4E506C616E653E0A20203C2F62706D6E64693A42504D4E4469616772616D3E0A3C2F646566696E6974696F6E733E, 0);
INSERT INTO `ACT_GE_BYTEARRAY` VALUES ('7503', 1, 'reimbursement.process.png', '7501', 0x89504E470D0A1A0A0000000D4948445200000234000000C60806000000C54E1A3800000B2B49444154785EEDDD5F6F54651E07705FC0BE9B7D05C6CBBDD90BA4AD9662FD031A5120A168976EC0BD0049881AD948B2242ED90B56B2C99AEC660D0205230A26BBC90656C42CE18F71595A11A15A03483B67CFAF76CCECD3424F4F99F274FAF924DF94CE9C79CEA433E7992F67E69C79E821000000000000000000000000000000000000000000000000000000000000000000000000000000000000000000000000000000000000000000000000000000000000000000000000000000000000000000000000000000000000000000000000000000000000000000000000000000000000000000000000000000000000000000000000000000000000000000000000000000000000000000000000000000000000000000000000000000000000000000000000000000000000000000000000000000000000000000000000000000000000000000000000000000000000000000000000000000000000000000164D51143FBB70E1C297274F9E2C8687878BC3870FCB2227FEEEC78F1F9F3C7AF4E8F6F4F101002A8832F3E1871F16A3A3A3C5CD9B378BDBB76FCB2227FEEEF1F73F76EC58A32C38DBD2C708009843EC998917D3F44556163F2323235168C6D3C708009843BCDD61CF4C1E89C721DE824A1F2300600EF1029ABEB0CA838B42030035542D34E337AE1417FEFEFBE2CC91DF4C25FE1D97A5CBC9C2A2D000400D550ACD77D72F179FBEFFEBE2D4DF06FE2F71595C972E2FF5A3D000400D550ACD9767FE32A3CC34F39F337F9DB1BCD48F42030035542934678FED9C51649A89EBD2E5A57E141A00A8A14AA1F9F4F0B61945A699B82E5D5EEA47A101801A149ABCA2D000400D550A4D1CD594169966E2BA7479A91F8506006AA85268CE7DFCDB1945A699B82E5D5EEA47A101801AAA149A6B974F179F1EDA3AA3CCC465715DBABCD48F42030035542934918BFFF8C38C421397A5CBC9C2A2D000400D950ACDAD5BC5B9137B66149AB82CAE9BB1BCD48E42030035CC5568E24CC0FFFE78F78C32D34C5CE76CC1F72F0A0D00D470D74273EB5671E5DCD1E25F077F35A3C4A4896562597B6B161E8506006A98ADD0CCB557E66EB1B766E1516800A086D90A4D95BD32774BDC361D4FAA47A101801A662B346949996FD2F1A47A141A00A861B642230F2E0A0D00D4A0D0E4158506006A5068F28A4203003528347945A101B88F0E1C38B07ACF9E3D5F6CDDBA7572F3E6CDC5B3CF3E5B7477774FFDDCB4695363686868E2CD37DF3CF7FAEBAFFF22BD2D4B8B429357141AE6F2E8A38FFEBC9C8FF77775758D943FC7CB4CC4FC3CFD737CFAF2FDB15C7A5B5836F6EEDDFBE7975F7EB9F1F4D34F176FBDF556F1C9279F14E7CF9F2FAE5DBB5684F819BFC7E5717D2C37303030B973E7CEDFA563B13428347945A1E16E56AE5CB9B12C2A37A6CB4BD5DC88DBA56341C72A8BCC73434343931B366C284E9E3C594C4E4E4E1598B9C472B17CDCEEA5975E9A181C1CFC653A36795368F28A4243AA2C240F97C5E4EA2C65653EB91AE3A4634347D9B367CF9FD6AC5953BCF7DE7BC5C4C444DA592A89DBC5ED638FCDD6AD5B77A7EB205F0A4D5E516868559690CD651969B4969355AB56153B76EC2886878767DD831E97C7F5B15C526A1A315EBA0EE808AFBDF6DA3FE373319F7FFE795251EA897162BCC1C1C1F7D37591278526AF283434F5F4F4BC5DE6A742F2F8E38F177BF7EE2DAE5FBF9E4EBDB38AE562F9B85D6BB18971D375C192B66BD7AE7D6BD7AE2D464747D3ED604162BCD8E3B371E3C61DE93AC98F429357141AC2F49E999F4AC8BA75EB8A8B172FA6D36D2571BBB87DEB78F6D4D0315E79E595AE281DF76BCF4C2AC68DB79F56AC58F148BA6EF2A2D0E41585869837E3EDA166F9D8B2654B313636964EB3F312B78F715A4A4DC3FC4C47181818F8213EF3D24E31FEF3CF3FFF7DBA6EF2A2D0E4158586B26C7CD5BA6766A165A629C649F6D47C95AE1B9694A1A1A15DEBD7AFAFFD01E0AA62FC175E78A158BD7AB55D9B195368F28A42B3BC4D1F9A3D5538E2B32F75DF66BA9B18AFF533350EE966497BF1C51727E250EBC510EB59BB76EDADF43E900F8526AF2834CB5B5932C69A65233ED0DB0E316ECB5E9AB1F43EC09210678E7CEAA9A72A9F6766A1623DFDFDFD8533562EBE9E9E9EEB6536A497A7149ABCA2D074A62ADBE3F41980A78A461C725DF568A6F98A715B0FE9363FB3246DDAB4E9589CE17731EDDEBD3B76711E48EF0BEDD59CACE69A48159ABCA2D074A62ADB635757D71F9BCBBDFAEAABE9547A5FC5F8CD75C57AD3FB02D95BBF7EFDF862BDDDD414EB7BF2C927BF4EEF0BEDD5B24BF99E13A9429357149ACE54657B2C2FBFDCBCFEC89123E9547A5FC5F82DF7E772EBFD8025E1B9E79E9BB870E142FADC6EAB585F59686EA7F785F64A27D0BB4DA40A4D5E51683A53BA1DCEB63D76FFF845935397B77B9E8EF15BEEC7787A7F217BFDFDFD8D6FBEF9267D6EB755ACAFAFAFAF91DE17DA2B9D38D33427528526AF28349D29DDFED2C4F6D8DD72EE9976CFD3317ECBFA27D2FB0BD98BC3F5EEDCB9933EB7DB2AD6976EBC924F149ABC923E3EB23CD3EE793A9D97D3D70AC8DE134F3CF140F6D0AC5AB56A32BD2FB4573A4136E32DA7BC630F4D674AB7C3D9B6C7F2F789E6E5ED9EA7EDA161C95BB366CD9D76BF379B8AF5F5F5F5DD4CEF0BED75AF89B395429357149ACE54657BECF6191AA82E8E365AECA39C3EFAE8A346B9E1FE37BD2FB4D7BD26CE560A4D5E51683A5395EDB1DB514E505D9C6FE08D37DE68A44FEE76DABE7DFB0FCE73B0F8EE3571B65268F28A42D399AA6C8FCE4303F31067845CBD7AF5A29E29B8B7B7B7E14C94F95268F28A42B37C395330CC53F9441E3F71E244FA1C6F8B0F3EF860A2FC5F89EF0AC998429357149AE5ADDB77394175F1EDAACF3CF34C6331BE6DBBBFBF7FD2B7B9E64DA1C92B0ACDF2E6DBB6619E7A7B7BBF7EF7DD77DBFABED38103076E971BCC57E9BAC98B429357141A62DE6C168E75EBD615636363E9F45A4B8C13E3B5EC9D313FB3F4AD58B1E291B2A54F7EF6D9676DF980F0E9D3A7271E7BECB1C9584FBA6EF2A2D0E41585869837BB5BCE1ABC65CB9605979AB87D8CD352661AE6673AC6CA952B37C70776474646D2E7FE825CB9726532CA528C9FAE93FC28347945A121C4FCD9523EA6F6ACD47DFB296E97EC9989B79ACCCF74969E9E9EB7CB523379E6CC99FBF2F6D3A953A77E883D33316EBA2EF2A4D0E4158586A698475B4B487CF6253ED05BF5E8A7582E966FFDCC4CC4FC4CC78AA61E25E49D77DEB955F783C271BB7DFBF67D5B6E28F6CC2C310A4D5E51686835BDA7E6A7B79F2271C8F58E1D3B8AE1E1E1E2FCF9F3C5B56BD7A6E6E1F819BFC7E5717DEBA1D9D369989FE978E593FCE1F2C97EB5AFAF6FA2DC186E573D4F4D2C77F0E0C1EF7A7B7BEFC4ED639C746CF2A6D0E415858654737E4ECAC97C637E6679993E64F0464F4F4F637070F0BB43870E7D7FF6ECD9DB57AF5E9D6A38E5CF3BE5EF37CB12F3EDC0C0409C2F21FEE770C3A17F4B97429357141AEEA6393FCF5256EE15F333CBDBF4192BF77775758D74FFF88569CD6F818D9FE3D397EF7786C9A54FA1C92B0A0D73313F03CC42A1C92B0A0D00D4A0D0E4158506006A5068F28A4203003528347945A101801A149ABCA2D000400D0A4D5E516800A0068526AF2834005083429357141A00A841A1C92B0A0D00D4A0D0E4158506006A5068F28A4203003528347945A101801A149ABCA2D000400D0A4D5E516800A0068526AF2834005083429357141A00A841A1C92B0A0D00D4A0D0E4158506006A5068F28A4203003528347945A101801A149ABCA2D000400DC3C3C3C5CD9B3767BCB0CAE2A77C1C26141A00A8E1F8F1E393A3A3A3335E5C65F173E9D2A52FCA42339E3E4600C01C8E1E3DBAFDD8B1638D919191863D350F26E5DF7DB22C3397CA32137B68B6A58F11005041BC88C69E8178BB431E58E2EFBF2D7D6C000000000000000000000000000000000000000058A0FF01E1C637AC306957630000000049454E44AE426082, 1);

-- ----------------------------
-- Table structure for ACT_GE_PROPERTY
-- ----------------------------
DROP TABLE IF EXISTS `ACT_GE_PROPERTY`;
CREATE TABLE `ACT_GE_PROPERTY`  (
  `NAME_` varchar(64) CHARACTER SET utf8 COLLATE utf8_bin NOT NULL,
  `VALUE_` varchar(300) CHARACTER SET utf8 COLLATE utf8_bin NULL DEFAULT NULL,
  `REV_` int NULL DEFAULT NULL,
  PRIMARY KEY (`NAME_`) USING BTREE
) ENGINE = InnoDB CHARACTER SET = utf8 COLLATE = utf8_bin ROW_FORMAT = Dynamic;

-- ----------------------------
-- Records of ACT_GE_PROPERTY
-- ----------------------------
INSERT INTO `ACT_GE_PROPERTY` VALUES ('cfg.execution-related-entities-count', 'false', 1);
INSERT INTO `ACT_GE_PROPERTY` VALUES ('next.dbid', '52501', 22);
INSERT INTO `ACT_GE_PROPERTY` VALUES ('schema.history', 'create(6.0.0.4)', 1);
INSERT INTO `ACT_GE_PROPERTY` VALUES ('schema.version', '6.0.0.4', 1);

-- ----------------------------
-- Table structure for ACT_HI_ACTINST
-- ----------------------------
DROP TABLE IF EXISTS `ACT_HI_ACTINST`;
CREATE TABLE `ACT_HI_ACTINST`  (
  `ID_` varchar(64) CHARACTER SET utf8 COLLATE utf8_bin NOT NULL,
  `PROC_DEF_ID_` varchar(64) CHARACTER SET utf8 COLLATE utf8_bin NOT NULL,
  `PROC_INST_ID_` varchar(64) CHARACTER SET utf8 COLLATE utf8_bin NOT NULL,
  `EXECUTION_ID_` varchar(64) CHARACTER SET utf8 COLLATE utf8_bin NOT NULL,
  `ACT_ID_` varchar(255) CHARACTER SET utf8 COLLATE utf8_bin NOT NULL,
  `TASK_ID_` varchar(64) CHARACTER SET utf8 COLLATE utf8_bin NULL DEFAULT NULL,
  `CALL_PROC_INST_ID_` varchar(64) CHARACTER SET utf8 COLLATE utf8_bin NULL DEFAULT NULL,
  `ACT_NAME_` varchar(255) CHARACTER SET utf8 COLLATE utf8_bin NULL DEFAULT NULL,
  `ACT_TYPE_` varchar(255) CHARACTER SET utf8 COLLATE utf8_bin NOT NULL,
  `ASSIGNEE_` varchar(255) CHARACTER SET utf8 COLLATE utf8_bin NULL DEFAULT NULL,
  `START_TIME_` datetime(3) NOT NULL,
  `END_TIME_` datetime(3) NULL DEFAULT NULL,
  `DURATION_` bigint NULL DEFAULT NULL,
  `DELETE_REASON_` varchar(4000) CHARACTER SET utf8 COLLATE utf8_bin NULL DEFAULT NULL,
  `TENANT_ID_` varchar(255) CHARACTER SET utf8 COLLATE utf8_bin NULL DEFAULT '',
  PRIMARY KEY (`ID_`) USING BTREE,
  INDEX `ACT_IDX_HI_ACT_INST_START`(`START_TIME_` ASC) USING BTREE,
  INDEX `ACT_IDX_HI_ACT_INST_END`(`END_TIME_` ASC) USING BTREE,
  INDEX `ACT_IDX_HI_ACT_INST_PROCINST`(`PROC_INST_ID_` ASC, `ACT_ID_` ASC) USING BTREE,
  INDEX `ACT_IDX_HI_ACT_INST_EXEC`(`EXECUTION_ID_` ASC, `ACT_ID_` ASC) USING BTREE
) ENGINE = InnoDB CHARACTER SET = utf8 COLLATE = utf8_bin ROW_FORMAT = Dynamic;

-- ----------------------------
-- Records of ACT_HI_ACTINST
-- ----------------------------

-- ----------------------------
-- Table structure for ACT_HI_ATTACHMENT
-- ----------------------------
DROP TABLE IF EXISTS `ACT_HI_ATTACHMENT`;
CREATE TABLE `ACT_HI_ATTACHMENT`  (
  `ID_` varchar(64) CHARACTER SET utf8 COLLATE utf8_bin NOT NULL,
  `REV_` int NULL DEFAULT NULL,
  `USER_ID_` varchar(255) CHARACTER SET utf8 COLLATE utf8_bin NULL DEFAULT NULL,
  `NAME_` varchar(255) CHARACTER SET utf8 COLLATE utf8_bin NULL DEFAULT NULL,
  `DESCRIPTION_` varchar(4000) CHARACTER SET utf8 COLLATE utf8_bin NULL DEFAULT NULL,
  `TYPE_` varchar(255) CHARACTER SET utf8 COLLATE utf8_bin NULL DEFAULT NULL,
  `TASK_ID_` varchar(64) CHARACTER SET utf8 COLLATE utf8_bin NULL DEFAULT NULL,
  `PROC_INST_ID_` varchar(64) CHARACTER SET utf8 COLLATE utf8_bin NULL DEFAULT NULL,
  `URL_` varchar(4000) CHARACTER SET utf8 COLLATE utf8_bin NULL DEFAULT NULL,
  `CONTENT_ID_` varchar(64) CHARACTER SET utf8 COLLATE utf8_bin NULL DEFAULT NULL,
  `TIME_` datetime(3) NULL DEFAULT NULL,
  PRIMARY KEY (`ID_`) USING BTREE
) ENGINE = InnoDB CHARACTER SET = utf8 COLLATE = utf8_bin ROW_FORMAT = Dynamic;

-- ----------------------------
-- Records of ACT_HI_ATTACHMENT
-- ----------------------------

-- ----------------------------
-- Table structure for ACT_HI_COMMENT
-- ----------------------------
DROP TABLE IF EXISTS `ACT_HI_COMMENT`;
CREATE TABLE `ACT_HI_COMMENT`  (
  `ID_` varchar(64) CHARACTER SET utf8 COLLATE utf8_bin NOT NULL,
  `TYPE_` varchar(255) CHARACTER SET utf8 COLLATE utf8_bin NULL DEFAULT NULL,
  `TIME_` datetime(3) NOT NULL,
  `USER_ID_` varchar(255) CHARACTER SET utf8 COLLATE utf8_bin NULL DEFAULT NULL,
  `TASK_ID_` varchar(64) CHARACTER SET utf8 COLLATE utf8_bin NULL DEFAULT NULL,
  `PROC_INST_ID_` varchar(64) CHARACTER SET utf8 COLLATE utf8_bin NULL DEFAULT NULL,
  `ACTION_` varchar(255) CHARACTER SET utf8 COLLATE utf8_bin NULL DEFAULT NULL,
  `MESSAGE_` varchar(4000) CHARACTER SET utf8 COLLATE utf8_bin NULL DEFAULT NULL,
  `FULL_MSG_` longblob NULL,
  PRIMARY KEY (`ID_`) USING BTREE
) ENGINE = InnoDB CHARACTER SET = utf8 COLLATE = utf8_bin ROW_FORMAT = Dynamic;

-- ----------------------------
-- Records of ACT_HI_COMMENT
-- ----------------------------

-- ----------------------------
-- Table structure for ACT_HI_DETAIL
-- ----------------------------
DROP TABLE IF EXISTS `ACT_HI_DETAIL`;
CREATE TABLE `ACT_HI_DETAIL`  (
  `ID_` varchar(64) CHARACTER SET utf8 COLLATE utf8_bin NOT NULL,
  `TYPE_` varchar(255) CHARACTER SET utf8 COLLATE utf8_bin NOT NULL,
  `PROC_INST_ID_` varchar(64) CHARACTER SET utf8 COLLATE utf8_bin NULL DEFAULT NULL,
  `EXECUTION_ID_` varchar(64) CHARACTER SET utf8 COLLATE utf8_bin NULL DEFAULT NULL,
  `TASK_ID_` varchar(64) CHARACTER SET utf8 COLLATE utf8_bin NULL DEFAULT NULL,
  `ACT_INST_ID_` varchar(64) CHARACTER SET utf8 COLLATE utf8_bin NULL DEFAULT NULL,
  `NAME_` varchar(255) CHARACTER SET utf8 COLLATE utf8_bin NOT NULL,
  `VAR_TYPE_` varchar(255) CHARACTER SET utf8 COLLATE utf8_bin NULL DEFAULT NULL,
  `REV_` int NULL DEFAULT NULL,
  `TIME_` datetime(3) NOT NULL,
  `BYTEARRAY_ID_` varchar(64) CHARACTER SET utf8 COLLATE utf8_bin NULL DEFAULT NULL,
  `DOUBLE_` double NULL DEFAULT NULL,
  `LONG_` bigint NULL DEFAULT NULL,
  `TEXT_` varchar(4000) CHARACTER SET utf8 COLLATE utf8_bin NULL DEFAULT NULL,
  `TEXT2_` varchar(4000) CHARACTER SET utf8 COLLATE utf8_bin NULL DEFAULT NULL,
  PRIMARY KEY (`ID_`) USING BTREE,
  INDEX `ACT_IDX_HI_DETAIL_PROC_INST`(`PROC_INST_ID_` ASC) USING BTREE,
  INDEX `ACT_IDX_HI_DETAIL_ACT_INST`(`ACT_INST_ID_` ASC) USING BTREE,
  INDEX `ACT_IDX_HI_DETAIL_TIME`(`TIME_` ASC) USING BTREE,
  INDEX `ACT_IDX_HI_DETAIL_NAME`(`NAME_` ASC) USING BTREE,
  INDEX `ACT_IDX_HI_DETAIL_TASK_ID`(`TASK_ID_` ASC) USING BTREE
) ENGINE = InnoDB CHARACTER SET = utf8 COLLATE = utf8_bin ROW_FORMAT = Dynamic;

-- ----------------------------
-- Records of ACT_HI_DETAIL
-- ----------------------------

-- ----------------------------
-- Table structure for ACT_HI_IDENTITYLINK
-- ----------------------------
DROP TABLE IF EXISTS `ACT_HI_IDENTITYLINK`;
CREATE TABLE `ACT_HI_IDENTITYLINK`  (
  `ID_` varchar(64) CHARACTER SET utf8 COLLATE utf8_bin NOT NULL,
  `GROUP_ID_` varchar(255) CHARACTER SET utf8 COLLATE utf8_bin NULL DEFAULT NULL,
  `TYPE_` varchar(255) CHARACTER SET utf8 COLLATE utf8_bin NULL DEFAULT NULL,
  `USER_ID_` varchar(255) CHARACTER SET utf8 COLLATE utf8_bin NULL DEFAULT NULL,
  `TASK_ID_` varchar(64) CHARACTER SET utf8 COLLATE utf8_bin NULL DEFAULT NULL,
  `PROC_INST_ID_` varchar(64) CHARACTER SET utf8 COLLATE utf8_bin NULL DEFAULT NULL,
  PRIMARY KEY (`ID_`) USING BTREE,
  INDEX `ACT_IDX_HI_IDENT_LNK_USER`(`USER_ID_` ASC) USING BTREE,
  INDEX `ACT_IDX_HI_IDENT_LNK_TASK`(`TASK_ID_` ASC) USING BTREE,
  INDEX `ACT_IDX_HI_IDENT_LNK_PROCINST`(`PROC_INST_ID_` ASC) USING BTREE
) ENGINE = InnoDB CHARACTER SET = utf8 COLLATE = utf8_bin ROW_FORMAT = Dynamic;

-- ----------------------------
-- Records of ACT_HI_IDENTITYLINK
-- ----------------------------

-- ----------------------------
-- Table structure for ACT_HI_PROCINST
-- ----------------------------
DROP TABLE IF EXISTS `ACT_HI_PROCINST`;
CREATE TABLE `ACT_HI_PROCINST`  (
  `ID_` varchar(64) CHARACTER SET utf8 COLLATE utf8_bin NOT NULL,
  `PROC_INST_ID_` varchar(64) CHARACTER SET utf8 COLLATE utf8_bin NOT NULL,
  `BUSINESS_KEY_` varchar(255) CHARACTER SET utf8 COLLATE utf8_bin NULL DEFAULT NULL,
  `PROC_DEF_ID_` varchar(64) CHARACTER SET utf8 COLLATE utf8_bin NOT NULL,
  `START_TIME_` datetime(3) NOT NULL,
  `END_TIME_` datetime(3) NULL DEFAULT NULL,
  `DURATION_` bigint NULL DEFAULT NULL,
  `START_USER_ID_` varchar(255) CHARACTER SET utf8 COLLATE utf8_bin NULL DEFAULT NULL,
  `START_ACT_ID_` varchar(255) CHARACTER SET utf8 COLLATE utf8_bin NULL DEFAULT NULL,
  `END_ACT_ID_` varchar(255) CHARACTER SET utf8 COLLATE utf8_bin NULL DEFAULT NULL,
  `SUPER_PROCESS_INSTANCE_ID_` varchar(64) CHARACTER SET utf8 COLLATE utf8_bin NULL DEFAULT NULL,
  `DELETE_REASON_` varchar(4000) CHARACTER SET utf8 COLLATE utf8_bin NULL DEFAULT NULL,
  `TENANT_ID_` varchar(255) CHARACTER SET utf8 COLLATE utf8_bin NULL DEFAULT '',
  `NAME_` varchar(255) CHARACTER SET utf8 COLLATE utf8_bin NULL DEFAULT NULL,
  PRIMARY KEY (`ID_`) USING BTREE,
  UNIQUE INDEX `PROC_INST_ID_`(`PROC_INST_ID_` ASC) USING BTREE,
  INDEX `ACT_IDX_HI_PRO_INST_END`(`END_TIME_` ASC) USING BTREE,
  INDEX `ACT_IDX_HI_PRO_I_BUSKEY`(`BUSINESS_KEY_` ASC) USING BTREE
) ENGINE = InnoDB CHARACTER SET = utf8 COLLATE = utf8_bin ROW_FORMAT = Dynamic;

-- ----------------------------
-- Records of ACT_HI_PROCINST
-- ----------------------------

-- ----------------------------
-- Table structure for ACT_HI_TASKINST
-- ----------------------------
DROP TABLE IF EXISTS `ACT_HI_TASKINST`;
CREATE TABLE `ACT_HI_TASKINST`  (
  `ID_` varchar(64) CHARACTER SET utf8 COLLATE utf8_bin NOT NULL,
  `PROC_DEF_ID_` varchar(64) CHARACTER SET utf8 COLLATE utf8_bin NULL DEFAULT NULL,
  `TASK_DEF_KEY_` varchar(255) CHARACTER SET utf8 COLLATE utf8_bin NULL DEFAULT NULL,
  `PROC_INST_ID_` varchar(64) CHARACTER SET utf8 COLLATE utf8_bin NULL DEFAULT NULL,
  `EXECUTION_ID_` varchar(64) CHARACTER SET utf8 COLLATE utf8_bin NULL DEFAULT NULL,
  `NAME_` varchar(255) CHARACTER SET utf8 COLLATE utf8_bin NULL DEFAULT NULL,
  `PARENT_TASK_ID_` varchar(64) CHARACTER SET utf8 COLLATE utf8_bin NULL DEFAULT NULL,
  `DESCRIPTION_` varchar(4000) CHARACTER SET utf8 COLLATE utf8_bin NULL DEFAULT NULL,
  `OWNER_` varchar(255) CHARACTER SET utf8 COLLATE utf8_bin NULL DEFAULT NULL,
  `ASSIGNEE_` varchar(255) CHARACTER SET utf8 COLLATE utf8_bin NULL DEFAULT NULL,
  `START_TIME_` datetime(3) NOT NULL,
  `CLAIM_TIME_` datetime(3) NULL DEFAULT NULL,
  `END_TIME_` datetime(3) NULL DEFAULT NULL,
  `DURATION_` bigint NULL DEFAULT NULL,
  `DELETE_REASON_` varchar(4000) CHARACTER SET utf8 COLLATE utf8_bin NULL DEFAULT NULL,
  `PRIORITY_` int NULL DEFAULT NULL,
  `DUE_DATE_` datetime(3) NULL DEFAULT NULL,
  `FORM_KEY_` varchar(255) CHARACTER SET utf8 COLLATE utf8_bin NULL DEFAULT NULL,
  `CATEGORY_` varchar(255) CHARACTER SET utf8 COLLATE utf8_bin NULL DEFAULT NULL,
  `TENANT_ID_` varchar(255) CHARACTER SET utf8 COLLATE utf8_bin NULL DEFAULT '',
  PRIMARY KEY (`ID_`) USING BTREE,
  INDEX `ACT_IDX_HI_TASK_INST_PROCINST`(`PROC_INST_ID_` ASC) USING BTREE
) ENGINE = InnoDB CHARACTER SET = utf8 COLLATE = utf8_bin ROW_FORMAT = Dynamic;

-- ----------------------------
-- Records of ACT_HI_TASKINST
-- ----------------------------

-- ----------------------------
-- Table structure for ACT_HI_VARINST
-- ----------------------------
DROP TABLE IF EXISTS `ACT_HI_VARINST`;
CREATE TABLE `ACT_HI_VARINST`  (
  `ID_` varchar(64) CHARACTER SET utf8 COLLATE utf8_bin NOT NULL,
  `PROC_INST_ID_` varchar(64) CHARACTER SET utf8 COLLATE utf8_bin NULL DEFAULT NULL,
  `EXECUTION_ID_` varchar(64) CHARACTER SET utf8 COLLATE utf8_bin NULL DEFAULT NULL,
  `TASK_ID_` varchar(64) CHARACTER SET utf8 COLLATE utf8_bin NULL DEFAULT NULL,
  `NAME_` varchar(255) CHARACTER SET utf8 COLLATE utf8_bin NOT NULL,
  `VAR_TYPE_` varchar(100) CHARACTER SET utf8 COLLATE utf8_bin NULL DEFAULT NULL,
  `REV_` int NULL DEFAULT NULL,
  `BYTEARRAY_ID_` varchar(64) CHARACTER SET utf8 COLLATE utf8_bin NULL DEFAULT NULL,
  `DOUBLE_` double NULL DEFAULT NULL,
  `LONG_` bigint NULL DEFAULT NULL,
  `TEXT_` varchar(4000) CHARACTER SET utf8 COLLATE utf8_bin NULL DEFAULT NULL,
  `TEXT2_` varchar(4000) CHARACTER SET utf8 COLLATE utf8_bin NULL DEFAULT NULL,
  `CREATE_TIME_` datetime(3) NULL DEFAULT NULL,
  `LAST_UPDATED_TIME_` datetime(3) NULL DEFAULT NULL,
  PRIMARY KEY (`ID_`) USING BTREE,
  INDEX `ACT_IDX_HI_PROCVAR_PROC_INST`(`PROC_INST_ID_` ASC) USING BTREE,
  INDEX `ACT_IDX_HI_PROCVAR_NAME_TYPE`(`NAME_` ASC, `VAR_TYPE_` ASC) USING BTREE,
  INDEX `ACT_IDX_HI_PROCVAR_TASK_ID`(`TASK_ID_` ASC) USING BTREE
) ENGINE = InnoDB CHARACTER SET = utf8 COLLATE = utf8_bin ROW_FORMAT = Dynamic;

-- ----------------------------
-- Records of ACT_HI_VARINST
-- ----------------------------

-- ----------------------------
-- Table structure for ACT_ID_GROUP
-- ----------------------------
DROP TABLE IF EXISTS `ACT_ID_GROUP`;
CREATE TABLE `ACT_ID_GROUP`  (
  `ID_` varchar(64) CHARACTER SET utf8 COLLATE utf8_bin NOT NULL,
  `REV_` int NULL DEFAULT NULL,
  `NAME_` varchar(255) CHARACTER SET utf8 COLLATE utf8_bin NULL DEFAULT NULL,
  `TYPE_` varchar(255) CHARACTER SET utf8 COLLATE utf8_bin NULL DEFAULT NULL,
  PRIMARY KEY (`ID_`) USING BTREE
) ENGINE = InnoDB CHARACTER SET = utf8 COLLATE = utf8_bin ROW_FORMAT = Dynamic;

-- ----------------------------
-- Records of ACT_ID_GROUP
-- ----------------------------

-- ----------------------------
-- Table structure for ACT_ID_INFO
-- ----------------------------
DROP TABLE IF EXISTS `ACT_ID_INFO`;
CREATE TABLE `ACT_ID_INFO`  (
  `ID_` varchar(64) CHARACTER SET utf8 COLLATE utf8_bin NOT NULL,
  `REV_` int NULL DEFAULT NULL,
  `USER_ID_` varchar(64) CHARACTER SET utf8 COLLATE utf8_bin NULL DEFAULT NULL,
  `TYPE_` varchar(64) CHARACTER SET utf8 COLLATE utf8_bin NULL DEFAULT NULL,
  `KEY_` varchar(255) CHARACTER SET utf8 COLLATE utf8_bin NULL DEFAULT NULL,
  `VALUE_` varchar(255) CHARACTER SET utf8 COLLATE utf8_bin NULL DEFAULT NULL,
  `PASSWORD_` longblob NULL,
  `PARENT_ID_` varchar(255) CHARACTER SET utf8 COLLATE utf8_bin NULL DEFAULT NULL,
  PRIMARY KEY (`ID_`) USING BTREE
) ENGINE = InnoDB CHARACTER SET = utf8 COLLATE = utf8_bin ROW_FORMAT = Dynamic;

-- ----------------------------
-- Records of ACT_ID_INFO
-- ----------------------------

-- ----------------------------
-- Table structure for ACT_ID_MEMBERSHIP
-- ----------------------------
DROP TABLE IF EXISTS `ACT_ID_MEMBERSHIP`;
CREATE TABLE `ACT_ID_MEMBERSHIP`  (
  `USER_ID_` varchar(64) CHARACTER SET utf8 COLLATE utf8_bin NOT NULL,
  `GROUP_ID_` varchar(64) CHARACTER SET utf8 COLLATE utf8_bin NOT NULL,
  PRIMARY KEY (`USER_ID_`, `GROUP_ID_`) USING BTREE,
  INDEX `ACT_FK_MEMB_GROUP`(`GROUP_ID_` ASC) USING BTREE,
  CONSTRAINT `ACT_FK_MEMB_GROUP` FOREIGN KEY (`GROUP_ID_`) REFERENCES `ACT_ID_GROUP` (`ID_`) ON DELETE RESTRICT ON UPDATE RESTRICT,
  CONSTRAINT `ACT_FK_MEMB_USER` FOREIGN KEY (`USER_ID_`) REFERENCES `ACT_ID_USER` (`ID_`) ON DELETE RESTRICT ON UPDATE RESTRICT
) ENGINE = InnoDB CHARACTER SET = utf8 COLLATE = utf8_bin ROW_FORMAT = Dynamic;

-- ----------------------------
-- Records of ACT_ID_MEMBERSHIP
-- ----------------------------

-- ----------------------------
-- Table structure for ACT_ID_USER
-- ----------------------------
DROP TABLE IF EXISTS `ACT_ID_USER`;
CREATE TABLE `ACT_ID_USER`  (
  `ID_` varchar(64) CHARACTER SET utf8 COLLATE utf8_bin NOT NULL,
  `REV_` int NULL DEFAULT NULL,
  `FIRST_` varchar(255) CHARACTER SET utf8 COLLATE utf8_bin NULL DEFAULT NULL,
  `LAST_` varchar(255) CHARACTER SET utf8 COLLATE utf8_bin NULL DEFAULT NULL,
  `EMAIL_` varchar(255) CHARACTER SET utf8 COLLATE utf8_bin NULL DEFAULT NULL,
  `PWD_` varchar(255) CHARACTER SET utf8 COLLATE utf8_bin NULL DEFAULT NULL,
  `PICTURE_ID_` varchar(64) CHARACTER SET utf8 COLLATE utf8_bin NULL DEFAULT NULL,
  PRIMARY KEY (`ID_`) USING BTREE
) ENGINE = InnoDB CHARACTER SET = utf8 COLLATE = utf8_bin ROW_FORMAT = Dynamic;

-- ----------------------------
-- Records of ACT_ID_USER
-- ----------------------------

-- ----------------------------
-- Table structure for ACT_PROCDEF_INFO
-- ----------------------------
DROP TABLE IF EXISTS `ACT_PROCDEF_INFO`;
CREATE TABLE `ACT_PROCDEF_INFO`  (
  `ID_` varchar(64) CHARACTER SET utf8 COLLATE utf8_bin NOT NULL,
  `PROC_DEF_ID_` varchar(64) CHARACTER SET utf8 COLLATE utf8_bin NOT NULL,
  `REV_` int NULL DEFAULT NULL,
  `INFO_JSON_ID_` varchar(64) CHARACTER SET utf8 COLLATE utf8_bin NULL DEFAULT NULL,
  PRIMARY KEY (`ID_`) USING BTREE,
  UNIQUE INDEX `ACT_UNIQ_INFO_PROCDEF`(`PROC_DEF_ID_` ASC) USING BTREE,
  INDEX `ACT_IDX_INFO_PROCDEF`(`PROC_DEF_ID_` ASC) USING BTREE,
  INDEX `ACT_FK_INFO_JSON_BA`(`INFO_JSON_ID_` ASC) USING BTREE,
  CONSTRAINT `ACT_FK_INFO_JSON_BA` FOREIGN KEY (`INFO_JSON_ID_`) REFERENCES `ACT_GE_BYTEARRAY` (`ID_`) ON DELETE RESTRICT ON UPDATE RESTRICT,
  CONSTRAINT `ACT_FK_INFO_PROCDEF` FOREIGN KEY (`PROC_DEF_ID_`) REFERENCES `ACT_RE_PROCDEF` (`ID_`) ON DELETE RESTRICT ON UPDATE RESTRICT
) ENGINE = InnoDB CHARACTER SET = utf8 COLLATE = utf8_bin ROW_FORMAT = Dynamic;

-- ----------------------------
-- Records of ACT_PROCDEF_INFO
-- ----------------------------

-- ----------------------------
-- Table structure for ACT_RE_DEPLOYMENT
-- ----------------------------
DROP TABLE IF EXISTS `ACT_RE_DEPLOYMENT`;
CREATE TABLE `ACT_RE_DEPLOYMENT`  (
  `ID_` varchar(64) CHARACTER SET utf8 COLLATE utf8_bin NOT NULL,
  `NAME_` varchar(255) CHARACTER SET utf8 COLLATE utf8_bin NULL DEFAULT NULL,
  `CATEGORY_` varchar(255) CHARACTER SET utf8 COLLATE utf8_bin NULL DEFAULT NULL,
  `KEY_` varchar(255) CHARACTER SET utf8 COLLATE utf8_bin NULL DEFAULT NULL,
  `TENANT_ID_` varchar(255) CHARACTER SET utf8 COLLATE utf8_bin NULL DEFAULT '',
  `DEPLOY_TIME_` timestamp(3) NULL DEFAULT NULL,
  `ENGINE_VERSION_` varchar(255) CHARACTER SET utf8 COLLATE utf8_bin NULL DEFAULT NULL,
  PRIMARY KEY (`ID_`) USING BTREE
) ENGINE = InnoDB CHARACTER SET = utf8 COLLATE = utf8_bin ROW_FORMAT = Dynamic;

-- ----------------------------
-- Records of ACT_RE_DEPLOYMENT
-- ----------------------------
INSERT INTO `ACT_RE_DEPLOYMENT` VALUES ('10001', '请假流程', NULL, NULL, '', '2021-03-14 15:37:45.614', NULL);
INSERT INTO `ACT_RE_DEPLOYMENT` VALUES ('12501', '请假流程', NULL, NULL, '', '2021-03-18 14:48:03.154', NULL);
INSERT INTO `ACT_RE_DEPLOYMENT` VALUES ('12505', '请假流程', NULL, NULL, '', '2021-03-18 14:50:42.247', NULL);
INSERT INTO `ACT_RE_DEPLOYMENT` VALUES ('15001', '请假流程', NULL, NULL, '', '2021-03-18 15:01:07.585', NULL);
INSERT INTO `ACT_RE_DEPLOYMENT` VALUES ('17501', '请假流程', NULL, NULL, '', '2021-04-04 10:41:48.891', NULL);
INSERT INTO `ACT_RE_DEPLOYMENT` VALUES ('20001', '请假流程', NULL, NULL, '', '2021-04-07 10:06:54.541', NULL);
INSERT INTO `ACT_RE_DEPLOYMENT` VALUES ('22501', '请假流程', NULL, NULL, '', '2021-04-08 18:39:59.753', NULL);
INSERT INTO `ACT_RE_DEPLOYMENT` VALUES ('25001', '请假流程', NULL, NULL, '', '2021-04-09 15:29:12.336', NULL);
INSERT INTO `ACT_RE_DEPLOYMENT` VALUES ('30001', '请假流程', NULL, NULL, '', '2021-09-01 02:54:34.679', NULL);
INSERT INTO `ACT_RE_DEPLOYMENT` VALUES ('32501', '请假流程', NULL, NULL, '', '2021-11-23 14:59:39.879', NULL);
INSERT INTO `ACT_RE_DEPLOYMENT` VALUES ('32505', '请假流程', NULL, NULL, '', '2021-11-23 15:00:07.741', NULL);
INSERT INTO `ACT_RE_DEPLOYMENT` VALUES ('35001', '请假流程', NULL, NULL, '', '2021-11-26 23:49:46.646', NULL);
INSERT INTO `ACT_RE_DEPLOYMENT` VALUES ('37501', '请假流程', NULL, NULL, '', '2021-11-26 23:53:54.675', NULL);
INSERT INTO `ACT_RE_DEPLOYMENT` VALUES ('40001', '请假流程', NULL, NULL, '', '2021-11-27 00:01:58.750', NULL);
INSERT INTO `ACT_RE_DEPLOYMENT` VALUES ('42501', '请假流程', NULL, NULL, '', '2021-11-27 00:12:00.776', NULL);
INSERT INTO `ACT_RE_DEPLOYMENT` VALUES ('45001', '请假流程', NULL, NULL, '', '2021-11-27 00:18:16.476', NULL);
INSERT INTO `ACT_RE_DEPLOYMENT` VALUES ('50001', '请假流程', NULL, NULL, '', '2021-11-27 01:09:36.108', NULL);
INSERT INTO `ACT_RE_DEPLOYMENT` VALUES ('5001', '请假流程', NULL, NULL, '', '2021-02-08 14:47:48.374', NULL);
INSERT INTO `ACT_RE_DEPLOYMENT` VALUES ('5005', '请假流程', NULL, NULL, '', '2021-02-08 14:47:57.181', NULL);
INSERT INTO `ACT_RE_DEPLOYMENT` VALUES ('5009', '请假流程', NULL, NULL, '', '2021-02-08 14:48:04.563', NULL);
INSERT INTO `ACT_RE_DEPLOYMENT` VALUES ('5015', '报销流程', NULL, NULL, '', '2021-02-08 14:49:18.430', NULL);
INSERT INTO `ACT_RE_DEPLOYMENT` VALUES ('5019', '报销流程', NULL, NULL, '', '2021-02-08 14:49:21.584', NULL);
INSERT INTO `ACT_RE_DEPLOYMENT` VALUES ('5023', '报销流程', NULL, NULL, '', '2021-02-08 14:49:24.525', NULL);
INSERT INTO `ACT_RE_DEPLOYMENT` VALUES ('7501', '报销流程', NULL, NULL, '', '2021-02-08 14:57:07.789', NULL);

-- ----------------------------
-- Table structure for ACT_RE_MODEL
-- ----------------------------
DROP TABLE IF EXISTS `ACT_RE_MODEL`;
CREATE TABLE `ACT_RE_MODEL`  (
  `ID_` varchar(64) CHARACTER SET utf8 COLLATE utf8_bin NOT NULL,
  `REV_` int NULL DEFAULT NULL,
  `NAME_` varchar(255) CHARACTER SET utf8 COLLATE utf8_bin NULL DEFAULT NULL,
  `KEY_` varchar(255) CHARACTER SET utf8 COLLATE utf8_bin NULL DEFAULT NULL,
  `CATEGORY_` varchar(255) CHARACTER SET utf8 COLLATE utf8_bin NULL DEFAULT NULL,
  `CREATE_TIME_` timestamp(3) NULL DEFAULT NULL,
  `LAST_UPDATE_TIME_` timestamp(3) NULL DEFAULT NULL,
  `VERSION_` int NULL DEFAULT NULL,
  `META_INFO_` varchar(4000) CHARACTER SET utf8 COLLATE utf8_bin NULL DEFAULT NULL,
  `DEPLOYMENT_ID_` varchar(64) CHARACTER SET utf8 COLLATE utf8_bin NULL DEFAULT NULL,
  `EDITOR_SOURCE_VALUE_ID_` varchar(64) CHARACTER SET utf8 COLLATE utf8_bin NULL DEFAULT NULL,
  `EDITOR_SOURCE_EXTRA_VALUE_ID_` varchar(64) CHARACTER SET utf8 COLLATE utf8_bin NULL DEFAULT NULL,
  `TENANT_ID_` varchar(255) CHARACTER SET utf8 COLLATE utf8_bin NULL DEFAULT '',
  PRIMARY KEY (`ID_`) USING BTREE,
  INDEX `ACT_FK_MODEL_SOURCE`(`EDITOR_SOURCE_VALUE_ID_` ASC) USING BTREE,
  INDEX `ACT_FK_MODEL_SOURCE_EXTRA`(`EDITOR_SOURCE_EXTRA_VALUE_ID_` ASC) USING BTREE,
  INDEX `ACT_FK_MODEL_DEPLOYMENT`(`DEPLOYMENT_ID_` ASC) USING BTREE,
  CONSTRAINT `ACT_FK_MODEL_DEPLOYMENT` FOREIGN KEY (`DEPLOYMENT_ID_`) REFERENCES `ACT_RE_DEPLOYMENT` (`ID_`) ON DELETE RESTRICT ON UPDATE RESTRICT,
  CONSTRAINT `ACT_FK_MODEL_SOURCE` FOREIGN KEY (`EDITOR_SOURCE_VALUE_ID_`) REFERENCES `ACT_GE_BYTEARRAY` (`ID_`) ON DELETE RESTRICT ON UPDATE RESTRICT,
  CONSTRAINT `ACT_FK_MODEL_SOURCE_EXTRA` FOREIGN KEY (`EDITOR_SOURCE_EXTRA_VALUE_ID_`) REFERENCES `ACT_GE_BYTEARRAY` (`ID_`) ON DELETE RESTRICT ON UPDATE RESTRICT
) ENGINE = InnoDB CHARACTER SET = utf8 COLLATE = utf8_bin ROW_FORMAT = Dynamic;

-- ----------------------------
-- Records of ACT_RE_MODEL
-- ----------------------------
INSERT INTO `ACT_RE_MODEL` VALUES ('47501', 6, '请假流程', 'leavel', NULL, '2021-11-27 00:23:48.467', '2021-11-27 01:09:36.608', 1, '{\"name\":\"请假流程\",\"description\":\"请假流程描述\",\"revision\":null}', '50001', '47502', NULL, '');

-- ----------------------------
-- Table structure for ACT_RE_PROCDEF
-- ----------------------------
DROP TABLE IF EXISTS `ACT_RE_PROCDEF`;
CREATE TABLE `ACT_RE_PROCDEF`  (
  `ID_` varchar(64) CHARACTER SET utf8 COLLATE utf8_bin NOT NULL,
  `REV_` int NULL DEFAULT NULL,
  `CATEGORY_` varchar(255) CHARACTER SET utf8 COLLATE utf8_bin NULL DEFAULT NULL,
  `NAME_` varchar(255) CHARACTER SET utf8 COLLATE utf8_bin NULL DEFAULT NULL,
  `KEY_` varchar(255) CHARACTER SET utf8 COLLATE utf8_bin NOT NULL,
  `VERSION_` int NOT NULL,
  `DEPLOYMENT_ID_` varchar(64) CHARACTER SET utf8 COLLATE utf8_bin NULL DEFAULT NULL,
  `RESOURCE_NAME_` varchar(4000) CHARACTER SET utf8 COLLATE utf8_bin NULL DEFAULT NULL,
  `DGRM_RESOURCE_NAME_` varchar(4000) CHARACTER SET utf8 COLLATE utf8_bin NULL DEFAULT NULL,
  `DESCRIPTION_` varchar(4000) CHARACTER SET utf8 COLLATE utf8_bin NULL DEFAULT NULL,
  `HAS_START_FORM_KEY_` tinyint NULL DEFAULT NULL,
  `HAS_GRAPHICAL_NOTATION_` tinyint NULL DEFAULT NULL,
  `SUSPENSION_STATE_` int NULL DEFAULT NULL,
  `TENANT_ID_` varchar(255) CHARACTER SET utf8 COLLATE utf8_bin NULL DEFAULT '',
  `ENGINE_VERSION_` varchar(255) CHARACTER SET utf8 COLLATE utf8_bin NULL DEFAULT NULL,
  PRIMARY KEY (`ID_`) USING BTREE,
  UNIQUE INDEX `ACT_UNIQ_PROCDEF`(`KEY_` ASC, `VERSION_` ASC, `TENANT_ID_` ASC) USING BTREE
) ENGINE = InnoDB CHARACTER SET = utf8 COLLATE = utf8_bin ROW_FORMAT = Dynamic;

-- ----------------------------
-- Records of ACT_RE_PROCDEF
-- ----------------------------
INSERT INTO `ACT_RE_PROCDEF` VALUES ('process:10:12504', 1, 'http://www.activiti.org/processdef', '请假流程', 'process', 10, '12501', 'leave.bpmn20.xml', 'leave.process.png', '请假流程', 0, 1, 1, '', NULL);
INSERT INTO `ACT_RE_PROCDEF` VALUES ('process:11:12508', 1, 'http://www.activiti.org/processdef', '请假流程', 'process', 11, '12505', 'leave.bpmn20.xml', 'leave.process.png', '请假流程', 0, 1, 1, '', NULL);
INSERT INTO `ACT_RE_PROCDEF` VALUES ('process:12:15004', 1, 'http://www.activiti.org/processdef', '请假流程', 'process', 12, '15001', 'leave.bpmn20.xml', 'leave.process.png', '请假流程', 0, 1, 1, '', NULL);
INSERT INTO `ACT_RE_PROCDEF` VALUES ('process:13:17504', 1, 'http://www.activiti.org/processdef', '请假流程', 'process', 13, '17501', 'leave.bpmn20.xml', 'leave.process.png', '请假流程', 0, 1, 1, '', NULL);
INSERT INTO `ACT_RE_PROCDEF` VALUES ('process:14:20004', 1, 'http://www.activiti.org/processdef', '请假流程', 'process', 14, '20001', 'leave.bpmn20.xml', 'leave.process.png', '请假流程', 0, 1, 1, '', NULL);
INSERT INTO `ACT_RE_PROCDEF` VALUES ('process:15:22504', 1, 'http://www.activiti.org/processdef', '请假流程', 'process', 15, '22501', 'leave.bpmn20.xml', 'leave.process.png', '请假流程', 0, 1, 1, '', NULL);
INSERT INTO `ACT_RE_PROCDEF` VALUES ('process:16:25004', 1, 'http://www.activiti.org/processdef', '请假流程', 'process', 16, '25001', 'leave.bpmn20.xml', 'leave.process.png', '请假流程', 0, 1, 1, '', NULL);
INSERT INTO `ACT_RE_PROCDEF` VALUES ('process:17:30004', 1, 'http://www.activiti.org/processdef', '请假流程', 'process', 17, '30001', 'leave.bpmn20.xml', 'leave.process.png', '请假流程', 0, 1, 1, '', NULL);
INSERT INTO `ACT_RE_PROCDEF` VALUES ('process:18:32504', 1, 'http://www.activiti.org/processdef', '请假流程', 'process', 18, '32501', 'leave.bpmn20.xml', 'leave.process.png', '请假流程', 0, 1, 1, '', NULL);
INSERT INTO `ACT_RE_PROCDEF` VALUES ('process:19:32508', 1, 'http://www.activiti.org/processdef', '请假流程', 'process', 19, '32505', 'leave.bpmn20.xml', 'leave.process.png', '请假流程', 0, 1, 1, '', NULL);
INSERT INTO `ACT_RE_PROCDEF` VALUES ('process:20:35004', 1, 'http://www.activiti.org/processdef', '请假流程', 'process', 20, '35001', 'leave.bpmn20.xml', 'leave.process.png', '请假流程', 0, 1, 1, '', NULL);
INSERT INTO `ACT_RE_PROCDEF` VALUES ('process:21:37504', 1, 'http://www.activiti.org/processdef', '请假流程', 'process', 21, '37501', 'leave.bpmn20.xml', 'leave.process.png', '请假流程', 0, 1, 1, '', NULL);
INSERT INTO `ACT_RE_PROCDEF` VALUES ('process:22:40004', 1, 'http://www.activiti.org/processdef', '请假流程', 'process', 22, '40001', 'leave.bpmn20.xml', 'leave.process.png', '请假流程', 0, 1, 1, '', NULL);
INSERT INTO `ACT_RE_PROCDEF` VALUES ('process:23:42504', 1, 'http://www.activiti.org/processdef', '请假流程', 'process', 23, '42501', 'leave.bpmn20.xml', 'leave.process.png', '请假流程', 0, 1, 1, '', NULL);
INSERT INTO `ACT_RE_PROCDEF` VALUES ('process:24:45004', 1, 'http://www.activiti.org/processdef', '请假流程', 'process', 24, '45001', 'leave.bpmn20.xml', 'leave.process.png', '请假流程', 0, 1, 1, '', NULL);
INSERT INTO `ACT_RE_PROCDEF` VALUES ('process:25:50004', 1, 'http://www.activiti.org/processdef', NULL, 'process', 25, '50001', 'leavel.bpmn20.xml', 'leavel.process.png', NULL, 0, 1, 1, '', NULL);
INSERT INTO `ACT_RE_PROCDEF` VALUES ('process:2:5004', 1, 'http://www.activiti.org/processdef', '请假流程', 'process', 2, '5001', 'leave.bpmn20.xml', 'leave.process.png', '请假流程', 0, 1, 1, '', NULL);
INSERT INTO `ACT_RE_PROCDEF` VALUES ('process:3:5008', 1, 'http://www.activiti.org/processdef', '请假流程', 'process', 3, '5005', 'leave.bpmn20.xml', 'leave.process.png', '请假流程', 0, 1, 1, '', NULL);
INSERT INTO `ACT_RE_PROCDEF` VALUES ('process:4:5012', 1, 'http://www.activiti.org/processdef', '请假流程', 'process', 4, '5009', 'leave.bpmn20.xml', 'leave.process.png', '请假流程', 0, 1, 1, '', NULL);
INSERT INTO `ACT_RE_PROCDEF` VALUES ('process:5:5018', 1, 'http://www.activiti.org/processdef', '报销流程', 'process', 5, '5015', 'reimbursement.bpmn20.xml', 'reimbursement.process.png', '报销流程', 0, 1, 1, '', NULL);
INSERT INTO `ACT_RE_PROCDEF` VALUES ('process:6:5022', 1, 'http://www.activiti.org/processdef', '报销流程', 'process', 6, '5019', 'reimbursement.bpmn20.xml', 'reimbursement.process.png', '报销流程', 0, 1, 1, '', NULL);
INSERT INTO `ACT_RE_PROCDEF` VALUES ('process:7:5026', 1, 'http://www.activiti.org/processdef', '报销流程', 'process', 7, '5023', 'reimbursement.bpmn20.xml', 'reimbursement.process.png', '报销流程', 0, 1, 1, '', NULL);
INSERT INTO `ACT_RE_PROCDEF` VALUES ('process:8:7504', 1, 'http://www.activiti.org/processdef', '报销流程', 'process', 8, '7501', 'reimbursement.bpmn20.xml', 'reimbursement.process.png', '报销流程', 0, 1, 1, '', NULL);
INSERT INTO `ACT_RE_PROCDEF` VALUES ('process:9:10004', 1, 'http://www.activiti.org/processdef', '请假流程', 'process', 9, '10001', 'leave.bpmn20.xml', 'leave.process.png', '请假流程', 0, 1, 1, '', NULL);

-- ----------------------------
-- Table structure for ACT_RU_DEADLETTER_JOB
-- ----------------------------
DROP TABLE IF EXISTS `ACT_RU_DEADLETTER_JOB`;
CREATE TABLE `ACT_RU_DEADLETTER_JOB`  (
  `ID_` varchar(64) CHARACTER SET utf8 COLLATE utf8_bin NOT NULL,
  `REV_` int NULL DEFAULT NULL,
  `TYPE_` varchar(255) CHARACTER SET utf8 COLLATE utf8_bin NOT NULL,
  `EXCLUSIVE_` tinyint(1) NULL DEFAULT NULL,
  `EXECUTION_ID_` varchar(64) CHARACTER SET utf8 COLLATE utf8_bin NULL DEFAULT NULL,
  `PROCESS_INSTANCE_ID_` varchar(64) CHARACTER SET utf8 COLLATE utf8_bin NULL DEFAULT NULL,
  `PROC_DEF_ID_` varchar(64) CHARACTER SET utf8 COLLATE utf8_bin NULL DEFAULT NULL,
  `EXCEPTION_STACK_ID_` varchar(64) CHARACTER SET utf8 COLLATE utf8_bin NULL DEFAULT NULL,
  `EXCEPTION_MSG_` varchar(4000) CHARACTER SET utf8 COLLATE utf8_bin NULL DEFAULT NULL,
  `DUEDATE_` timestamp(3) NULL DEFAULT NULL,
  `REPEAT_` varchar(255) CHARACTER SET utf8 COLLATE utf8_bin NULL DEFAULT NULL,
  `HANDLER_TYPE_` varchar(255) CHARACTER SET utf8 COLLATE utf8_bin NULL DEFAULT NULL,
  `HANDLER_CFG_` varchar(4000) CHARACTER SET utf8 COLLATE utf8_bin NULL DEFAULT NULL,
  `TENANT_ID_` varchar(255) CHARACTER SET utf8 COLLATE utf8_bin NULL DEFAULT '',
  PRIMARY KEY (`ID_`) USING BTREE,
  INDEX `ACT_FK_DEADLETTER_JOB_EXECUTION`(`EXECUTION_ID_` ASC) USING BTREE,
  INDEX `ACT_FK_DEADLETTER_JOB_PROCESS_INSTANCE`(`PROCESS_INSTANCE_ID_` ASC) USING BTREE,
  INDEX `ACT_FK_DEADLETTER_JOB_PROC_DEF`(`PROC_DEF_ID_` ASC) USING BTREE,
  INDEX `ACT_FK_DEADLETTER_JOB_EXCEPTION`(`EXCEPTION_STACK_ID_` ASC) USING BTREE,
  CONSTRAINT `ACT_FK_DEADLETTER_JOB_EXCEPTION` FOREIGN KEY (`EXCEPTION_STACK_ID_`) REFERENCES `ACT_GE_BYTEARRAY` (`ID_`) ON DELETE RESTRICT ON UPDATE RESTRICT,
  CONSTRAINT `ACT_FK_DEADLETTER_JOB_EXECUTION` FOREIGN KEY (`EXECUTION_ID_`) REFERENCES `ACT_RU_EXECUTION` (`ID_`) ON DELETE RESTRICT ON UPDATE RESTRICT,
  CONSTRAINT `ACT_FK_DEADLETTER_JOB_PROC_DEF` FOREIGN KEY (`PROC_DEF_ID_`) REFERENCES `ACT_RE_PROCDEF` (`ID_`) ON DELETE RESTRICT ON UPDATE RESTRICT,
  CONSTRAINT `ACT_FK_DEADLETTER_JOB_PROCESS_INSTANCE` FOREIGN KEY (`PROCESS_INSTANCE_ID_`) REFERENCES `ACT_RU_EXECUTION` (`ID_`) ON DELETE RESTRICT ON UPDATE RESTRICT
) ENGINE = InnoDB CHARACTER SET = utf8 COLLATE = utf8_bin ROW_FORMAT = Dynamic;

-- ----------------------------
-- Records of ACT_RU_DEADLETTER_JOB
-- ----------------------------

-- ----------------------------
-- Table structure for ACT_RU_EVENT_SUBSCR
-- ----------------------------
DROP TABLE IF EXISTS `ACT_RU_EVENT_SUBSCR`;
CREATE TABLE `ACT_RU_EVENT_SUBSCR`  (
  `ID_` varchar(64) CHARACTER SET utf8 COLLATE utf8_bin NOT NULL,
  `REV_` int NULL DEFAULT NULL,
  `EVENT_TYPE_` varchar(255) CHARACTER SET utf8 COLLATE utf8_bin NOT NULL,
  `EVENT_NAME_` varchar(255) CHARACTER SET utf8 COLLATE utf8_bin NULL DEFAULT NULL,
  `EXECUTION_ID_` varchar(64) CHARACTER SET utf8 COLLATE utf8_bin NULL DEFAULT NULL,
  `PROC_INST_ID_` varchar(64) CHARACTER SET utf8 COLLATE utf8_bin NULL DEFAULT NULL,
  `ACTIVITY_ID_` varchar(64) CHARACTER SET utf8 COLLATE utf8_bin NULL DEFAULT NULL,
  `CONFIGURATION_` varchar(255) CHARACTER SET utf8 COLLATE utf8_bin NULL DEFAULT NULL,
  `CREATED_` timestamp(3) NOT NULL DEFAULT CURRENT_TIMESTAMP(3),
  `PROC_DEF_ID_` varchar(64) CHARACTER SET utf8 COLLATE utf8_bin NULL DEFAULT NULL,
  `TENANT_ID_` varchar(255) CHARACTER SET utf8 COLLATE utf8_bin NULL DEFAULT '',
  PRIMARY KEY (`ID_`) USING BTREE,
  INDEX `ACT_IDX_EVENT_SUBSCR_CONFIG_`(`CONFIGURATION_` ASC) USING BTREE,
  INDEX `ACT_FK_EVENT_EXEC`(`EXECUTION_ID_` ASC) USING BTREE,
  CONSTRAINT `ACT_FK_EVENT_EXEC` FOREIGN KEY (`EXECUTION_ID_`) REFERENCES `ACT_RU_EXECUTION` (`ID_`) ON DELETE RESTRICT ON UPDATE RESTRICT
) ENGINE = InnoDB CHARACTER SET = utf8 COLLATE = utf8_bin ROW_FORMAT = Dynamic;

-- ----------------------------
-- Records of ACT_RU_EVENT_SUBSCR
-- ----------------------------

-- ----------------------------
-- Table structure for ACT_RU_EXECUTION
-- ----------------------------
DROP TABLE IF EXISTS `ACT_RU_EXECUTION`;
CREATE TABLE `ACT_RU_EXECUTION`  (
  `ID_` varchar(64) CHARACTER SET utf8 COLLATE utf8_bin NOT NULL,
  `REV_` int NULL DEFAULT NULL,
  `PROC_INST_ID_` varchar(64) CHARACTER SET utf8 COLLATE utf8_bin NULL DEFAULT NULL,
  `BUSINESS_KEY_` varchar(255) CHARACTER SET utf8 COLLATE utf8_bin NULL DEFAULT NULL,
  `PARENT_ID_` varchar(64) CHARACTER SET utf8 COLLATE utf8_bin NULL DEFAULT NULL,
  `PROC_DEF_ID_` varchar(64) CHARACTER SET utf8 COLLATE utf8_bin NULL DEFAULT NULL,
  `SUPER_EXEC_` varchar(64) CHARACTER SET utf8 COLLATE utf8_bin NULL DEFAULT NULL,
  `ROOT_PROC_INST_ID_` varchar(64) CHARACTER SET utf8 COLLATE utf8_bin NULL DEFAULT NULL,
  `ACT_ID_` varchar(255) CHARACTER SET utf8 COLLATE utf8_bin NULL DEFAULT NULL,
  `IS_ACTIVE_` tinyint NULL DEFAULT NULL,
  `IS_CONCURRENT_` tinyint NULL DEFAULT NULL,
  `IS_SCOPE_` tinyint NULL DEFAULT NULL,
  `IS_EVENT_SCOPE_` tinyint NULL DEFAULT NULL,
  `IS_MI_ROOT_` tinyint NULL DEFAULT NULL,
  `SUSPENSION_STATE_` int NULL DEFAULT NULL,
  `CACHED_ENT_STATE_` int NULL DEFAULT NULL,
  `TENANT_ID_` varchar(255) CHARACTER SET utf8 COLLATE utf8_bin NULL DEFAULT '',
  `NAME_` varchar(255) CHARACTER SET utf8 COLLATE utf8_bin NULL DEFAULT NULL,
  `START_TIME_` datetime(3) NULL DEFAULT NULL,
  `START_USER_ID_` varchar(255) CHARACTER SET utf8 COLLATE utf8_bin NULL DEFAULT NULL,
  `LOCK_TIME_` timestamp(3) NULL DEFAULT NULL,
  `IS_COUNT_ENABLED_` tinyint NULL DEFAULT NULL,
  `EVT_SUBSCR_COUNT_` int NULL DEFAULT NULL,
  `TASK_COUNT_` int NULL DEFAULT NULL,
  `JOB_COUNT_` int NULL DEFAULT NULL,
  `TIMER_JOB_COUNT_` int NULL DEFAULT NULL,
  `SUSP_JOB_COUNT_` int NULL DEFAULT NULL,
  `DEADLETTER_JOB_COUNT_` int NULL DEFAULT NULL,
  `VAR_COUNT_` int NULL DEFAULT NULL,
  `ID_LINK_COUNT_` int NULL DEFAULT NULL,
  PRIMARY KEY (`ID_`) USING BTREE,
  INDEX `ACT_IDX_EXEC_BUSKEY`(`BUSINESS_KEY_` ASC) USING BTREE,
  INDEX `ACT_IDC_EXEC_ROOT`(`ROOT_PROC_INST_ID_` ASC) USING BTREE,
  INDEX `ACT_FK_EXE_PROCINST`(`PROC_INST_ID_` ASC) USING BTREE,
  INDEX `ACT_FK_EXE_PARENT`(`PARENT_ID_` ASC) USING BTREE,
  INDEX `ACT_FK_EXE_SUPER`(`SUPER_EXEC_` ASC) USING BTREE,
  INDEX `ACT_FK_EXE_PROCDEF`(`PROC_DEF_ID_` ASC) USING BTREE,
  CONSTRAINT `ACT_FK_EXE_PARENT` FOREIGN KEY (`PARENT_ID_`) REFERENCES `ACT_RU_EXECUTION` (`ID_`) ON DELETE CASCADE ON UPDATE RESTRICT,
  CONSTRAINT `ACT_FK_EXE_PROCDEF` FOREIGN KEY (`PROC_DEF_ID_`) REFERENCES `ACT_RE_PROCDEF` (`ID_`) ON DELETE RESTRICT ON UPDATE RESTRICT,
  CONSTRAINT `ACT_FK_EXE_PROCINST` FOREIGN KEY (`PROC_INST_ID_`) REFERENCES `ACT_RU_EXECUTION` (`ID_`) ON DELETE CASCADE ON UPDATE CASCADE,
  CONSTRAINT `ACT_FK_EXE_SUPER` FOREIGN KEY (`SUPER_EXEC_`) REFERENCES `ACT_RU_EXECUTION` (`ID_`) ON DELETE CASCADE ON UPDATE RESTRICT
) ENGINE = InnoDB CHARACTER SET = utf8 COLLATE = utf8_bin ROW_FORMAT = Dynamic;

-- ----------------------------
-- Records of ACT_RU_EXECUTION
-- ----------------------------

-- ----------------------------
-- Table structure for ACT_RU_IDENTITYLINK
-- ----------------------------
DROP TABLE IF EXISTS `ACT_RU_IDENTITYLINK`;
CREATE TABLE `ACT_RU_IDENTITYLINK`  (
  `ID_` varchar(64) CHARACTER SET utf8 COLLATE utf8_bin NOT NULL,
  `REV_` int NULL DEFAULT NULL,
  `GROUP_ID_` varchar(255) CHARACTER SET utf8 COLLATE utf8_bin NULL DEFAULT NULL,
  `TYPE_` varchar(255) CHARACTER SET utf8 COLLATE utf8_bin NULL DEFAULT NULL,
  `USER_ID_` varchar(255) CHARACTER SET utf8 COLLATE utf8_bin NULL DEFAULT NULL,
  `TASK_ID_` varchar(64) CHARACTER SET utf8 COLLATE utf8_bin NULL DEFAULT NULL,
  `PROC_INST_ID_` varchar(64) CHARACTER SET utf8 COLLATE utf8_bin NULL DEFAULT NULL,
  `PROC_DEF_ID_` varchar(64) CHARACTER SET utf8 COLLATE utf8_bin NULL DEFAULT NULL,
  PRIMARY KEY (`ID_`) USING BTREE,
  INDEX `ACT_IDX_IDENT_LNK_USER`(`USER_ID_` ASC) USING BTREE,
  INDEX `ACT_IDX_IDENT_LNK_GROUP`(`GROUP_ID_` ASC) USING BTREE,
  INDEX `ACT_IDX_ATHRZ_PROCEDEF`(`PROC_DEF_ID_` ASC) USING BTREE,
  INDEX `ACT_FK_TSKASS_TASK`(`TASK_ID_` ASC) USING BTREE,
  INDEX `ACT_FK_IDL_PROCINST`(`PROC_INST_ID_` ASC) USING BTREE,
  CONSTRAINT `ACT_FK_ATHRZ_PROCEDEF` FOREIGN KEY (`PROC_DEF_ID_`) REFERENCES `ACT_RE_PROCDEF` (`ID_`) ON DELETE RESTRICT ON UPDATE RESTRICT,
  CONSTRAINT `ACT_FK_IDL_PROCINST` FOREIGN KEY (`PROC_INST_ID_`) REFERENCES `ACT_RU_EXECUTION` (`ID_`) ON DELETE RESTRICT ON UPDATE RESTRICT,
  CONSTRAINT `ACT_FK_TSKASS_TASK` FOREIGN KEY (`TASK_ID_`) REFERENCES `ACT_RU_TASK` (`ID_`) ON DELETE RESTRICT ON UPDATE RESTRICT
) ENGINE = InnoDB CHARACTER SET = utf8 COLLATE = utf8_bin ROW_FORMAT = Dynamic;

-- ----------------------------
-- Records of ACT_RU_IDENTITYLINK
-- ----------------------------

-- ----------------------------
-- Table structure for ACT_RU_JOB
-- ----------------------------
DROP TABLE IF EXISTS `ACT_RU_JOB`;
CREATE TABLE `ACT_RU_JOB`  (
  `ID_` varchar(64) CHARACTER SET utf8 COLLATE utf8_bin NOT NULL,
  `REV_` int NULL DEFAULT NULL,
  `TYPE_` varchar(255) CHARACTER SET utf8 COLLATE utf8_bin NOT NULL,
  `LOCK_EXP_TIME_` timestamp(3) NULL DEFAULT NULL,
  `LOCK_OWNER_` varchar(255) CHARACTER SET utf8 COLLATE utf8_bin NULL DEFAULT NULL,
  `EXCLUSIVE_` tinyint(1) NULL DEFAULT NULL,
  `EXECUTION_ID_` varchar(64) CHARACTER SET utf8 COLLATE utf8_bin NULL DEFAULT NULL,
  `PROCESS_INSTANCE_ID_` varchar(64) CHARACTER SET utf8 COLLATE utf8_bin NULL DEFAULT NULL,
  `PROC_DEF_ID_` varchar(64) CHARACTER SET utf8 COLLATE utf8_bin NULL DEFAULT NULL,
  `RETRIES_` int NULL DEFAULT NULL,
  `EXCEPTION_STACK_ID_` varchar(64) CHARACTER SET utf8 COLLATE utf8_bin NULL DEFAULT NULL,
  `EXCEPTION_MSG_` varchar(4000) CHARACTER SET utf8 COLLATE utf8_bin NULL DEFAULT NULL,
  `DUEDATE_` timestamp(3) NULL DEFAULT NULL,
  `REPEAT_` varchar(255) CHARACTER SET utf8 COLLATE utf8_bin NULL DEFAULT NULL,
  `HANDLER_TYPE_` varchar(255) CHARACTER SET utf8 COLLATE utf8_bin NULL DEFAULT NULL,
  `HANDLER_CFG_` varchar(4000) CHARACTER SET utf8 COLLATE utf8_bin NULL DEFAULT NULL,
  `TENANT_ID_` varchar(255) CHARACTER SET utf8 COLLATE utf8_bin NULL DEFAULT '',
  PRIMARY KEY (`ID_`) USING BTREE,
  INDEX `ACT_FK_JOB_EXECUTION`(`EXECUTION_ID_` ASC) USING BTREE,
  INDEX `ACT_FK_JOB_PROCESS_INSTANCE`(`PROCESS_INSTANCE_ID_` ASC) USING BTREE,
  INDEX `ACT_FK_JOB_PROC_DEF`(`PROC_DEF_ID_` ASC) USING BTREE,
  INDEX `ACT_FK_JOB_EXCEPTION`(`EXCEPTION_STACK_ID_` ASC) USING BTREE,
  CONSTRAINT `ACT_FK_JOB_EXCEPTION` FOREIGN KEY (`EXCEPTION_STACK_ID_`) REFERENCES `ACT_GE_BYTEARRAY` (`ID_`) ON DELETE RESTRICT ON UPDATE RESTRICT,
  CONSTRAINT `ACT_FK_JOB_EXECUTION` FOREIGN KEY (`EXECUTION_ID_`) REFERENCES `ACT_RU_EXECUTION` (`ID_`) ON DELETE RESTRICT ON UPDATE RESTRICT,
  CONSTRAINT `ACT_FK_JOB_PROC_DEF` FOREIGN KEY (`PROC_DEF_ID_`) REFERENCES `ACT_RE_PROCDEF` (`ID_`) ON DELETE RESTRICT ON UPDATE RESTRICT,
  CONSTRAINT `ACT_FK_JOB_PROCESS_INSTANCE` FOREIGN KEY (`PROCESS_INSTANCE_ID_`) REFERENCES `ACT_RU_EXECUTION` (`ID_`) ON DELETE RESTRICT ON UPDATE RESTRICT
) ENGINE = InnoDB CHARACTER SET = utf8 COLLATE = utf8_bin ROW_FORMAT = Dynamic;

-- ----------------------------
-- Records of ACT_RU_JOB
-- ----------------------------

-- ----------------------------
-- Table structure for ACT_RU_SUSPENDED_JOB
-- ----------------------------
DROP TABLE IF EXISTS `ACT_RU_SUSPENDED_JOB`;
CREATE TABLE `ACT_RU_SUSPENDED_JOB`  (
  `ID_` varchar(64) CHARACTER SET utf8 COLLATE utf8_bin NOT NULL,
  `REV_` int NULL DEFAULT NULL,
  `TYPE_` varchar(255) CHARACTER SET utf8 COLLATE utf8_bin NOT NULL,
  `EXCLUSIVE_` tinyint(1) NULL DEFAULT NULL,
  `EXECUTION_ID_` varchar(64) CHARACTER SET utf8 COLLATE utf8_bin NULL DEFAULT NULL,
  `PROCESS_INSTANCE_ID_` varchar(64) CHARACTER SET utf8 COLLATE utf8_bin NULL DEFAULT NULL,
  `PROC_DEF_ID_` varchar(64) CHARACTER SET utf8 COLLATE utf8_bin NULL DEFAULT NULL,
  `RETRIES_` int NULL DEFAULT NULL,
  `EXCEPTION_STACK_ID_` varchar(64) CHARACTER SET utf8 COLLATE utf8_bin NULL DEFAULT NULL,
  `EXCEPTION_MSG_` varchar(4000) CHARACTER SET utf8 COLLATE utf8_bin NULL DEFAULT NULL,
  `DUEDATE_` timestamp(3) NULL DEFAULT NULL,
  `REPEAT_` varchar(255) CHARACTER SET utf8 COLLATE utf8_bin NULL DEFAULT NULL,
  `HANDLER_TYPE_` varchar(255) CHARACTER SET utf8 COLLATE utf8_bin NULL DEFAULT NULL,
  `HANDLER_CFG_` varchar(4000) CHARACTER SET utf8 COLLATE utf8_bin NULL DEFAULT NULL,
  `TENANT_ID_` varchar(255) CHARACTER SET utf8 COLLATE utf8_bin NULL DEFAULT '',
  PRIMARY KEY (`ID_`) USING BTREE,
  INDEX `ACT_FK_SUSPENDED_JOB_EXECUTION`(`EXECUTION_ID_` ASC) USING BTREE,
  INDEX `ACT_FK_SUSPENDED_JOB_PROCESS_INSTANCE`(`PROCESS_INSTANCE_ID_` ASC) USING BTREE,
  INDEX `ACT_FK_SUSPENDED_JOB_PROC_DEF`(`PROC_DEF_ID_` ASC) USING BTREE,
  INDEX `ACT_FK_SUSPENDED_JOB_EXCEPTION`(`EXCEPTION_STACK_ID_` ASC) USING BTREE,
  CONSTRAINT `ACT_FK_SUSPENDED_JOB_EXCEPTION` FOREIGN KEY (`EXCEPTION_STACK_ID_`) REFERENCES `ACT_GE_BYTEARRAY` (`ID_`) ON DELETE RESTRICT ON UPDATE RESTRICT,
  CONSTRAINT `ACT_FK_SUSPENDED_JOB_EXECUTION` FOREIGN KEY (`EXECUTION_ID_`) REFERENCES `ACT_RU_EXECUTION` (`ID_`) ON DELETE RESTRICT ON UPDATE RESTRICT,
  CONSTRAINT `ACT_FK_SUSPENDED_JOB_PROC_DEF` FOREIGN KEY (`PROC_DEF_ID_`) REFERENCES `ACT_RE_PROCDEF` (`ID_`) ON DELETE RESTRICT ON UPDATE RESTRICT,
  CONSTRAINT `ACT_FK_SUSPENDED_JOB_PROCESS_INSTANCE` FOREIGN KEY (`PROCESS_INSTANCE_ID_`) REFERENCES `ACT_RU_EXECUTION` (`ID_`) ON DELETE RESTRICT ON UPDATE RESTRICT
) ENGINE = InnoDB CHARACTER SET = utf8 COLLATE = utf8_bin ROW_FORMAT = Dynamic;

-- ----------------------------
-- Records of ACT_RU_SUSPENDED_JOB
-- ----------------------------

-- ----------------------------
-- Table structure for ACT_RU_TASK
-- ----------------------------
DROP TABLE IF EXISTS `ACT_RU_TASK`;
CREATE TABLE `ACT_RU_TASK`  (
  `ID_` varchar(64) CHARACTER SET utf8 COLLATE utf8_bin NOT NULL,
  `REV_` int NULL DEFAULT NULL,
  `EXECUTION_ID_` varchar(64) CHARACTER SET utf8 COLLATE utf8_bin NULL DEFAULT NULL,
  `PROC_INST_ID_` varchar(64) CHARACTER SET utf8 COLLATE utf8_bin NULL DEFAULT NULL,
  `PROC_DEF_ID_` varchar(64) CHARACTER SET utf8 COLLATE utf8_bin NULL DEFAULT NULL,
  `NAME_` varchar(255) CHARACTER SET utf8 COLLATE utf8_bin NULL DEFAULT NULL,
  `PARENT_TASK_ID_` varchar(64) CHARACTER SET utf8 COLLATE utf8_bin NULL DEFAULT NULL,
  `DESCRIPTION_` varchar(4000) CHARACTER SET utf8 COLLATE utf8_bin NULL DEFAULT NULL,
  `TASK_DEF_KEY_` varchar(255) CHARACTER SET utf8 COLLATE utf8_bin NULL DEFAULT NULL,
  `OWNER_` varchar(255) CHARACTER SET utf8 COLLATE utf8_bin NULL DEFAULT NULL,
  `ASSIGNEE_` varchar(255) CHARACTER SET utf8 COLLATE utf8_bin NULL DEFAULT NULL,
  `DELEGATION_` varchar(64) CHARACTER SET utf8 COLLATE utf8_bin NULL DEFAULT NULL,
  `PRIORITY_` int NULL DEFAULT NULL,
  `CREATE_TIME_` timestamp(3) NULL DEFAULT NULL,
  `DUE_DATE_` datetime(3) NULL DEFAULT NULL,
  `CATEGORY_` varchar(255) CHARACTER SET utf8 COLLATE utf8_bin NULL DEFAULT NULL,
  `SUSPENSION_STATE_` int NULL DEFAULT NULL,
  `TENANT_ID_` varchar(255) CHARACTER SET utf8 COLLATE utf8_bin NULL DEFAULT '',
  `FORM_KEY_` varchar(255) CHARACTER SET utf8 COLLATE utf8_bin NULL DEFAULT NULL,
  `CLAIM_TIME_` datetime(3) NULL DEFAULT NULL,
  PRIMARY KEY (`ID_`) USING BTREE,
  INDEX `ACT_IDX_TASK_CREATE`(`CREATE_TIME_` ASC) USING BTREE,
  INDEX `ACT_FK_TASK_EXE`(`EXECUTION_ID_` ASC) USING BTREE,
  INDEX `ACT_FK_TASK_PROCINST`(`PROC_INST_ID_` ASC) USING BTREE,
  INDEX `ACT_FK_TASK_PROCDEF`(`PROC_DEF_ID_` ASC) USING BTREE,
  CONSTRAINT `ACT_FK_TASK_EXE` FOREIGN KEY (`EXECUTION_ID_`) REFERENCES `ACT_RU_EXECUTION` (`ID_`) ON DELETE RESTRICT ON UPDATE RESTRICT,
  CONSTRAINT `ACT_FK_TASK_PROCDEF` FOREIGN KEY (`PROC_DEF_ID_`) REFERENCES `ACT_RE_PROCDEF` (`ID_`) ON DELETE RESTRICT ON UPDATE RESTRICT,
  CONSTRAINT `ACT_FK_TASK_PROCINST` FOREIGN KEY (`PROC_INST_ID_`) REFERENCES `ACT_RU_EXECUTION` (`ID_`) ON DELETE RESTRICT ON UPDATE RESTRICT
) ENGINE = InnoDB CHARACTER SET = utf8 COLLATE = utf8_bin ROW_FORMAT = Dynamic;

-- ----------------------------
-- Records of ACT_RU_TASK
-- ----------------------------

-- ----------------------------
-- Table structure for ACT_RU_TIMER_JOB
-- ----------------------------
DROP TABLE IF EXISTS `ACT_RU_TIMER_JOB`;
CREATE TABLE `ACT_RU_TIMER_JOB`  (
  `ID_` varchar(64) CHARACTER SET utf8 COLLATE utf8_bin NOT NULL,
  `REV_` int NULL DEFAULT NULL,
  `TYPE_` varchar(255) CHARACTER SET utf8 COLLATE utf8_bin NOT NULL,
  `LOCK_EXP_TIME_` timestamp(3) NULL DEFAULT NULL,
  `LOCK_OWNER_` varchar(255) CHARACTER SET utf8 COLLATE utf8_bin NULL DEFAULT NULL,
  `EXCLUSIVE_` tinyint(1) NULL DEFAULT NULL,
  `EXECUTION_ID_` varchar(64) CHARACTER SET utf8 COLLATE utf8_bin NULL DEFAULT NULL,
  `PROCESS_INSTANCE_ID_` varchar(64) CHARACTER SET utf8 COLLATE utf8_bin NULL DEFAULT NULL,
  `PROC_DEF_ID_` varchar(64) CHARACTER SET utf8 COLLATE utf8_bin NULL DEFAULT NULL,
  `RETRIES_` int NULL DEFAULT NULL,
  `EXCEPTION_STACK_ID_` varchar(64) CHARACTER SET utf8 COLLATE utf8_bin NULL DEFAULT NULL,
  `EXCEPTION_MSG_` varchar(4000) CHARACTER SET utf8 COLLATE utf8_bin NULL DEFAULT NULL,
  `DUEDATE_` timestamp(3) NULL DEFAULT NULL,
  `REPEAT_` varchar(255) CHARACTER SET utf8 COLLATE utf8_bin NULL DEFAULT NULL,
  `HANDLER_TYPE_` varchar(255) CHARACTER SET utf8 COLLATE utf8_bin NULL DEFAULT NULL,
  `HANDLER_CFG_` varchar(4000) CHARACTER SET utf8 COLLATE utf8_bin NULL DEFAULT NULL,
  `TENANT_ID_` varchar(255) CHARACTER SET utf8 COLLATE utf8_bin NULL DEFAULT '',
  PRIMARY KEY (`ID_`) USING BTREE,
  INDEX `ACT_FK_TIMER_JOB_EXECUTION`(`EXECUTION_ID_` ASC) USING BTREE,
  INDEX `ACT_FK_TIMER_JOB_PROCESS_INSTANCE`(`PROCESS_INSTANCE_ID_` ASC) USING BTREE,
  INDEX `ACT_FK_TIMER_JOB_PROC_DEF`(`PROC_DEF_ID_` ASC) USING BTREE,
  INDEX `ACT_FK_TIMER_JOB_EXCEPTION`(`EXCEPTION_STACK_ID_` ASC) USING BTREE,
  CONSTRAINT `ACT_FK_TIMER_JOB_EXCEPTION` FOREIGN KEY (`EXCEPTION_STACK_ID_`) REFERENCES `ACT_GE_BYTEARRAY` (`ID_`) ON DELETE RESTRICT ON UPDATE RESTRICT,
  CONSTRAINT `ACT_FK_TIMER_JOB_EXECUTION` FOREIGN KEY (`EXECUTION_ID_`) REFERENCES `ACT_RU_EXECUTION` (`ID_`) ON DELETE RESTRICT ON UPDATE RESTRICT,
  CONSTRAINT `ACT_FK_TIMER_JOB_PROC_DEF` FOREIGN KEY (`PROC_DEF_ID_`) REFERENCES `ACT_RE_PROCDEF` (`ID_`) ON DELETE RESTRICT ON UPDATE RESTRICT,
  CONSTRAINT `ACT_FK_TIMER_JOB_PROCESS_INSTANCE` FOREIGN KEY (`PROCESS_INSTANCE_ID_`) REFERENCES `ACT_RU_EXECUTION` (`ID_`) ON DELETE RESTRICT ON UPDATE RESTRICT
) ENGINE = InnoDB CHARACTER SET = utf8 COLLATE = utf8_bin ROW_FORMAT = Dynamic;

-- ----------------------------
-- Records of ACT_RU_TIMER_JOB
-- ----------------------------

-- ----------------------------
-- Table structure for ACT_RU_VARIABLE
-- ----------------------------
DROP TABLE IF EXISTS `ACT_RU_VARIABLE`;
CREATE TABLE `ACT_RU_VARIABLE`  (
  `ID_` varchar(64) CHARACTER SET utf8 COLLATE utf8_bin NOT NULL,
  `REV_` int NULL DEFAULT NULL,
  `TYPE_` varchar(255) CHARACTER SET utf8 COLLATE utf8_bin NOT NULL,
  `NAME_` varchar(255) CHARACTER SET utf8 COLLATE utf8_bin NOT NULL,
  `EXECUTION_ID_` varchar(64) CHARACTER SET utf8 COLLATE utf8_bin NULL DEFAULT NULL,
  `PROC_INST_ID_` varchar(64) CHARACTER SET utf8 COLLATE utf8_bin NULL DEFAULT NULL,
  `TASK_ID_` varchar(64) CHARACTER SET utf8 COLLATE utf8_bin NULL DEFAULT NULL,
  `BYTEARRAY_ID_` varchar(64) CHARACTER SET utf8 COLLATE utf8_bin NULL DEFAULT NULL,
  `DOUBLE_` double NULL DEFAULT NULL,
  `LONG_` bigint NULL DEFAULT NULL,
  `TEXT_` varchar(4000) CHARACTER SET utf8 COLLATE utf8_bin NULL DEFAULT NULL,
  `TEXT2_` varchar(4000) CHARACTER SET utf8 COLLATE utf8_bin NULL DEFAULT NULL,
  PRIMARY KEY (`ID_`) USING BTREE,
  INDEX `ACT_IDX_VARIABLE_TASK_ID`(`TASK_ID_` ASC) USING BTREE,
  INDEX `ACT_FK_VAR_EXE`(`EXECUTION_ID_` ASC) USING BTREE,
  INDEX `ACT_FK_VAR_PROCINST`(`PROC_INST_ID_` ASC) USING BTREE,
  INDEX `ACT_FK_VAR_BYTEARRAY`(`BYTEARRAY_ID_` ASC) USING BTREE,
  CONSTRAINT `ACT_FK_VAR_BYTEARRAY` FOREIGN KEY (`BYTEARRAY_ID_`) REFERENCES `ACT_GE_BYTEARRAY` (`ID_`) ON DELETE RESTRICT ON UPDATE RESTRICT,
  CONSTRAINT `ACT_FK_VAR_EXE` FOREIGN KEY (`EXECUTION_ID_`) REFERENCES `ACT_RU_EXECUTION` (`ID_`) ON DELETE RESTRICT ON UPDATE RESTRICT,
  CONSTRAINT `ACT_FK_VAR_PROCINST` FOREIGN KEY (`PROC_INST_ID_`) REFERENCES `ACT_RU_EXECUTION` (`ID_`) ON DELETE RESTRICT ON UPDATE RESTRICT
) ENGINE = InnoDB CHARACTER SET = utf8 COLLATE = utf8_bin ROW_FORMAT = Dynamic;

-- ----------------------------
-- Records of ACT_RU_VARIABLE
-- ----------------------------

-- ----------------------------
-- Table structure for gen_table
-- ----------------------------
DROP TABLE IF EXISTS `gen_table`;
CREATE TABLE `gen_table`  (
  `table_id` varchar(20) CHARACTER SET utf8mb4 COLLATE utf8mb4_general_ci NOT NULL COMMENT '编号',
  `table_name` varchar(200) CHARACTER SET utf8mb4 COLLATE utf8mb4_general_ci NULL DEFAULT '' COMMENT '表名称',
  `table_comment` varchar(500) CHARACTER SET utf8mb4 COLLATE utf8mb4_general_ci NULL DEFAULT '' COMMENT '表描述',
  `sub_table_name` varchar(64) CHARACTER SET utf8mb4 COLLATE utf8mb4_general_ci NULL DEFAULT NULL COMMENT '关联子表的表名',
  `sub_table_fk_name` varchar(64) CHARACTER SET utf8mb4 COLLATE utf8mb4_general_ci NULL DEFAULT NULL COMMENT '子表关联的外键名',
  `class_name` varchar(100) CHARACTER SET utf8mb4 COLLATE utf8mb4_general_ci NULL DEFAULT '' COMMENT '实体类名称',
  `tpl_category` varchar(200) CHARACTER SET utf8mb4 COLLATE utf8mb4_general_ci NULL DEFAULT 'crud' COMMENT '使用的模板（crud单表操作 tree树表操作 sub主子表操作）',
  `package_name` varchar(100) CHARACTER SET utf8mb4 COLLATE utf8mb4_general_ci NULL DEFAULT NULL COMMENT '生成包路径',
  `module_name` varchar(30) CHARACTER SET utf8mb4 COLLATE utf8mb4_general_ci NULL DEFAULT NULL COMMENT '生成模块名',
  `business_name` varchar(30) CHARACTER SET utf8mb4 COLLATE utf8mb4_general_ci NULL DEFAULT NULL COMMENT '生成业务名',
  `function_name` varchar(50) CHARACTER SET utf8mb4 COLLATE utf8mb4_general_ci NULL DEFAULT NULL COMMENT '生成功能名',
  `function_author` varchar(50) CHARACTER SET utf8mb4 COLLATE utf8mb4_general_ci NULL DEFAULT NULL COMMENT '生成功能作者',
  `gen_type` char(1) CHARACTER SET utf8mb4 COLLATE utf8mb4_general_ci NULL DEFAULT '0' COMMENT '生成代码方式（0zip压缩包 1自定义路径）',
  `gen_path` varchar(200) CHARACTER SET utf8mb4 COLLATE utf8mb4_general_ci NULL DEFAULT '/' COMMENT '生成路径（不填默认项目路径）',
  `options` varchar(1000) CHARACTER SET utf8mb4 COLLATE utf8mb4_general_ci NULL DEFAULT NULL COMMENT '其它生成选项',
  `create_by` varchar(64) CHARACTER SET utf8mb4 COLLATE utf8mb4_general_ci NULL DEFAULT '' COMMENT '创建者',
  `create_time` datetime NULL DEFAULT NULL COMMENT '创建时间',
  `update_by` varchar(64) CHARACTER SET utf8mb4 COLLATE utf8mb4_general_ci NULL DEFAULT '' COMMENT '更新者',
  `update_time` datetime NULL DEFAULT NULL COMMENT '更新时间',
  `remark` varchar(500) CHARACTER SET utf8mb4 COLLATE utf8mb4_general_ci NULL DEFAULT NULL COMMENT '备注',
  `parent_menu_id` varchar(40) CHARACTER SET utf8mb4 COLLATE utf8mb4_general_ci NULL DEFAULT NULL COMMENT '父级菜单',
  `parent_menu_name` varchar(255) CHARACTER SET utf8mb4 COLLATE utf8mb4_general_ci NULL DEFAULT NULL COMMENT '父级菜单名称',
  `tree_code` varchar(255) CHARACTER SET utf8mb4 COLLATE utf8mb4_general_ci NULL DEFAULT NULL COMMENT '树表主键',
  `tree_parent_code` varchar(255) CHARACTER SET utf8mb4 COLLATE utf8mb4_general_ci NULL DEFAULT NULL COMMENT '树表父级字段',
  `tree_name` varchar(255) CHARACTER SET utf8mb4 COLLATE utf8mb4_general_ci NULL DEFAULT NULL COMMENT '树表父级名称',
  PRIMARY KEY (`table_id`) USING BTREE
) ENGINE = InnoDB CHARACTER SET = utf8mb4 COLLATE = utf8mb4_general_ci COMMENT = '代码生成业务表' ROW_FORMAT = DYNAMIC;

-- ----------------------------
-- Records of gen_table
-- ----------------------------
INSERT INTO `gen_table` VALUES ('1328525218309734400', 'sys_user', 'App用户', NULL, NULL, 'SysUser', 'crud', 'com.pearadmin.system', 'system', 'user', 'App用户', '就眠仪式', '1', '/', 'null', '', '2020-11-17 10:24:33', '', '2021-12-06 06:34:52', '', '1', '系统管理', '', '', NULL);
INSERT INTO `gen_table` VALUES ('1370410322996756480', 'sys_notice', '站内消息', NULL, NULL, 'SysNotice', 'crud', 'com.pearadmin.system', 'system', 'notice', 'notice', 'jmys', '0', '/', 'null', '', '2021-03-12 16:24:16', '', '2021-04-07 02:06:21', '生成', '1', '系统管理', NULL, NULL, NULL);
INSERT INTO `gen_table` VALUES ('1467727782736822272', 'sys_dict_data', '', NULL, NULL, 'SysDictData', 'crud', 'com.pearadmin.system', 'system', 'dictData', NULL, 'jmys', '0', '/', NULL, '', '2021-12-06 05:29:06', '', NULL, NULL, NULL, NULL, NULL, NULL, NULL);
INSERT INTO `gen_table` VALUES ('1467745984783056896', 'sys_test', '测试', NULL, NULL, 'SysTest', 'crud', 'com.pearadmin.system', 'system', 'test', '测试', 'miko', '1', '/pear-modules/pear-system/tt', 'null', '', '2021-12-06 06:41:26', '', '2021-12-06 07:02:31', '', '', '', '', '', NULL);

-- ----------------------------
-- Table structure for gen_table_column
-- ----------------------------
DROP TABLE IF EXISTS `gen_table_column`;
CREATE TABLE `gen_table_column`  (
  `column_id` varchar(20) CHARACTER SET utf8mb4 COLLATE utf8mb4_general_ci NOT NULL COMMENT '编号',
  `table_id` varchar(64) CHARACTER SET utf8mb4 COLLATE utf8mb4_general_ci NULL DEFAULT NULL COMMENT '归属表编号',
  `column_name` varchar(200) CHARACTER SET utf8mb4 COLLATE utf8mb4_general_ci NULL DEFAULT NULL COMMENT '列名称',
  `column_comment` varchar(500) CHARACTER SET utf8mb4 COLLATE utf8mb4_general_ci NULL DEFAULT NULL COMMENT '列描述',
  `column_type` varchar(100) CHARACTER SET utf8mb4 COLLATE utf8mb4_general_ci NULL DEFAULT NULL COMMENT '列类型',
  `java_type` varchar(500) CHARACTER SET utf8mb4 COLLATE utf8mb4_general_ci NULL DEFAULT NULL COMMENT 'JAVA类型',
  `java_field` varchar(200) CHARACTER SET utf8mb4 COLLATE utf8mb4_general_ci NULL DEFAULT NULL COMMENT 'JAVA字段名',
  `is_pk` char(1) CHARACTER SET utf8mb4 COLLATE utf8mb4_general_ci NULL DEFAULT NULL COMMENT '是否主键（1是）',
  `is_increment` char(1) CHARACTER SET utf8mb4 COLLATE utf8mb4_general_ci NULL DEFAULT NULL COMMENT '是否自增（1是）',
  `is_required` char(1) CHARACTER SET utf8mb4 COLLATE utf8mb4_general_ci NULL DEFAULT NULL COMMENT '是否必填（1是）',
  `is_insert` char(1) CHARACTER SET utf8mb4 COLLATE utf8mb4_general_ci NULL DEFAULT NULL COMMENT '是否为插入字段（1是）',
  `is_edit` char(1) CHARACTER SET utf8mb4 COLLATE utf8mb4_general_ci NULL DEFAULT NULL COMMENT '是否编辑字段（1是）',
  `is_list` char(1) CHARACTER SET utf8mb4 COLLATE utf8mb4_general_ci NULL DEFAULT NULL COMMENT '是否列表字段（1是）',
  `is_query` char(1) CHARACTER SET utf8mb4 COLLATE utf8mb4_general_ci NULL DEFAULT NULL COMMENT '是否查询字段（1是）',
  `query_type` varchar(200) CHARACTER SET utf8mb4 COLLATE utf8mb4_general_ci NULL DEFAULT 'EQ' COMMENT '查询方式（等于、不等于、大于、小于、范围）',
  `html_type` varchar(200) CHARACTER SET utf8mb4 COLLATE utf8mb4_general_ci NULL DEFAULT NULL COMMENT '显示类型（文本框、文本域、下拉框、复选框、单选框、日期控件）',
  `dict_type` varchar(200) CHARACTER SET utf8mb4 COLLATE utf8mb4_general_ci NULL DEFAULT '' COMMENT '字典类型',
  `sort` int NULL DEFAULT NULL COMMENT '排序',
  `create_by` varchar(64) CHARACTER SET utf8mb4 COLLATE utf8mb4_general_ci NULL DEFAULT '' COMMENT '创建者',
  `create_time` datetime NULL DEFAULT NULL COMMENT '创建时间',
  `update_by` varchar(64) CHARACTER SET utf8mb4 COLLATE utf8mb4_general_ci NULL DEFAULT '' COMMENT '更新者',
  `update_time` datetime NULL DEFAULT NULL COMMENT '更新时间',
  PRIMARY KEY (`column_id`) USING BTREE
) ENGINE = InnoDB CHARACTER SET = utf8mb4 COLLATE = utf8mb4_general_ci COMMENT = '代码生成业务表字段' ROW_FORMAT = DYNAMIC;

-- ----------------------------
-- Records of gen_table_column
-- ----------------------------
INSERT INTO `gen_table_column` VALUES ('1328525219052126208', '1328525218309734400', 'user_id', '编号', 'char(19)', 'String', 'userId', '1', '0', NULL, '1', NULL, NULL, NULL, 'EQ', 'input', 'input', 1, '', '2020-11-17 10:24:33', NULL, '2021-12-06 06:34:52');
INSERT INTO `gen_table_column` VALUES ('1328525219400253440', '1328525218309734400', 'username', '账户', 'char(20)', 'String', 'username', '0', '0', NULL, '1', '1', '1', '1', 'LIKE', 'input', 'input', 2, '', '2020-11-17 10:24:33', NULL, '2021-12-06 06:34:53');
INSERT INTO `gen_table_column` VALUES ('1328525219786129408', '1328525218309734400', 'password', '密码', 'char(60)', 'String', 'password', '0', '0', NULL, '1', '1', '1', '1', 'EQ', 'input', 'input', 3, '', '2020-11-17 10:24:33', NULL, '2021-12-06 06:34:53');
INSERT INTO `gen_table_column` VALUES ('1328525220104896512', '1328525218309734400', 'salt', '姓名', 'char(10)', 'String', 'salt', '0', '0', NULL, '1', '1', '1', '1', 'EQ', 'input', 'input', 4, '', '2020-11-17 10:24:33', NULL, '2021-12-06 06:34:53');
INSERT INTO `gen_table_column` VALUES ('1328525220423663616', '1328525218309734400', 'status', '状态', 'char(1)', 'String', 'status', '0', '0', NULL, '1', '1', '1', '1', 'EQ', 'radio', 'input', 5, '', '2020-11-17 10:24:33', NULL, '2021-12-06 06:34:53');
INSERT INTO `gen_table_column` VALUES ('1328525220734042112', '1328525218309734400', 'real_name', '姓名', 'char(8)', 'String', 'realName', '0', '0', NULL, '1', '1', '1', '1', 'LIKE', 'input', 'input', 6, '', '2020-11-17 10:24:33', NULL, '2021-12-06 06:34:53');
INSERT INTO `gen_table_column` VALUES ('1328525221044420608', '1328525218309734400', 'email', '邮箱', 'char(20)', 'String', 'email', '0', '0', NULL, '1', '1', '1', '1', 'EQ', 'input', 'input', 7, '', '2020-11-17 10:24:34', NULL, '2021-12-06 06:34:53');
INSERT INTO `gen_table_column` VALUES ('1328525221363187712', '1328525218309734400', 'avatar', '头像', 'varchar(30)', 'String', 'avatar', '0', '0', '1', '1', '1', '1', '1', 'EQ', 'input', 'input', 8, '', '2020-11-17 10:24:34', NULL, '2021-12-06 06:34:53');
INSERT INTO `gen_table_column` VALUES ('1328525221677760512', '1328525218309734400', 'sex', '性别', 'char(1)', 'String', 'sex', '0', '0', NULL, '1', '1', '1', '1', 'EQ', 'select', 'user_sex', 9, '', '2020-11-17 10:24:34', NULL, '2021-12-06 06:34:53');
INSERT INTO `gen_table_column` VALUES ('1328525222000721920', '1328525218309734400', 'phone', '电话', 'char(11)', 'String', 'phone', '0', '0', NULL, '1', '1', '1', '1', 'EQ', 'input', 'input', 10, '', '2020-11-17 10:24:34', NULL, '2021-12-06 06:34:53');
INSERT INTO `gen_table_column` VALUES ('1328525222415958016', '1328525218309734400', 'create_time', '创建时间', 'datetime', 'Date', 'createTime', '0', '0', NULL, '1', NULL, NULL, NULL, 'EQ', 'datetime', 'input', 11, '', '2020-11-17 10:24:34', NULL, '2021-12-06 06:34:53');
INSERT INTO `gen_table_column` VALUES ('1328525222764085248', '1328525218309734400', 'create_by', '创建人', 'char(1)', 'String', 'createBy', '0', '0', NULL, '1', NULL, NULL, NULL, 'EQ', 'input', 'input', 12, '', '2020-11-17 10:24:34', NULL, '2021-12-06 06:34:53');
INSERT INTO `gen_table_column` VALUES ('1328525223091240960', '1328525218309734400', 'update_time', '修改时间', 'datetime', 'Date', 'updateTime', '0', '0', NULL, '1', '1', NULL, NULL, 'EQ', 'datetime', 'input', 13, '', '2020-11-17 10:24:34', NULL, '2021-12-06 06:34:53');
INSERT INTO `gen_table_column` VALUES ('1328525223552614400', '1328525218309734400', 'update_by', '修改人', 'char(1)', 'String', 'updateBy', '0', '0', NULL, '1', '1', NULL, NULL, 'EQ', 'input', 'input', 14, '', '2020-11-17 10:24:34', NULL, '2021-12-06 06:34:53');
INSERT INTO `gen_table_column` VALUES ('1328525223896547328', '1328525218309734400', 'remark', '备注', 'varchar(255)', 'String', 'remark', '0', '0', NULL, '1', '1', '1', NULL, 'EQ', 'input', 'input', 15, '', '2020-11-17 10:24:34', NULL, '2021-12-06 06:34:53');
INSERT INTO `gen_table_column` VALUES ('1328525224206925824', '1328525218309734400', 'enable', '是否启用', 'char(1)', 'String', 'enable', '0', '0', NULL, '1', '1', '1', '1', 'EQ', 'input', 'input', 16, '', '2020-11-17 10:24:34', NULL, '2021-12-06 06:34:54');
INSERT INTO `gen_table_column` VALUES ('1328525224542470144', '1328525218309734400', 'login', '是否登录', 'char(1)', 'String', 'login', '0', '0', NULL, '1', '1', '1', '1', 'EQ', 'input', 'input', 17, '', '2020-11-17 10:24:34', NULL, '2021-12-06 06:34:54');
INSERT INTO `gen_table_column` VALUES ('1328525224861237248', '1328525218309734400', 'dept_id', '部门编号', 'char(19)', 'String', 'deptId', '0', '0', NULL, '1', '1', '1', '1', 'EQ', 'input', 'input', 18, '', '2020-11-17 10:24:34', NULL, '2021-12-06 06:34:54');
INSERT INTO `gen_table_column` VALUES ('1370410323613319168', '1370410322996756480', 'id', '编号', 'char(20)', 'String', 'id', '1', '0', NULL, '1', NULL, NULL, NULL, 'EQ', 'input', 'input', 1, '', '2021-03-12 16:24:16', NULL, '2021-04-07 02:06:21');
INSERT INTO `gen_table_column` VALUES ('1370410323856588800', '1370410322996756480', 'title', '标题', 'varchar(255)', 'String', 'title', '0', '0', '1', '1', '1', '1', '1', 'LIKE', 'input', 'input', 2, '', '2021-03-12 16:24:16', NULL, '2021-04-07 02:06:21');
INSERT INTO `gen_table_column` VALUES ('1370410324095664128', '1370410322996756480', 'content', '内容', 'text', 'String', 'content', '0', '0', '1', '1', '1', '1', NULL, 'EQ', 'input', 'input', 3, '', '2021-03-12 16:24:16', NULL, '2021-04-07 02:06:21');
INSERT INTO `gen_table_column` VALUES ('1370410324317962240', '1370410322996756480', 'sender', '发送人', 'char(20)', 'String', 'sender', '0', '0', '1', '1', NULL, '1', NULL, 'EQ', 'select', 'input', 4, '', '2021-03-12 16:24:16', NULL, '2021-04-07 02:06:21');
INSERT INTO `gen_table_column` VALUES ('1370410324557037568', '1370410322996756480', 'accept', '接收者', 'char(20)', 'String', 'accept', '0', '0', '1', '1', '1', '1', NULL, 'EQ', 'input', 'input', 5, '', '2021-03-12 16:24:16', NULL, '2021-04-07 02:06:21');
INSERT INTO `gen_table_column` VALUES ('1370410324766752768', '1370410322996756480', 'type', '类型', 'char(10)', 'String', 'type', '0', '0', '1', '1', '1', '1', '1', 'EQ', 'select', 'sys_notice_type', 6, '', '2021-03-12 16:24:16', NULL, '2021-04-07 02:06:21');
INSERT INTO `gen_table_column` VALUES ('1370410325018411008', '1370410322996756480', 'create_by', '创建人', 'char(20)', 'String', 'createBy', '0', '0', NULL, '1', NULL, NULL, NULL, 'EQ', 'input', 'input', 7, '', '2021-03-12 16:24:16', NULL, '2021-04-07 02:06:21');
INSERT INTO `gen_table_column` VALUES ('1370410325240709120', '1370410322996756480', 'create_time', '创建时间', 'datetime', 'Date', 'createTime', '0', '0', NULL, '1', NULL, NULL, NULL, 'EQ', 'datetime', 'input', 8, '', '2021-03-12 16:24:16', NULL, '2021-04-07 02:06:21');
INSERT INTO `gen_table_column` VALUES ('1370410325471395840', '1370410322996756480', 'update_by', '修改人', 'char(20)', 'String', 'updateBy', '0', '0', NULL, '1', NULL, NULL, NULL, 'EQ', 'input', 'input', 9, '', '2021-03-12 16:24:16', NULL, '2021-04-07 02:06:22');
INSERT INTO `gen_table_column` VALUES ('1370410325702082560', '1370410322996756480', 'update_time', '修改时间', 'datetime', 'Date', 'updateTime', '0', '0', NULL, '1', NULL, NULL, NULL, 'EQ', 'datetime', 'input', 10, '', '2021-03-12 16:24:16', NULL, '2021-04-07 02:06:22');
INSERT INTO `gen_table_column` VALUES ('1370410325928574976', '1370410322996756480', 'remark', '备注', 'varchar(255)', 'String', 'remark', '0', '0', NULL, '1', NULL, NULL, NULL, 'EQ', 'input', 'input', 11, '', '2021-03-12 16:24:17', NULL, '2021-04-07 02:06:22');
INSERT INTO `gen_table_column` VALUES ('1467727783235944448', '1467727782736822272', 'data_id', '标识', 'char(19)', 'String', 'dataId', '1', '0', NULL, '1', NULL, NULL, NULL, 'EQ', 'input', '', 1, '', '2021-12-06 05:29:06', '', NULL);
INSERT INTO `gen_table_column` VALUES ('1467727783466631168', '1467727782736822272', 'data_label', '字典标签', 'char(19)', 'String', 'dataLabel', '0', '0', NULL, '1', '1', '1', '1', 'EQ', 'input', '', 2, '', '2021-12-06 05:29:07', '', NULL);
INSERT INTO `gen_table_column` VALUES ('1467727783680540672', '1467727782736822272', 'data_value', '字典值', 'char(20)', 'String', 'dataValue', '0', '0', NULL, '1', '1', '1', '1', 'EQ', 'input', '', 3, '', '2021-12-06 05:29:07', '', NULL);
INSERT INTO `gen_table_column` VALUES ('1467727783898644480', '1467727782736822272', 'type_code', '所属类型', 'char(20)', 'String', 'typeCode', '0', '0', NULL, '1', '1', '1', '1', 'EQ', 'input', '', 4, '', '2021-12-06 05:29:07', '', NULL);
INSERT INTO `gen_table_column` VALUES ('1467727784141914112', '1467727782736822272', 'is_default', '是否默认', 'char(1)', 'String', 'isDefault', '0', '0', NULL, '1', '1', '1', '1', 'EQ', 'input', '', 5, '', '2021-12-06 05:29:07', '', NULL);
INSERT INTO `gen_table_column` VALUES ('1467727784427126784', '1467727782736822272', 'update_by', '修改人', 'char(19)', 'String', 'updateBy', '0', '0', NULL, '1', '1', NULL, NULL, 'EQ', 'input', '', 6, '', '2021-12-06 05:29:07', '', NULL);
INSERT INTO `gen_table_column` VALUES ('1467727784645230592', '1467727782736822272', 'update_time', '修改时间', 'datetime', 'Date', 'updateTime', '0', '0', NULL, '1', '1', NULL, NULL, 'EQ', 'datetime', '', 7, '', '2021-12-06 05:29:07', '', NULL);
INSERT INTO `gen_table_column` VALUES ('1467727784867528704', '1467727782736822272', 'create_by', '创建人', 'varchar(255)', 'String', 'createBy', '0', '0', NULL, '1', NULL, NULL, NULL, 'EQ', 'input', '', 8, '', '2021-12-06 05:29:07', '', NULL);
INSERT INTO `gen_table_column` VALUES ('1467727785081438208', '1467727782736822272', 'create_time', '创建时间', 'datetime', 'Date', 'createTime', '0', '0', NULL, '1', NULL, NULL, NULL, 'EQ', 'datetime', '', 9, '', '2021-12-06 05:29:07', '', NULL);
INSERT INTO `gen_table_column` VALUES ('1467727785282764800', '1467727782736822272', 'remark', '备注', 'varchar(255)', 'String', 'remark', '0', '0', NULL, '1', '1', '1', NULL, 'EQ', 'input', '', 10, '', '2021-12-06 05:29:07', '', NULL);
INSERT INTO `gen_table_column` VALUES ('1467727785488285696', '1467727782736822272', 'enable', '是否启用', 'char(1)', 'String', 'enable', '0', '0', NULL, '1', '1', '1', '1', 'EQ', 'input', '', 11, '', '2021-12-06 05:29:07', '', NULL);
INSERT INTO `gen_table_column` VALUES ('1467745985433174016', '1467745984783056896', 'id', 'id', 'int', 'Long', 'id', '1', '0', NULL, '1', NULL, NULL, NULL, 'EQ', 'input', 'input', 1, '', '2021-12-06 06:41:26', NULL, '2021-12-06 07:02:31');
INSERT INTO `gen_table_column` VALUES ('1467745985756135424', '1467745984783056896', 'name', ' 名字', 'varchar(255)', 'String', 'name', '0', '0', NULL, '1', '1', '1', '1', 'LIKE', 'input', 'input', 2, '', '2021-12-06 06:41:26', NULL, '2021-12-06 07:02:31');
INSERT INTO `gen_table_column` VALUES ('1467745986049736704', '1467745984783056896', 'gaha', '嘎哈', 'varchar(255)', 'String', 'gaha', '0', '0', NULL, '1', '1', '1', '1', 'EQ', 'input', 'input', 3, '', '2021-12-06 06:41:26', NULL, '2021-12-06 07:02:31');
INSERT INTO `gen_table_column` VALUES ('1467745986343337984', '1467745984783056896', 'yry_ad', '一日游', 'varchar(255)', 'String', 'yryAd', '0', '0', NULL, '1', '1', '1', '1', 'EQ', 'input', 'input', 4, '', '2021-12-06 06:41:26', NULL, '2021-12-06 07:02:31');

-- ----------------------------
-- Table structure for schedule_blob_triggers
-- ----------------------------
DROP TABLE IF EXISTS `schedule_blob_triggers`;
CREATE TABLE `schedule_blob_triggers`  (
  `SCHED_NAME` varchar(120) CHARACTER SET utf8 COLLATE utf8_general_ci NOT NULL,
  `TRIGGER_NAME` varchar(200) CHARACTER SET utf8 COLLATE utf8_general_ci NOT NULL,
  `TRIGGER_GROUP` varchar(200) CHARACTER SET utf8 COLLATE utf8_general_ci NOT NULL,
  `BLOB_DATA` blob NULL,
  PRIMARY KEY (`SCHED_NAME`, `TRIGGER_NAME`, `TRIGGER_GROUP`) USING BTREE,
  INDEX `SCHED_NAME`(`SCHED_NAME` ASC, `TRIGGER_NAME` ASC, `TRIGGER_GROUP` ASC) USING BTREE,
  CONSTRAINT `schedule_blob_triggers_ibfk_1` FOREIGN KEY (`SCHED_NAME`, `TRIGGER_NAME`, `TRIGGER_GROUP`) REFERENCES `schedule_triggers` (`SCHED_NAME`, `TRIGGER_NAME`, `TRIGGER_GROUP`) ON DELETE RESTRICT ON UPDATE RESTRICT
) ENGINE = InnoDB CHARACTER SET = utf8 COLLATE = utf8_general_ci ROW_FORMAT = DYNAMIC;

-- ----------------------------
-- Records of schedule_blob_triggers
-- ----------------------------

-- ----------------------------
-- Table structure for schedule_calendars
-- ----------------------------
DROP TABLE IF EXISTS `schedule_calendars`;
CREATE TABLE `schedule_calendars`  (
  `SCHED_NAME` varchar(120) CHARACTER SET utf8 COLLATE utf8_general_ci NOT NULL,
  `CALENDAR_NAME` varchar(200) CHARACTER SET utf8 COLLATE utf8_general_ci NOT NULL,
  `CALENDAR` blob NOT NULL,
  PRIMARY KEY (`SCHED_NAME`, `CALENDAR_NAME`) USING BTREE
) ENGINE = InnoDB CHARACTER SET = utf8 COLLATE = utf8_general_ci ROW_FORMAT = DYNAMIC;

-- ----------------------------
-- Records of schedule_calendars
-- ----------------------------

-- ----------------------------
-- Table structure for schedule_cron_triggers
-- ----------------------------
DROP TABLE IF EXISTS `schedule_cron_triggers`;
CREATE TABLE `schedule_cron_triggers`  (
  `SCHED_NAME` varchar(120) CHARACTER SET utf8 COLLATE utf8_general_ci NOT NULL,
  `TRIGGER_NAME` varchar(200) CHARACTER SET utf8 COLLATE utf8_general_ci NOT NULL,
  `TRIGGER_GROUP` varchar(200) CHARACTER SET utf8 COLLATE utf8_general_ci NOT NULL,
  `CRON_EXPRESSION` varchar(120) CHARACTER SET utf8 COLLATE utf8_general_ci NOT NULL,
  `TIME_ZONE_ID` varchar(80) CHARACTER SET utf8 COLLATE utf8_general_ci NULL DEFAULT NULL,
  PRIMARY KEY (`SCHED_NAME`, `TRIGGER_NAME`, `TRIGGER_GROUP`) USING BTREE,
  CONSTRAINT `schedule_cron_triggers_ibfk_1` FOREIGN KEY (`SCHED_NAME`, `TRIGGER_NAME`, `TRIGGER_GROUP`) REFERENCES `schedule_triggers` (`SCHED_NAME`, `TRIGGER_NAME`, `TRIGGER_GROUP`) ON DELETE RESTRICT ON UPDATE RESTRICT
) ENGINE = InnoDB CHARACTER SET = utf8 COLLATE = utf8_general_ci ROW_FORMAT = DYNAMIC;

-- ----------------------------
-- Records of schedule_cron_triggers
-- ----------------------------

-- ----------------------------
-- Table structure for schedule_fired_triggers
-- ----------------------------
DROP TABLE IF EXISTS `schedule_fired_triggers`;
CREATE TABLE `schedule_fired_triggers`  (
  `SCHED_NAME` varchar(120) CHARACTER SET utf8 COLLATE utf8_general_ci NOT NULL,
  `ENTRY_ID` varchar(95) CHARACTER SET utf8 COLLATE utf8_general_ci NOT NULL,
  `TRIGGER_NAME` varchar(200) CHARACTER SET utf8 COLLATE utf8_general_ci NOT NULL,
  `TRIGGER_GROUP` varchar(200) CHARACTER SET utf8 COLLATE utf8_general_ci NOT NULL,
  `INSTANCE_NAME` varchar(200) CHARACTER SET utf8 COLLATE utf8_general_ci NOT NULL,
  `FIRED_TIME` bigint NOT NULL,
  `SCHED_TIME` bigint NOT NULL,
  `PRIORITY` int NOT NULL,
  `STATE` varchar(16) CHARACTER SET utf8 COLLATE utf8_general_ci NOT NULL,
  `JOB_NAME` varchar(200) CHARACTER SET utf8 COLLATE utf8_general_ci NULL DEFAULT NULL,
  `JOB_GROUP` varchar(200) CHARACTER SET utf8 COLLATE utf8_general_ci NULL DEFAULT NULL,
  `IS_NONCONCURRENT` varchar(1) CHARACTER SET utf8 COLLATE utf8_general_ci NULL DEFAULT NULL,
  `REQUESTS_RECOVERY` varchar(1) CHARACTER SET utf8 COLLATE utf8_general_ci NULL DEFAULT NULL,
  PRIMARY KEY (`SCHED_NAME`, `ENTRY_ID`) USING BTREE,
  INDEX `IDX_QRTZ_FT_TRIG_INST_NAME`(`SCHED_NAME` ASC, `INSTANCE_NAME` ASC) USING BTREE,
  INDEX `IDX_QRTZ_FT_INST_JOB_REQ_RCVRY`(`SCHED_NAME` ASC, `INSTANCE_NAME` ASC, `REQUESTS_RECOVERY` ASC) USING BTREE,
  INDEX `IDX_QRTZ_FT_J_G`(`SCHED_NAME` ASC, `JOB_NAME` ASC, `JOB_GROUP` ASC) USING BTREE,
  INDEX `IDX_QRTZ_FT_JG`(`SCHED_NAME` ASC, `JOB_GROUP` ASC) USING BTREE,
  INDEX `IDX_QRTZ_FT_T_G`(`SCHED_NAME` ASC, `TRIGGER_NAME` ASC, `TRIGGER_GROUP` ASC) USING BTREE,
  INDEX `IDX_QRTZ_FT_TG`(`SCHED_NAME` ASC, `TRIGGER_GROUP` ASC) USING BTREE
) ENGINE = InnoDB CHARACTER SET = utf8 COLLATE = utf8_general_ci ROW_FORMAT = DYNAMIC;

-- ----------------------------
-- Records of schedule_fired_triggers
-- ----------------------------

-- ----------------------------
-- Table structure for schedule_job
-- ----------------------------
DROP TABLE IF EXISTS `schedule_job`;
CREATE TABLE `schedule_job`  (
  `job_id` char(19) CHARACTER SET utf8 COLLATE utf8_general_ci NOT NULL COMMENT '任务id',
  `bean_name` varchar(200) CHARACTER SET utf8 COLLATE utf8_general_ci NULL DEFAULT NULL COMMENT 'spring bean名称',
  `params` varchar(2000) CHARACTER SET utf8 COLLATE utf8_general_ci NULL DEFAULT NULL COMMENT '参数',
  `cron_expression` varchar(100) CHARACTER SET utf8 COLLATE utf8_general_ci NULL DEFAULT NULL COMMENT 'cron表达式',
  `status` tinyint NULL DEFAULT NULL COMMENT '任务状态  0：正常  1：暂停',
  `remark` varchar(255) CHARACTER SET utf8 COLLATE utf8_general_ci NULL DEFAULT NULL COMMENT '备注',
  `create_time` datetime NULL DEFAULT NULL COMMENT '创建时间',
  `job_name` varchar(255) CHARACTER SET utf8 COLLATE utf8_general_ci NULL DEFAULT NULL,
  PRIMARY KEY (`job_id`) USING BTREE
) ENGINE = InnoDB CHARACTER SET = utf8 COLLATE = utf8_general_ci COMMENT = '定时任务' ROW_FORMAT = DYNAMIC;

-- ----------------------------
-- Records of schedule_job
-- ----------------------------
INSERT INTO `schedule_job` VALUES ('1486010868926775296', 'commonTask', '', '*/5 * * * * ?', 0, '', '2022-01-26 00:19:35', '测试任务');
INSERT INTO `schedule_job` VALUES ('1486013097326936064', '234', '', '*/5 * * * * ?', 0, '23', '2022-01-26 00:28:26', '234');

-- ----------------------------
-- Table structure for schedule_job_details
-- ----------------------------
DROP TABLE IF EXISTS `schedule_job_details`;
CREATE TABLE `schedule_job_details`  (
  `SCHED_NAME` varchar(120) CHARACTER SET utf8 COLLATE utf8_general_ci NOT NULL,
  `JOB_NAME` varchar(200) CHARACTER SET utf8 COLLATE utf8_general_ci NOT NULL,
  `JOB_GROUP` varchar(200) CHARACTER SET utf8 COLLATE utf8_general_ci NOT NULL,
  `DESCRIPTION` varchar(250) CHARACTER SET utf8 COLLATE utf8_general_ci NULL DEFAULT NULL,
  `JOB_CLASS_NAME` varchar(250) CHARACTER SET utf8 COLLATE utf8_general_ci NOT NULL,
  `IS_DURABLE` varchar(1) CHARACTER SET utf8 COLLATE utf8_general_ci NOT NULL,
  `IS_NONCONCURRENT` varchar(1) CHARACTER SET utf8 COLLATE utf8_general_ci NOT NULL,
  `IS_UPDATE_DATA` varchar(1) CHARACTER SET utf8 COLLATE utf8_general_ci NOT NULL,
  `REQUESTS_RECOVERY` varchar(1) CHARACTER SET utf8 COLLATE utf8_general_ci NOT NULL,
  `JOB_DATA` blob NULL,
  PRIMARY KEY (`SCHED_NAME`, `JOB_NAME`, `JOB_GROUP`) USING BTREE,
  INDEX `IDX_QRTZ_J_REQ_RECOVERY`(`SCHED_NAME` ASC, `REQUESTS_RECOVERY` ASC) USING BTREE,
  INDEX `IDX_QRTZ_J_GRP`(`SCHED_NAME` ASC, `JOB_GROUP` ASC) USING BTREE
) ENGINE = InnoDB CHARACTER SET = utf8 COLLATE = utf8_general_ci ROW_FORMAT = DYNAMIC;

-- ----------------------------
-- Records of schedule_job_details
-- ----------------------------

-- ----------------------------
-- Table structure for schedule_locks
-- ----------------------------
DROP TABLE IF EXISTS `schedule_locks`;
CREATE TABLE `schedule_locks`  (
  `SCHED_NAME` varchar(120) CHARACTER SET utf8 COLLATE utf8_general_ci NOT NULL,
  `LOCK_NAME` varchar(40) CHARACTER SET utf8 COLLATE utf8_general_ci NOT NULL,
  PRIMARY KEY (`SCHED_NAME`, `LOCK_NAME`) USING BTREE
) ENGINE = InnoDB CHARACTER SET = utf8 COLLATE = utf8_general_ci ROW_FORMAT = DYNAMIC;

-- ----------------------------
-- Records of schedule_locks
-- ----------------------------

-- ----------------------------
-- Table structure for schedule_log
-- ----------------------------
DROP TABLE IF EXISTS `schedule_log`;
CREATE TABLE `schedule_log`  (
  `log_id` char(19) CHARACTER SET utf8 COLLATE utf8_general_ci NOT NULL COMMENT '任务日志id',
  `job_id` char(19) CHARACTER SET utf8 COLLATE utf8_general_ci NOT NULL COMMENT '任务id',
  `bean_name` varchar(200) CHARACTER SET utf8 COLLATE utf8_general_ci NULL DEFAULT NULL COMMENT 'spring bean名称',
  `params` varchar(2000) CHARACTER SET utf8 COLLATE utf8_general_ci NULL DEFAULT NULL COMMENT '参数',
  `status` tinyint NOT NULL COMMENT '任务状态    0：成功    1：失败',
  `error` varchar(2000) CHARACTER SET utf8 COLLATE utf8_general_ci NULL DEFAULT NULL COMMENT '失败信息',
  `times` int NOT NULL COMMENT '耗时(单位：毫秒)',
  `create_time` datetime NULL DEFAULT NULL COMMENT '创建时间',
  PRIMARY KEY (`log_id`) USING BTREE,
  INDEX `job_id`(`job_id` ASC) USING BTREE
) ENGINE = InnoDB CHARACTER SET = utf8 COLLATE = utf8_general_ci COMMENT = '定时任务日志' ROW_FORMAT = DYNAMIC;

-- ----------------------------
-- Records of schedule_log
-- ----------------------------
INSERT INTO `schedule_log` VALUES ('1486010870906486784', '1486010868926775296', 'commonTask', '', 0, NULL, 1, '2022-01-26 00:19:35');
INSERT INTO `schedule_log` VALUES ('1486010891802509312', '1486010868926775296', 'commonTask', '', 0, NULL, 0, '2022-01-26 00:19:40');
INSERT INTO `schedule_log` VALUES ('1486010904456724480', '1486010868926775296', 'commonTask', '', 0, NULL, 0, '2022-01-26 00:19:43');
INSERT INTO `schedule_log` VALUES ('1486010912778223616', '1486010868926775296', 'commonTask', '', 0, NULL, 1, '2022-01-26 00:19:45');
INSERT INTO `schedule_log` VALUES ('1486010933732966400', '1486010868926775296', 'commonTask', '', 0, NULL, 1, '2022-01-26 00:19:50');
INSERT INTO `schedule_log` VALUES ('1486010954729652224', '1486010868926775296', 'commonTask', '', 0, NULL, 1, '2022-01-26 00:19:55');
INSERT INTO `schedule_log` VALUES ('1486010975692783616', '1486010868926775296', 'commonTask', '', 0, NULL, 0, '2022-01-26 00:20:00');
INSERT INTO `schedule_log` VALUES ('1486010996651720704', '1486010868926775296', 'commonTask', '', 0, NULL, 1, '2022-01-26 00:20:05');
INSERT INTO `schedule_log` VALUES ('1486011017627435008', '1486010868926775296', 'commonTask', '', 0, NULL, 1, '2022-01-26 00:20:10');
INSERT INTO `schedule_log` VALUES ('1486011038565400576', '1486010868926775296', 'commonTask', '', 0, NULL, 1, '2022-01-26 00:20:15');
INSERT INTO `schedule_log` VALUES ('1486011059541114880', '1486010868926775296', 'commonTask', '', 0, NULL, 0, '2022-01-26 00:20:20');
INSERT INTO `schedule_log` VALUES ('1486011080504246272', '1486010868926775296', 'commonTask', '', 0, NULL, 1, '2022-01-26 00:20:25');
INSERT INTO `schedule_log` VALUES ('1486011101505126400', '1486010868926775296', 'commonTask', '', 0, NULL, 1, '2022-01-26 00:20:30');
INSERT INTO `schedule_log` VALUES ('1486011122451480576', '1486010868926775296', 'commonTask', '', 0, NULL, 1, '2022-01-26 00:20:35');
INSERT INTO `schedule_log` VALUES ('1486011143418806272', '1486010868926775296', 'commonTask', '', 0, NULL, 1, '2022-01-26 00:20:40');
INSERT INTO `schedule_log` VALUES ('1486011164402909184', '1486010868926775296', 'commonTask', '', 0, NULL, 0, '2022-01-26 00:20:45');
INSERT INTO `schedule_log` VALUES ('1486011185370234880', '1486010868926775296', 'commonTask', '', 0, NULL, 0, '2022-01-26 00:20:50');
INSERT INTO `schedule_log` VALUES ('1486011206337560576', '1486010868926775296', 'commonTask', '', 0, NULL, 0, '2022-01-26 00:20:55');
INSERT INTO `schedule_log` VALUES ('1486011227309080576', '1486010868926775296', 'commonTask', '', 0, NULL, 1, '2022-01-26 00:21:00');
INSERT INTO `schedule_log` VALUES ('1486011248284794880', '1486010868926775296', 'commonTask', '', 0, NULL, 0, '2022-01-26 00:21:05');
INSERT INTO `schedule_log` VALUES ('1486011269247926272', '1486010868926775296', 'commonTask', '', 0, NULL, 1, '2022-01-26 00:21:10');
INSERT INTO `schedule_log` VALUES ('1486011290227834880', '1486010868926775296', 'commonTask', '', 0, NULL, 0, '2022-01-26 00:21:15');
INSERT INTO `schedule_log` VALUES ('1486011311195160576', '1486010868926775296', 'commonTask', '', 0, NULL, 1, '2022-01-26 00:21:20');
INSERT INTO `schedule_log` VALUES ('1486011332170874880', '1486010868926775296', 'commonTask', '', 0, NULL, 0, '2022-01-26 00:21:25');
INSERT INTO `schedule_log` VALUES ('1486011353138200576', '1486010868926775296', 'commonTask', '', 0, NULL, 1, '2022-01-26 00:21:30');
INSERT INTO `schedule_log` VALUES ('1486011374109720576', '1486010868926775296', 'commonTask', '', 0, NULL, 1, '2022-01-26 00:21:35');
INSERT INTO `schedule_log` VALUES ('1486011395135766528', '1486010868926775296', 'commonTask', '', 0, NULL, 1, '2022-01-26 00:21:40');
INSERT INTO `schedule_log` VALUES ('1486011416086315008', '1486010868926775296', 'commonTask', '', 0, NULL, 1, '2022-01-26 00:21:45');
INSERT INTO `schedule_log` VALUES ('1486011437020086272', '1486010868926775296', 'commonTask', '', 0, NULL, 1, '2022-01-26 00:21:50');
INSERT INTO `schedule_log` VALUES ('1486011458104852480', '1486010868926775296', 'commonTask', '', 0, NULL, 2, '2022-01-26 00:21:55');
INSERT INTO `schedule_log` VALUES ('1486011478967320576', '1486010868926775296', 'commonTask', '', 0, NULL, 1, '2022-01-26 00:22:00');
INSERT INTO `schedule_log` VALUES ('1486011499938840576', '1486010868926775296', 'commonTask', '', 0, NULL, 0, '2022-01-26 00:22:05');
INSERT INTO `schedule_log` VALUES ('1486011520906166272', '1486010868926775296', 'commonTask', '', 0, NULL, 1, '2022-01-26 00:22:10');
INSERT INTO `schedule_log` VALUES ('1486011541923823616', '1486010868926775296', 'commonTask', '', 0, NULL, 0, '2022-01-26 00:22:15');
INSERT INTO `schedule_log` VALUES ('1486011562849206272', '1486010868926775296', 'commonTask', '', 0, NULL, 1, '2022-01-26 00:22:20');
INSERT INTO `schedule_log` VALUES ('1486011583833309184', '1486010868926775296', 'commonTask', '', 0, NULL, 1, '2022-01-26 00:22:25');
INSERT INTO `schedule_log` VALUES ('1486011604792246272', '1486010868926775296', 'commonTask', '', 0, NULL, 0, '2022-01-26 00:22:30');
INSERT INTO `schedule_log` VALUES ('1486011625814097920', '1486010868926775296', 'commonTask', '', 0, NULL, 0, '2022-01-26 00:22:35');
INSERT INTO `schedule_log` VALUES ('1486011646735286272', '1486010868926775296', 'commonTask', '', 0, NULL, 0, '2022-01-26 00:22:40');
INSERT INTO `schedule_log` VALUES ('1486011667740360704', '1486010868926775296', 'commonTask', '', 0, NULL, 1, '2022-01-26 00:22:45');
INSERT INTO `schedule_log` VALUES ('1486011688762212352', '1486010868926775296', 'commonTask', '', 0, NULL, 2, '2022-01-26 00:22:50');
INSERT INTO `schedule_log` VALUES ('1486011709649846272', '1486010868926775296', 'commonTask', '', 0, NULL, 1, '2022-01-26 00:22:55');
INSERT INTO `schedule_log` VALUES ('1486011730629754880', '1486010868926775296', 'commonTask', '', 0, NULL, 1, '2022-01-26 00:23:00');
INSERT INTO `schedule_log` VALUES ('1486011751597080576', '1486010868926775296', 'commonTask', '', 0, NULL, 0, '2022-01-26 00:23:05');
INSERT INTO `schedule_log` VALUES ('1486011772564406272', '1486010868926775296', 'commonTask', '', 0, NULL, 1, '2022-01-26 00:23:10');
INSERT INTO `schedule_log` VALUES ('1486011793569480704', '1486010868926775296', 'commonTask', '', 0, NULL, 1, '2022-01-26 00:23:15');
INSERT INTO `schedule_log` VALUES ('1486011814507446272', '1486010868926775296', 'commonTask', '', 0, NULL, 1, '2022-01-26 00:23:20');
INSERT INTO `schedule_log` VALUES ('1486011835541880832', '1486010868926775296', 'commonTask', '', 0, NULL, 1, '2022-01-26 00:23:25');
INSERT INTO `schedule_log` VALUES ('1486011856454680576', '1486010868926775296', 'commonTask', '', 0, NULL, 0, '2022-01-26 00:23:30');
INSERT INTO `schedule_log` VALUES ('1486011877426200576', '1486010868926775296', 'commonTask', '', 0, NULL, 1, '2022-01-26 00:23:35');
INSERT INTO `schedule_log` VALUES ('1486011898393526272', '1486010868926775296', 'commonTask', '', 0, NULL, 1, '2022-01-26 00:23:40');
INSERT INTO `schedule_log` VALUES ('1486011919419572224', '1486010868926775296', 'commonTask', '', 0, NULL, 3, '2022-01-26 00:23:45');
INSERT INTO `schedule_log` VALUES ('1486011940336566272', '1486010868926775296', 'commonTask', '', 0, NULL, 0, '2022-01-26 00:23:50');
INSERT INTO `schedule_log` VALUES ('1486011961371000832', '1486010868926775296', 'commonTask', '', 0, NULL, 0, '2022-01-26 00:23:55');
INSERT INTO `schedule_log` VALUES ('1486011982283800576', '1486010868926775296', 'commonTask', '', 0, NULL, 0, '2022-01-26 00:24:00');
INSERT INTO `schedule_log` VALUES ('1486012003251126272', '1486010868926775296', 'commonTask', '', 0, NULL, 0, '2022-01-26 00:24:05');
INSERT INTO `schedule_log` VALUES ('1486012024239423488', '1486010868926775296', 'commonTask', '', 0, NULL, 1, '2022-01-26 00:24:10');
INSERT INTO `schedule_log` VALUES ('1486012045194166272', '1486010868926775296', 'commonTask', '', 0, NULL, 1, '2022-01-26 00:24:15');
INSERT INTO `schedule_log` VALUES ('1486012066199240704', '1486010868926775296', 'commonTask', '', 0, NULL, 0, '2022-01-26 00:24:20');
INSERT INTO `schedule_log` VALUES ('1486012087137206272', '1486010868926775296', 'commonTask', '', 0, NULL, 0, '2022-01-26 00:24:25');
INSERT INTO `schedule_log` VALUES ('1486012108167446528', '1486010868926775296', 'commonTask', '', 0, NULL, 1, '2022-01-26 00:24:30');
INSERT INTO `schedule_log` VALUES ('1486012129084440576', '1486010868926775296', 'commonTask', '', 0, NULL, 0, '2022-01-26 00:24:35');
INSERT INTO `schedule_log` VALUES ('1486012150055960576', '1486010868926775296', 'commonTask', '', 0, NULL, 1, '2022-01-26 00:24:40');
INSERT INTO `schedule_log` VALUES ('1486012171023286272', '1486010868926775296', 'commonTask', '', 0, NULL, 1, '2022-01-26 00:24:45');
INSERT INTO `schedule_log` VALUES ('1486012192019972096', '1486010868926775296', 'commonTask', '', 0, NULL, 0, '2022-01-26 00:24:50');
INSERT INTO `schedule_log` VALUES ('1486012212966326272', '1486010868926775296', 'commonTask', '', 0, NULL, 0, '2022-01-26 00:24:55');
INSERT INTO `schedule_log` VALUES ('1486012233992372224', '1486010868926775296', 'commonTask', '', 0, NULL, 1, '2022-01-26 00:25:00');
INSERT INTO `schedule_log` VALUES ('1486012254909366272', '1486010868926775296', 'commonTask', '', 0, NULL, 0, '2022-01-26 00:25:05');
INSERT INTO `schedule_log` VALUES ('1486012275931217920', '1486010868926775296', 'commonTask', '', 0, NULL, 1, '2022-01-26 00:25:10');
INSERT INTO `schedule_log` VALUES ('1486012296852406272', '1486010868926775296', 'commonTask', '', 0, NULL, 0, '2022-01-26 00:25:15');
INSERT INTO `schedule_log` VALUES ('1486013097549234176', '1486013097326936064', '234', '', 1, 'No bean named \'234\' available', 0, '2022-01-26 00:28:26');
INSERT INTO `schedule_log` VALUES ('1486013114771046400', '1486013097326936064', '234', '', 1, 'No bean named \'234\' available', 0, '2022-01-26 00:28:30');
INSERT INTO `schedule_log` VALUES ('1486013123260317696', '1486013097326936064', '234', '', 1, 'No bean named \'234\' available', 0, '2022-01-26 00:28:32');
INSERT INTO `schedule_log` VALUES ('1486013135746760704', '1486013097326936064', '234', '', 1, 'No bean named \'234\' available', 0, '2022-01-26 00:28:35');
INSERT INTO `schedule_log` VALUES ('1486013156714086400', '1486013097326936064', '234', '', 1, 'No bean named \'234\' available', 0, '2022-01-26 00:28:40');
INSERT INTO `schedule_log` VALUES ('1486013177702383616', '1486013097326936064', '234', '', 1, 'No bean named \'234\' available', 0, '2022-01-26 00:28:45');
INSERT INTO `schedule_log` VALUES ('1486013198627766272', '1486013097326936064', '234', '', 1, 'No bean named \'234\' available', 0, '2022-01-26 00:28:50');
INSERT INTO `schedule_log` VALUES ('1486013219645423616', '1486013097326936064', '234', '', 1, 'No bean named \'234\' available', 0, '2022-01-26 00:28:55');
INSERT INTO `schedule_log` VALUES ('1486013240575000576', '1486013097326936064', '234', '', 1, 'No bean named \'234\' available', 0, '2022-01-26 00:29:00');
INSERT INTO `schedule_log` VALUES ('1486013261546520576', '1486013097326936064', '234', '', 1, 'No bean named \'234\' available', 0, '2022-01-26 00:29:05');
INSERT INTO `schedule_log` VALUES ('1486013282518040576', '1486013097326936064', '234', '', 1, 'No bean named \'234\' available', 0, '2022-01-26 00:29:10');
INSERT INTO `schedule_log` VALUES ('1486013303485366272', '1486013097326936064', '234', '', 1, 'No bean named \'234\' available', 0, '2022-01-26 00:29:15');
INSERT INTO `schedule_log` VALUES ('1486013324469469184', '1486013097326936064', '234', '', 1, 'No bean named \'234\' available', 0, '2022-01-26 00:29:20');
INSERT INTO `schedule_log` VALUES ('1486013345432600576', '1486013097326936064', '234', '', 1, 'No bean named \'234\' available', 0, '2022-01-26 00:29:25');
INSERT INTO `schedule_log` VALUES ('1486013366399926272', '1486013097326936064', '234', '', 1, 'No bean named \'234\' available', 0, '2022-01-26 00:29:30');
INSERT INTO `schedule_log` VALUES ('1486013387430166528', '1486013097326936064', '234', '', 1, 'No bean named \'234\' available', 0, '2022-01-26 00:29:35');
INSERT INTO `schedule_log` VALUES ('1486013408342966272', '1486013097326936064', '234', '', 1, 'No bean named \'234\' available', 0, '2022-01-26 00:29:40');
INSERT INTO `schedule_log` VALUES ('1486013429364817920', '1486013097326936064', '234', '', 1, 'No bean named \'234\' available', 0, '2022-01-26 00:29:45');
INSERT INTO `schedule_log` VALUES ('1486013450290200576', '1486013097326936064', '234', '', 1, 'No bean named \'234\' available', 0, '2022-01-26 00:29:50');

-- ----------------------------
-- Table structure for schedule_paused_trigger_grps
-- ----------------------------
DROP TABLE IF EXISTS `schedule_paused_trigger_grps`;
CREATE TABLE `schedule_paused_trigger_grps`  (
  `SCHED_NAME` varchar(120) CHARACTER SET utf8 COLLATE utf8_general_ci NOT NULL,
  `TRIGGER_GROUP` varchar(200) CHARACTER SET utf8 COLLATE utf8_general_ci NOT NULL,
  PRIMARY KEY (`SCHED_NAME`, `TRIGGER_GROUP`) USING BTREE
) ENGINE = InnoDB CHARACTER SET = utf8 COLLATE = utf8_general_ci ROW_FORMAT = DYNAMIC;

-- ----------------------------
-- Records of schedule_paused_trigger_grps
-- ----------------------------

-- ----------------------------
-- Table structure for schedule_scheduler_state
-- ----------------------------
DROP TABLE IF EXISTS `schedule_scheduler_state`;
CREATE TABLE `schedule_scheduler_state`  (
  `SCHED_NAME` varchar(120) CHARACTER SET utf8 COLLATE utf8_general_ci NOT NULL,
  `INSTANCE_NAME` varchar(200) CHARACTER SET utf8 COLLATE utf8_general_ci NOT NULL,
  `LAST_CHECKIN_TIME` bigint NOT NULL,
  `CHECKIN_INTERVAL` bigint NOT NULL,
  PRIMARY KEY (`SCHED_NAME`, `INSTANCE_NAME`) USING BTREE
) ENGINE = InnoDB CHARACTER SET = utf8 COLLATE = utf8_general_ci ROW_FORMAT = DYNAMIC;

-- ----------------------------
-- Records of schedule_scheduler_state
-- ----------------------------

-- ----------------------------
-- Table structure for schedule_simple_triggers
-- ----------------------------
DROP TABLE IF EXISTS `schedule_simple_triggers`;
CREATE TABLE `schedule_simple_triggers`  (
  `SCHED_NAME` varchar(120) CHARACTER SET utf8 COLLATE utf8_general_ci NOT NULL,
  `TRIGGER_NAME` varchar(200) CHARACTER SET utf8 COLLATE utf8_general_ci NOT NULL,
  `TRIGGER_GROUP` varchar(200) CHARACTER SET utf8 COLLATE utf8_general_ci NOT NULL,
  `REPEAT_COUNT` bigint NOT NULL,
  `REPEAT_INTERVAL` bigint NOT NULL,
  `TIMES_TRIGGERED` bigint NOT NULL,
  PRIMARY KEY (`SCHED_NAME`, `TRIGGER_NAME`, `TRIGGER_GROUP`) USING BTREE,
  CONSTRAINT `schedule_simple_triggers_ibfk_1` FOREIGN KEY (`SCHED_NAME`, `TRIGGER_NAME`, `TRIGGER_GROUP`) REFERENCES `schedule_triggers` (`SCHED_NAME`, `TRIGGER_NAME`, `TRIGGER_GROUP`) ON DELETE RESTRICT ON UPDATE RESTRICT
) ENGINE = InnoDB CHARACTER SET = utf8 COLLATE = utf8_general_ci ROW_FORMAT = DYNAMIC;

-- ----------------------------
-- Records of schedule_simple_triggers
-- ----------------------------

-- ----------------------------
-- Table structure for schedule_simprop_triggers
-- ----------------------------
DROP TABLE IF EXISTS `schedule_simprop_triggers`;
CREATE TABLE `schedule_simprop_triggers`  (
  `SCHED_NAME` varchar(120) CHARACTER SET utf8 COLLATE utf8_general_ci NOT NULL,
  `TRIGGER_NAME` varchar(200) CHARACTER SET utf8 COLLATE utf8_general_ci NOT NULL,
  `TRIGGER_GROUP` varchar(200) CHARACTER SET utf8 COLLATE utf8_general_ci NOT NULL,
  `STR_PROP_1` varchar(512) CHARACTER SET utf8 COLLATE utf8_general_ci NULL DEFAULT NULL,
  `STR_PROP_2` varchar(512) CHARACTER SET utf8 COLLATE utf8_general_ci NULL DEFAULT NULL,
  `STR_PROP_3` varchar(512) CHARACTER SET utf8 COLLATE utf8_general_ci NULL DEFAULT NULL,
  `INT_PROP_1` int NULL DEFAULT NULL,
  `INT_PROP_2` int NULL DEFAULT NULL,
  `LONG_PROP_1` bigint NULL DEFAULT NULL,
  `LONG_PROP_2` bigint NULL DEFAULT NULL,
  `DEC_PROP_1` decimal(13, 4) NULL DEFAULT NULL,
  `DEC_PROP_2` decimal(13, 4) NULL DEFAULT NULL,
  `BOOL_PROP_1` varchar(1) CHARACTER SET utf8 COLLATE utf8_general_ci NULL DEFAULT NULL,
  `BOOL_PROP_2` varchar(1) CHARACTER SET utf8 COLLATE utf8_general_ci NULL DEFAULT NULL,
  PRIMARY KEY (`SCHED_NAME`, `TRIGGER_NAME`, `TRIGGER_GROUP`) USING BTREE,
  CONSTRAINT `schedule_simprop_triggers_ibfk_1` FOREIGN KEY (`SCHED_NAME`, `TRIGGER_NAME`, `TRIGGER_GROUP`) REFERENCES `schedule_triggers` (`SCHED_NAME`, `TRIGGER_NAME`, `TRIGGER_GROUP`) ON DELETE RESTRICT ON UPDATE RESTRICT
) ENGINE = InnoDB CHARACTER SET = utf8 COLLATE = utf8_general_ci ROW_FORMAT = DYNAMIC;

-- ----------------------------
-- Records of schedule_simprop_triggers
-- ----------------------------

-- ----------------------------
-- Table structure for schedule_triggers
-- ----------------------------
DROP TABLE IF EXISTS `schedule_triggers`;
CREATE TABLE `schedule_triggers`  (
  `SCHED_NAME` varchar(120) CHARACTER SET utf8 COLLATE utf8_general_ci NOT NULL,
  `TRIGGER_NAME` varchar(200) CHARACTER SET utf8 COLLATE utf8_general_ci NOT NULL,
  `TRIGGER_GROUP` varchar(200) CHARACTER SET utf8 COLLATE utf8_general_ci NOT NULL,
  `JOB_NAME` varchar(200) CHARACTER SET utf8 COLLATE utf8_general_ci NOT NULL,
  `JOB_GROUP` varchar(200) CHARACTER SET utf8 COLLATE utf8_general_ci NOT NULL,
  `DESCRIPTION` varchar(250) CHARACTER SET utf8 COLLATE utf8_general_ci NULL DEFAULT NULL,
  `NEXT_FIRE_TIME` bigint NULL DEFAULT NULL,
  `PREV_FIRE_TIME` bigint NULL DEFAULT NULL,
  `PRIORITY` int NULL DEFAULT NULL,
  `TRIGGER_STATE` varchar(16) CHARACTER SET utf8 COLLATE utf8_general_ci NOT NULL,
  `TRIGGER_TYPE` varchar(8) CHARACTER SET utf8 COLLATE utf8_general_ci NOT NULL,
  `START_TIME` bigint NOT NULL,
  `END_TIME` bigint NULL DEFAULT NULL,
  `CALENDAR_NAME` varchar(200) CHARACTER SET utf8 COLLATE utf8_general_ci NULL DEFAULT NULL,
  `MISFIRE_INSTR` smallint NULL DEFAULT NULL,
  `JOB_DATA` blob NULL,
  PRIMARY KEY (`SCHED_NAME`, `TRIGGER_NAME`, `TRIGGER_GROUP`) USING BTREE,
  INDEX `IDX_QRTZ_T_J`(`SCHED_NAME` ASC, `JOB_NAME` ASC, `JOB_GROUP` ASC) USING BTREE,
  INDEX `IDX_QRTZ_T_JG`(`SCHED_NAME` ASC, `JOB_GROUP` ASC) USING BTREE,
  INDEX `IDX_QRTZ_T_C`(`SCHED_NAME` ASC, `CALENDAR_NAME` ASC) USING BTREE,
  INDEX `IDX_QRTZ_T_G`(`SCHED_NAME` ASC, `TRIGGER_GROUP` ASC) USING BTREE,
  INDEX `IDX_QRTZ_T_STATE`(`SCHED_NAME` ASC, `TRIGGER_STATE` ASC) USING BTREE,
  INDEX `IDX_QRTZ_T_N_STATE`(`SCHED_NAME` ASC, `TRIGGER_NAME` ASC, `TRIGGER_GROUP` ASC, `TRIGGER_STATE` ASC) USING BTREE,
  INDEX `IDX_QRTZ_T_N_G_STATE`(`SCHED_NAME` ASC, `TRIGGER_GROUP` ASC, `TRIGGER_STATE` ASC) USING BTREE,
  INDEX `IDX_QRTZ_T_NEXT_FIRE_TIME`(`SCHED_NAME` ASC, `NEXT_FIRE_TIME` ASC) USING BTREE,
  INDEX `IDX_QRTZ_T_NFT_ST`(`SCHED_NAME` ASC, `TRIGGER_STATE` ASC, `NEXT_FIRE_TIME` ASC) USING BTREE,
  INDEX `IDX_QRTZ_T_NFT_MISFIRE`(`SCHED_NAME` ASC, `MISFIRE_INSTR` ASC, `NEXT_FIRE_TIME` ASC) USING BTREE,
  INDEX `IDX_QRTZ_T_NFT_ST_MISFIRE`(`SCHED_NAME` ASC, `MISFIRE_INSTR` ASC, `NEXT_FIRE_TIME` ASC, `TRIGGER_STATE` ASC) USING BTREE,
  INDEX `IDX_QRTZ_T_NFT_ST_MISFIRE_GRP`(`SCHED_NAME` ASC, `MISFIRE_INSTR` ASC, `NEXT_FIRE_TIME` ASC, `TRIGGER_GROUP` ASC, `TRIGGER_STATE` ASC) USING BTREE,
  CONSTRAINT `schedule_triggers_ibfk_1` FOREIGN KEY (`SCHED_NAME`, `JOB_NAME`, `JOB_GROUP`) REFERENCES `schedule_job_details` (`SCHED_NAME`, `JOB_NAME`, `JOB_GROUP`) ON DELETE RESTRICT ON UPDATE RESTRICT
) ENGINE = InnoDB CHARACTER SET = utf8 COLLATE = utf8_general_ci ROW_FORMAT = DYNAMIC;

-- ----------------------------
-- Records of schedule_triggers
-- ----------------------------

-- ----------------------------
-- Table structure for sys_config
-- ----------------------------
DROP TABLE IF EXISTS `sys_config`;
CREATE TABLE `sys_config`  (
  `config_id` varchar(19) CHARACTER SET utf8mb4 COLLATE utf8mb4_general_ci NOT NULL COMMENT '配置标识',
  `config_name` char(20) CHARACTER SET utf8mb4 COLLATE utf8mb4_general_ci NULL DEFAULT NULL COMMENT '配置名称',
  `config_code` char(20) CHARACTER SET utf8mb4 COLLATE utf8mb4_general_ci NULL DEFAULT NULL COMMENT '配置标识',
  `config_value` varchar(255) CHARACTER SET utf8mb4 COLLATE utf8mb4_general_ci NULL DEFAULT NULL COMMENT '配置值',
  `create_time` datetime NULL DEFAULT NULL COMMENT '创建时间',
  `create_by` char(19) CHARACTER SET utf8mb4 COLLATE utf8mb4_general_ci NULL DEFAULT NULL COMMENT '创建人',
  `update_by` char(19) CHARACTER SET utf8mb4 COLLATE utf8mb4_general_ci NULL DEFAULT NULL COMMENT '修改人',
  `update_time` datetime NULL DEFAULT NULL COMMENT '修改时间',
  `remark` varchar(255) CHARACTER SET utf8mb4 COLLATE utf8mb4_general_ci NULL DEFAULT NULL COMMENT '备注',
  `config_type` char(10) CHARACTER SET utf8mb4 COLLATE utf8mb4_general_ci NULL DEFAULT NULL COMMENT '配置类型',
  PRIMARY KEY (`config_id`) USING BTREE
) ENGINE = InnoDB CHARACTER SET = utf8mb4 COLLATE = utf8mb4_general_ci ROW_FORMAT = DYNAMIC;

-- ----------------------------
-- Records of sys_config
-- ----------------------------
INSERT INTO `sys_config` VALUES ('1', '1', 'oss_point', 'oss-cn-beijing.aliyuncs.com', NULL, NULL, NULL, NULL, NULL, NULL);
INSERT INTO `sys_config` VALUES ('1307313917164257280', '网站描述', 'system_desc', '网站描述', '2020-11-08 19:19:32', NULL, NULL, NULL, '网站描述', 'custom');
INSERT INTO `sys_config` VALUES ('1309118169381601280', '网站数据', 'system_meta', '网站数据', '2020-11-03 19:20:48', NULL, NULL, NULL, '网站数据', 'custom');
INSERT INTO `sys_config` VALUES ('1356140265433202688', '系统配置', 'main_from', '854085467@qq.com', NULL, NULL, NULL, NULL, NULL, 'system');
INSERT INTO `sys_config` VALUES ('1356140265865216000', '系统配置', 'main_user', '854085467', NULL, NULL, NULL, NULL, NULL, 'system');
INSERT INTO `sys_config` VALUES ('1356140266297229312', '系统配置', 'main_pass', 'xzzjzgincnymcaae', NULL, NULL, NULL, NULL, NULL, 'system');
INSERT INTO `sys_config` VALUES ('1356140266754408448', '系统配置', 'main_port', '456', NULL, NULL, NULL, NULL, NULL, 'system');
INSERT INTO `sys_config` VALUES ('1356140267211587584', '系统配置', 'main_host', 'smtp.qq.com', NULL, NULL, NULL, NULL, NULL, 'system');
INSERT INTO `sys_config` VALUES ('1356178612746715136', '系统配置', 'oss_path', 'D://upload', NULL, NULL, NULL, NULL, NULL, 'system');
INSERT INTO `sys_config` VALUES ('1356178613115813888', '系统配置', 'oss_type', 'local', NULL, NULL, NULL, NULL, NULL, 'system');
INSERT INTO `sys_config` VALUES ('1370975131278508032', '上传方式', 'upload_kind', NULL, NULL, NULL, NULL, NULL, NULL, 'system');
INSERT INTO `sys_config` VALUES ('1370975131630829568', '上传路径', 'upload_path', NULL, NULL, NULL, NULL, NULL, NULL, 'system');
INSERT INTO `sys_config` VALUES ('2', '2', 'oss_key', 'LTAI4G8ZDXDU6DiibSVd8G2b', NULL, NULL, NULL, NULL, NULL, NULL);
INSERT INTO `sys_config` VALUES ('3', '3', 'oss_secret', '9apyAWE7Xfu7NP5jgFHFdXeyPa28jL', NULL, NULL, NULL, NULL, NULL, NULL);
INSERT INTO `sys_config` VALUES ('4', '4', 'oss_bucket', 'pearadmin-bbs', NULL, NULL, NULL, NULL, NULL, NULL);

-- ----------------------------
-- Table structure for sys_data_source
-- ----------------------------
DROP TABLE IF EXISTS `sys_data_source`;
CREATE TABLE `sys_data_source`  (
  `id` char(19) CHARACTER SET utf8mb4 COLLATE utf8mb4_0900_ai_ci NULL DEFAULT NULL COMMENT '数据源编号',
  `name` char(50) CHARACTER SET utf8mb4 COLLATE utf8mb4_0900_ai_ci NULL DEFAULT NULL COMMENT '数据源名称',
  `enable` bit(1) NULL DEFAULT NULL COMMENT '是否启用',
  `username` char(30) CHARACTER SET utf8mb4 COLLATE utf8mb4_0900_ai_ci NULL DEFAULT NULL COMMENT '用户名',
  `password` char(30) CHARACTER SET utf8mb4 COLLATE utf8mb4_0900_ai_ci NULL DEFAULT NULL COMMENT '密码',
  `url` varchar(255) CHARACTER SET utf8mb4 COLLATE utf8mb4_0900_ai_ci NULL DEFAULT NULL,
  `driver` char(50) CHARACTER SET utf8mb4 COLLATE utf8mb4_0900_ai_ci NULL DEFAULT NULL COMMENT '驱动',
  `create_by` char(19) CHARACTER SET utf8mb4 COLLATE utf8mb4_0900_ai_ci NULL DEFAULT NULL,
  `create_time` datetime NULL DEFAULT NULL,
  `update_by` char(19) CHARACTER SET utf8mb4 COLLATE utf8mb4_0900_ai_ci NULL DEFAULT NULL,
  `update_time` datetime NULL DEFAULT NULL,
  `remark` varchar(255) CHARACTER SET utf8mb4 COLLATE utf8mb4_0900_ai_ci NULL DEFAULT NULL
) ENGINE = InnoDB CHARACTER SET = utf8mb4 COLLATE = utf8mb4_0900_ai_ci ROW_FORMAT = Dynamic;

-- ----------------------------
-- Records of sys_data_source
-- ----------------------------

-- ----------------------------
-- Table structure for sys_dept
-- ----------------------------
DROP TABLE IF EXISTS `sys_dept`;
CREATE TABLE `sys_dept`  (
  `dept_id` varchar(20) CHARACTER SET utf8mb4 COLLATE utf8mb4_general_ci NOT NULL COMMENT '部门名称',
  `parent_id` varchar(20) CHARACTER SET utf8mb4 COLLATE utf8mb4_general_ci NULL DEFAULT NULL COMMENT '父级编号',
  `dept_name` varchar(50) CHARACTER SET utf8mb4 COLLATE utf8mb4_general_ci NULL DEFAULT NULL COMMENT '部门名称',
  `sort` int NULL DEFAULT NULL COMMENT '排序',
  `leader` varchar(50) CHARACTER SET utf8mb4 COLLATE utf8mb4_general_ci NULL DEFAULT NULL COMMENT '负责人',
  `phone` varchar(20) CHARACTER SET utf8mb4 COLLATE utf8mb4_general_ci NULL DEFAULT NULL COMMENT '联系方式',
  `email` varchar(50) CHARACTER SET utf8mb4 COLLATE utf8mb4_general_ci NULL DEFAULT NULL COMMENT '邮箱',
  `status` varchar(1) CHARACTER SET utf8mb4 COLLATE utf8mb4_general_ci NULL DEFAULT NULL COMMENT '部门状态',
  `create_by` varchar(19) CHARACTER SET utf8mb4 COLLATE utf8mb4_general_ci NULL DEFAULT NULL COMMENT '创建人',
  `create_time` datetime NULL DEFAULT NULL COMMENT '创建时间',
  `update_by` varchar(19) CHARACTER SET utf8mb4 COLLATE utf8mb4_general_ci NULL DEFAULT NULL COMMENT '修改人',
  `update_time` datetime NULL DEFAULT NULL COMMENT '修改时间',
  `remark` text CHARACTER SET utf8mb4 COLLATE utf8mb4_general_ci NULL COMMENT '备注',
  `address` varchar(255) CHARACTER SET utf8mb4 COLLATE utf8mb4_general_ci NULL DEFAULT NULL COMMENT '详细地址',
  PRIMARY KEY (`dept_id`) USING BTREE
) ENGINE = InnoDB CHARACTER SET = utf8mb4 COLLATE = utf8mb4_general_ci ROW_FORMAT = DYNAMIC;

-- ----------------------------
-- Records of sys_dept
-- ----------------------------
INSERT INTO `sys_dept` VALUES ('1', '0', '济南总公司', 1, '就眠仪式', '15553726531', 'pearadmin@gmail.com', '0', NULL, NULL, NULL, NULL, NULL, '山东济南');
INSERT INTO `sys_dept` VALUES ('10', '8', '设计部', 3, '就眠仪式', '15553726531', 'pearadmin@gmail.com', '0', NULL, NULL, NULL, NULL, NULL, '山东济南');
INSERT INTO `sys_dept` VALUES ('1316361008259792896', '1316360459930042368', '软件部', 1, '就眠仪式', '15553726531', 'pearadmin@gmail.com', '0', NULL, NULL, NULL, NULL, NULL, '山东济南');
INSERT INTO `sys_dept` VALUES ('1316361192645591040', '1316360459930042368', '市场部', 1, '就眠仪式', '15553726531', 'pearadmin@gmail.com', '0', NULL, NULL, NULL, NULL, NULL, '山东济南');
INSERT INTO `sys_dept` VALUES ('3', '1', '杭州分公司', 1, '就眠仪式', '15553726531', 'pearadmin@gmail.com', '0', NULL, NULL, NULL, NULL, NULL, '浙江杭州');
INSERT INTO `sys_dept` VALUES ('4', '2', '软件部', 2, '就眠仪式', '15553726531', 'pearadmin@gmail.com', '0', NULL, NULL, NULL, NULL, NULL, '山东济南');
INSERT INTO `sys_dept` VALUES ('5', '2', '市场部', 2, '就眠仪式', '15553726531', 'pearadmin@gmail.com', '0', NULL, NULL, NULL, NULL, NULL, '山东济南');
INSERT INTO `sys_dept` VALUES ('6', '3', '软件部', 3, '就眠仪式', '15553726531', 'pearadmin@gmail.com', '0', NULL, NULL, NULL, NULL, NULL, '山东济南');
INSERT INTO `sys_dept` VALUES ('7', '3', '设计部', 3, '就眠仪式', '15553726531', 'pearadmin@gmail.com', '0', NULL, NULL, NULL, NULL, NULL, '山东济南');
INSERT INTO `sys_dept` VALUES ('8', '1', '深圳分公司', 3, '就眠仪式', '15553726531', 'pearadmin@gmail.com', '0', NULL, NULL, NULL, NULL, NULL, '山东济南');
INSERT INTO `sys_dept` VALUES ('9', '8', '软件部', 3, '就眠仪式', '15553726531', 'pearadmin@gmail.com', '0', NULL, NULL, NULL, NULL, NULL, '山东济南');

-- ----------------------------
-- Table structure for sys_dict
-- ----------------------------
DROP TABLE IF EXISTS `sys_dict`;
CREATE TABLE `sys_dict`  (
  `id` char(19) CHARACTER SET utf8mb4 COLLATE utf8mb4_general_ci NOT NULL COMMENT '标识',
  `type_name` varchar(255) CHARACTER SET utf8mb4 COLLATE utf8mb4_general_ci NULL DEFAULT NULL COMMENT '字典类型名称',
  `type_code` varchar(255) CHARACTER SET utf8mb4 COLLATE utf8mb4_general_ci NULL DEFAULT NULL COMMENT '字典类型标识',
  `description` varchar(255) CHARACTER SET utf8mb4 COLLATE utf8mb4_general_ci NULL DEFAULT NULL COMMENT '字典类型描述',
  `enable` char(1) CHARACTER SET utf8mb4 COLLATE utf8mb4_general_ci NULL DEFAULT NULL COMMENT '是否启用',
  `create_by` char(19) CHARACTER SET utf8mb4 COLLATE utf8mb4_general_ci NULL DEFAULT NULL COMMENT '创建人',
  `create_time` datetime NULL DEFAULT NULL COMMENT '创建时间',
  `update_by` char(19) CHARACTER SET utf8mb4 COLLATE utf8mb4_general_ci NULL DEFAULT NULL COMMENT '修改人',
  `update_time` datetime NULL DEFAULT NULL COMMENT '修改时间',
  `remark` varchar(255) CHARACTER SET utf8mb4 COLLATE utf8mb4_general_ci NULL DEFAULT NULL COMMENT '备注',
  PRIMARY KEY (`id`) USING BTREE
) ENGINE = InnoDB CHARACTER SET = utf8mb4 COLLATE = utf8mb4_general_ci ROW_FORMAT = DYNAMIC;

-- ----------------------------
-- Records of sys_dict
-- ----------------------------
INSERT INTO `sys_dict` VALUES ('1317360314219495424', '登录类型', 'login', '登录类型', '0', NULL, NULL, NULL, NULL, NULL);
INSERT INTO `sys_dict` VALUES ('1317400519127334912', '用户类型', 'user_status', '用户类型', '0', NULL, NULL, NULL, NULL, NULL);
INSERT INTO `sys_dict` VALUES ('1317400823096934400', '配置类型', 'config_type', '配置类型', '0', NULL, NULL, NULL, NULL, NULL);
INSERT INTO `sys_dict` VALUES ('1370410853110644736', '消息类型', 'sys_notice_type', '消息类型', '0', NULL, NULL, NULL, NULL, NULL);
INSERT INTO `sys_dict` VALUES ('455184568505470976', '用户性别', 'user_sex', '用户性别', '0', NULL, NULL, NULL, NULL, NULL);
INSERT INTO `sys_dict` VALUES ('455184935989415936', '全局状态', 'sys_status', '状态描述\n', '0', NULL, NULL, NULL, NULL, NULL);

-- ----------------------------
-- Table structure for sys_dict_data
-- ----------------------------
DROP TABLE IF EXISTS `sys_dict_data`;
CREATE TABLE `sys_dict_data`  (
  `data_id` char(19) CHARACTER SET utf8mb4 COLLATE utf8mb4_general_ci NOT NULL COMMENT '标识',
  `data_label` char(19) CHARACTER SET utf8mb4 COLLATE utf8mb4_general_ci NULL DEFAULT NULL COMMENT '字典标签',
  `data_value` char(20) CHARACTER SET utf8mb4 COLLATE utf8mb4_general_ci NULL DEFAULT NULL COMMENT '字典值',
  `type_code` char(20) CHARACTER SET utf8mb4 COLLATE utf8mb4_general_ci NULL DEFAULT NULL COMMENT '所属类型',
  `is_default` char(1) CHARACTER SET utf8mb4 COLLATE utf8mb4_general_ci NULL DEFAULT NULL COMMENT '是否默认',
  `update_by` char(19) CHARACTER SET utf8mb4 COLLATE utf8mb4_general_ci NULL DEFAULT NULL COMMENT '修改人',
  `update_time` datetime NULL DEFAULT NULL COMMENT '修改时间',
  `create_by` char(19) CHARACTER SET utf8mb4 COLLATE utf8mb4_general_ci NULL DEFAULT NULL COMMENT '创建人',
  `create_time` datetime NULL DEFAULT NULL COMMENT '创建时间',
  `remark` varchar(255) CHARACTER SET utf8mb4 COLLATE utf8mb4_general_ci NULL DEFAULT NULL COMMENT '备注',
  `enable` char(1) CHARACTER SET utf8mb4 COLLATE utf8mb4_general_ci NULL DEFAULT NULL COMMENT '是否启用',
  PRIMARY KEY (`data_id`) USING BTREE
) ENGINE = InnoDB CHARACTER SET = utf8mb4 COLLATE = utf8mb4_general_ci ROW_FORMAT = DYNAMIC;

-- ----------------------------
-- Records of sys_dict_data
-- ----------------------------
INSERT INTO `sys_dict_data` VALUES ('1', '男', '0', 'system_user_sex', '0', NULL, NULL, NULL, NULL, '描述', '1');
INSERT INTO `sys_dict_data` VALUES ('1302833449496739840', '字典名称', '字典值', 'dict_code', '1', NULL, NULL, NULL, NULL, 'aw', '0');
INSERT INTO `sys_dict_data` VALUES ('1317401149287956480', '男', 'boy', 'user_sex', NULL, NULL, NULL, NULL, NULL, '男 : body', '0');
INSERT INTO `sys_dict_data` VALUES ('1317402976670711808', '女', 'girl', 'user_sex', NULL, NULL, NULL, NULL, NULL, '女 : girl', '0');
INSERT INTO `sys_dict_data` VALUES ('1370411072367886336', '公告', 'public', 'sys_notice_type', NULL, NULL, NULL, NULL, NULL, '公告', '0');
INSERT INTO `sys_dict_data` VALUES ('1370411179544936448', '私信', 'private', 'sys_notice_type', NULL, NULL, NULL, NULL, NULL, '私信', '0');
INSERT INTO `sys_dict_data` VALUES ('2', '女', '1', 'system_user_sex', '1', NULL, NULL, NULL, NULL, '描述', '0');
INSERT INTO `sys_dict_data` VALUES ('447572898392182784', 'awd', 'awd', 'dict_code', '1', NULL, NULL, NULL, NULL, 'awd', '0');

-- ----------------------------
-- Table structure for sys_file
-- ----------------------------
DROP TABLE IF EXISTS `sys_file`;
CREATE TABLE `sys_file`  (
  `id` varchar(255) CHARACTER SET utf8mb4 COLLATE utf8mb4_general_ci NOT NULL COMMENT '标识',
  `file_name` varchar(255) CHARACTER SET utf8mb4 COLLATE utf8mb4_general_ci NULL DEFAULT NULL COMMENT '文件名称',
  `file_desc` varchar(255) CHARACTER SET utf8mb4 COLLATE utf8mb4_general_ci NULL DEFAULT NULL COMMENT '文件描述',
  `file_path` varchar(255) CHARACTER SET utf8mb4 COLLATE utf8mb4_general_ci NULL DEFAULT NULL COMMENT '文件路径',
  `file_type` varchar(255) CHARACTER SET utf8mb4 COLLATE utf8mb4_general_ci NULL DEFAULT NULL COMMENT '文件类型',
  `create_by` varchar(255) CHARACTER SET utf8mb4 COLLATE utf8mb4_general_ci NULL DEFAULT NULL COMMENT '创建人',
  `create_time` datetime NULL DEFAULT NULL COMMENT '创建时间',
  `update_by` varchar(255) CHARACTER SET utf8mb4 COLLATE utf8mb4_general_ci NULL DEFAULT NULL COMMENT '修改人',
  `update_time` datetime NULL DEFAULT NULL COMMENT '修改时间',
  `remark` varchar(255) CHARACTER SET utf8mb4 COLLATE utf8mb4_general_ci NULL DEFAULT NULL COMMENT '备注',
  `target_date` datetime NULL DEFAULT NULL COMMENT '所属时间',
  `file_size` varchar(255) CHARACTER SET utf8mb4 COLLATE utf8mb4_general_ci NULL DEFAULT NULL COMMENT '文件大小',
  PRIMARY KEY (`id`) USING BTREE
) ENGINE = InnoDB CHARACTER SET = utf8mb4 COLLATE = utf8mb4_general_ci ROW_FORMAT = DYNAMIC;

-- ----------------------------
-- Records of sys_file
-- ----------------------------
INSERT INTO `sys_file` VALUES ('1432778670006599680', '1432778670006599680.gif', '57b0710db9366a067caaa080933805d9_t.gif', 'D:\\home\\uploads\\2021-09-01\\1432778670006599680.gif', 'gif', NULL, '2021-09-01 02:53:49', NULL, NULL, NULL, '2021-09-01 00:00:00', '8KB');

-- ----------------------------
-- Table structure for sys_log
-- ----------------------------
DROP TABLE IF EXISTS `sys_log`;
CREATE TABLE `sys_log`  (
  `id` char(19) CHARACTER SET utf8mb4 COLLATE utf8mb4_general_ci NOT NULL COMMENT '相应消息体',
  `title` varchar(255) CHARACTER SET utf8mb4 COLLATE utf8mb4_general_ci NULL DEFAULT NULL COMMENT '标题',
  `method` varchar(255) CHARACTER SET utf8mb4 COLLATE utf8mb4_general_ci NULL DEFAULT NULL COMMENT '请求方式',
  `business_type` varchar(255) CHARACTER SET utf8mb4 COLLATE utf8mb4_general_ci NULL DEFAULT NULL COMMENT '业务类型',
  `request_method` varchar(255) CHARACTER SET utf8mb4 COLLATE utf8mb4_general_ci NULL DEFAULT NULL COMMENT '请求方法',
  `operate_name` varchar(255) CHARACTER SET utf8mb4 COLLATE utf8mb4_general_ci NULL DEFAULT NULL COMMENT '操作人',
  `operate_url` varchar(255) CHARACTER SET utf8mb4 COLLATE utf8mb4_general_ci NULL DEFAULT NULL COMMENT '操作路径',
  `operate_address` varchar(255) CHARACTER SET utf8mb4 COLLATE utf8mb4_general_ci NULL DEFAULT NULL COMMENT '操作地址',
  `request_param` varchar(255) CHARACTER SET utf8mb4 COLLATE utf8mb4_general_ci NULL DEFAULT NULL COMMENT '请求参数',
  `response_body` varchar(255) CHARACTER SET utf8mb4 COLLATE utf8mb4_general_ci NULL DEFAULT NULL COMMENT '相应消息体',
  `success` varchar(255) CHARACTER SET utf8mb4 COLLATE utf8mb4_general_ci NULL DEFAULT NULL COMMENT '是否成功',
  `error_msg` text CHARACTER SET utf8mb4 COLLATE utf8mb4_general_ci NULL COMMENT '异常信息',
  `create_time` datetime NULL DEFAULT NULL COMMENT '创建时间',
  `description` varchar(255) CHARACTER SET utf8mb4 COLLATE utf8mb4_general_ci NULL DEFAULT NULL COMMENT '描述',
  `request_body` varchar(255) CHARACTER SET utf8mb4 COLLATE utf8mb4_general_ci NULL DEFAULT NULL COMMENT '请求消息体',
  `browser` varchar(255) CHARACTER SET utf8mb4 COLLATE utf8mb4_general_ci NULL DEFAULT NULL COMMENT '使用浏览器',
  `system_os` varchar(255) CHARACTER SET utf8mb4 COLLATE utf8mb4_general_ci NULL DEFAULT NULL COMMENT '操作系统',
  `logging_type` varchar(10) CHARACTER SET utf8mb4 COLLATE utf8mb4_general_ci NULL DEFAULT NULL COMMENT '日志类型，登录日志，操作日志',
  PRIMARY KEY (`id`) USING BTREE
) ENGINE = InnoDB CHARACTER SET = utf8mb4 COLLATE = utf8mb4_general_ci ROW_FORMAT = DYNAMIC;


-- ----------------------------
-- Table structure for sys_mail
-- ----------------------------
DROP TABLE IF EXISTS `sys_mail`;
CREATE TABLE `sys_mail`  (
  `mail_id` varchar(20) CHARACTER SET utf8mb4 COLLATE utf8mb4_general_ci NOT NULL COMMENT '邮件id(主键)',
  `receiver` varchar(1024) CHARACTER SET utf8mb4 COLLATE utf8mb4_general_ci NOT NULL DEFAULT '0' COMMENT '收件人邮箱',
  `subject` varchar(128) CHARACTER SET utf8mb4 COLLATE utf8mb4_general_ci NULL DEFAULT NULL COMMENT '邮件主体',
  `content` text CHARACTER SET utf8mb4 COLLATE utf8mb4_general_ci NOT NULL COMMENT '邮件正文',
  `create_by` varchar(16) CHARACTER SET utf8mb4 COLLATE utf8mb4_general_ci NULL DEFAULT NULL COMMENT '发送人',
  `create_time` datetime NOT NULL DEFAULT CURRENT_TIMESTAMP COMMENT '创建时间',
  PRIMARY KEY (`mail_id`) USING BTREE
) ENGINE = InnoDB CHARACTER SET = utf8mb4 COLLATE = utf8mb4_general_ci ROW_FORMAT = DYNAMIC;

-- ----------------------------
-- Records of sys_mail
-- ----------------------------
INSERT INTO `sys_mail` VALUES ('1349598576807772160', '1218600762@qq.com', 'macbook pro', '13.3寸\nm1处理器\n16G内存', 'admin', '2021-01-14 06:06:23');
INSERT INTO `sys_mail` VALUES ('1357215518368464896', 'BoscoKuo@aliyun.com', '湖人总冠军', '湖人总冠军', 'admin', '2021-02-04 06:33:36');
INSERT INTO `sys_mail` VALUES ('1357219037586653184', 'BoscoKuo@aliyun.com', 'LebronJames', 'Lakers', 'admin', '2021-02-04 06:47:35');

-- ----------------------------
-- Table structure for sys_notice
-- ----------------------------
DROP TABLE IF EXISTS `sys_notice`;
CREATE TABLE `sys_notice`  (
  `id` char(20) CHARACTER SET utf8mb4 COLLATE utf8mb4_general_ci NOT NULL COMMENT '编号',
  `title` varchar(255) CHARACTER SET utf8mb4 COLLATE utf8mb4_general_ci NULL DEFAULT NULL COMMENT '标题',
  `content` text CHARACTER SET utf8mb4 COLLATE utf8mb4_general_ci NULL COMMENT '内容',
  `sender` char(20) CHARACTER SET utf8mb4 COLLATE utf8mb4_general_ci NULL DEFAULT NULL COMMENT '发送人',
  `accept` char(20) CHARACTER SET utf8mb4 COLLATE utf8mb4_general_ci NULL DEFAULT NULL COMMENT '接收者',
  `type` char(10) CHARACTER SET utf8mb4 COLLATE utf8mb4_general_ci NULL DEFAULT NULL COMMENT '类型',
  `create_by` char(20) CHARACTER SET utf8mb4 COLLATE utf8mb4_general_ci NULL DEFAULT NULL COMMENT '创建人',
  `create_time` datetime NULL DEFAULT NULL COMMENT '创建时间',
  `update_by` char(20) CHARACTER SET utf8mb4 COLLATE utf8mb4_general_ci NULL DEFAULT NULL COMMENT '修改人',
  `update_time` datetime NULL DEFAULT NULL COMMENT '修改时间',
  `remark` varchar(255) CHARACTER SET utf8mb4 COLLATE utf8mb4_general_ci NULL DEFAULT NULL COMMENT '备注',
  PRIMARY KEY (`id`) USING BTREE
) ENGINE = InnoDB CHARACTER SET = utf8mb4 COLLATE = utf8mb4_general_ci ROW_FORMAT = DYNAMIC;

-- ----------------------------
-- Records of sys_notice
-- ----------------------------
INSERT INTO `sys_notice` VALUES ('1370769290961092608', '公告测试', '公告测试', '1309861917694623744', NULL, 'public', NULL, '2021-03-14 00:10:41', NULL, NULL, NULL);
INSERT INTO `sys_notice` VALUES ('1370769348204953600', '私信测试', '私信测试', '1309861917694623744', '1310409555649232897', 'private', NULL, '2021-03-14 00:10:55', NULL, NULL, NULL);
INSERT INTO `sys_notice` VALUES ('1370771980034244608', '公告测试', '公告测试', '1309861917694623744', NULL, 'public', NULL, '2021-03-14 00:21:22', NULL, NULL, NULL);
INSERT INTO `sys_notice` VALUES ('1370772014771470336', '公告测试', '公告测试', '1309861917694623744', NULL, 'public', NULL, '2021-03-14 00:21:31', NULL, NULL, NULL);
INSERT INTO `sys_notice` VALUES ('1370772050439831552', '公告测试', '公告测试', '1309861917694623744', NULL, 'public', NULL, '2021-03-14 00:21:39', NULL, NULL, NULL);
INSERT INTO `sys_notice` VALUES ('1370772089446858752', '私信测试', '私信测试', '1309861917694623744', '1310409555649232897', 'private', NULL, '2021-03-14 00:21:48', NULL, NULL, NULL);
INSERT INTO `sys_notice` VALUES ('1370772143918284800', '私信测试', '私信测试', '1309861917694623744', '1310409555649232897', 'private', NULL, '2021-03-14 00:22:01', NULL, NULL, NULL);
INSERT INTO `sys_notice` VALUES ('1370772363838226432', '私信测试', '私信测试', '1309861917694623744', '1349021166525743105', 'private', NULL, '2021-03-14 00:22:54', NULL, NULL, NULL);
INSERT INTO `sys_notice` VALUES ('1370772466212798464', '私信测试', '私信测试', '1309861917694623744', '1349021166525743105', 'private', NULL, '2021-03-14 00:23:18', NULL, NULL, NULL);
INSERT INTO `sys_notice` VALUES ('1370971086266564608', '私信测试', '私信测试', '1309861917694623744', '1309861917694623744', 'private', NULL, '2021-03-14 13:32:33', NULL, NULL, NULL);
INSERT INTO `sys_notice` VALUES ('1378536704020840448', '富力城 国贸CBD 时尚休闲 商务办公 平房', '测试', '1309861917694623744', '1355966975355912193', 'private', NULL, '2021-04-04 10:35:37', NULL, NULL, NULL);
INSERT INTO `sys_notice` VALUES ('1378536707133014016', '富力城 国贸CBD 时尚休闲 商务办公 平房', '测试', '1309861917694623744', '1355966975355912193', 'private', NULL, '2021-04-04 10:35:38', NULL, NULL, NULL);
INSERT INTO `sys_notice` VALUES ('1378536971000872960', '富力城 国贸CBD 时尚', '测试2', '1309861917694623744', NULL, 'public', NULL, '2021-04-04 10:36:41', NULL, NULL, NULL);
INSERT INTO `sys_notice` VALUES ('1378536971164450816', '富力城 国贸CBD 时尚', '测试2', '1309861917694623744', NULL, 'public', NULL, '2021-04-04 10:36:41', NULL, NULL, NULL);

-- ----------------------------
-- Table structure for sys_power
-- ----------------------------
DROP TABLE IF EXISTS `sys_power`;
CREATE TABLE `sys_power`  (
  `power_id` char(19) CHARACTER SET utf8mb4 COLLATE utf8mb4_general_ci NOT NULL COMMENT '权限编号',
  `power_name` varchar(255) CHARACTER SET utf8mb4 COLLATE utf8mb4_general_ci NULL DEFAULT NULL COMMENT '权限名称',
  `power_type` char(1) CHARACTER SET utf8mb4 COLLATE utf8mb4_general_ci NULL DEFAULT NULL COMMENT '权限类型',
  `power_code` char(30) CHARACTER SET utf8mb4 COLLATE utf8mb4_general_ci NULL DEFAULT NULL COMMENT '权限标识',
  `power_url` varchar(255) CHARACTER SET utf8mb4 COLLATE utf8mb4_general_ci NULL DEFAULT NULL COMMENT '权限路径',
  `open_type` char(10) CHARACTER SET utf8mb4 COLLATE utf8mb4_general_ci NULL DEFAULT NULL COMMENT '打开方式',
  `parent_id` char(19) CHARACTER SET utf8mb4 COLLATE utf8mb4_general_ci NULL DEFAULT NULL COMMENT '父类编号',
  `icon` varchar(128) CHARACTER SET utf8mb4 COLLATE utf8mb4_general_ci NULL DEFAULT NULL COMMENT '图标',
  `sort` int NULL DEFAULT NULL COMMENT '排序',
  `create_by` char(19) CHARACTER SET utf8mb4 COLLATE utf8mb4_general_ci NULL DEFAULT NULL COMMENT '创建人',
  `create_time` datetime NULL DEFAULT NULL COMMENT '创建时间',
  `update_by` char(19) CHARACTER SET utf8mb4 COLLATE utf8mb4_general_ci NULL DEFAULT NULL COMMENT '修改人',
  `update_time` datetime NULL DEFAULT NULL COMMENT '修改时间',
  `remark` varchar(255) CHARACTER SET utf8mb4 COLLATE utf8mb4_general_ci NULL DEFAULT NULL COMMENT '备注',
  `enable` char(1) CHARACTER SET utf8mb4 COLLATE utf8mb4_general_ci NULL DEFAULT NULL COMMENT '是否开启',
  PRIMARY KEY (`power_id`) USING BTREE
) ENGINE = InnoDB CHARACTER SET = utf8mb4 COLLATE = utf8mb4_general_ci ROW_FORMAT = DYNAMIC;

-- ----------------------------
-- Records of sys_power
-- ----------------------------
INSERT INTO `sys_power` VALUES ('1', '系统管理', '0', '', '', NULL, '0', 'layui-icon layui-icon-set-fill', 1, NULL, NULL, NULL, NULL, NULL, '1');
INSERT INTO `sys_power` VALUES ('1284020948269268992', '用户列表', '2', 'sys:user:data', '', '', '2', 'layui-icon-username', 0, NULL, NULL, NULL, NULL, NULL, '1');
INSERT INTO `sys_power` VALUES ('1284022967767924736', '用户保存', '2', 'sys:user:add', '', '', '2', 'layui-icon-username', 1, NULL, NULL, NULL, NULL, NULL, '1');
INSERT INTO `sys_power` VALUES ('1302180351979814912', '布局构建', '1', 'generator:from:main', 'component/code/index.html', '_iframe', '442417411065516032', 'layui-icon-senior', 1, NULL, NULL, NULL, NULL, NULL, '1');
INSERT INTO `sys_power` VALUES ('1304387665067507712', '数据字典', '1', 'sys:dictType:main', '/system/dictType/main', '_iframe', '1', 'layui-icon layui-icon layui-icon layui-icon layui-icon-flag', 4, NULL, NULL, NULL, NULL, NULL, '1');
INSERT INTO `sys_power` VALUES ('1304793451996381184', '文件管理', '1', 'sys:file:main', '/system/file/main', '_iframe', '1', 'layui-icon layui-icon layui-icon-read', 5, NULL, NULL, NULL, NULL, NULL, '1');
INSERT INTO `sys_power` VALUES ('1305870685385523200', '百度一下', '1', '', 'http://www.baidu.com', '0', '474356044148117504', 'layui-icon-search', 2, NULL, NULL, NULL, NULL, NULL, NULL);
INSERT INTO `sys_power` VALUES ('1305875436139446272', '百度一下', '1', 'http://www.baidu.com', 'http://www.baidu.com', '0', '451002662209589248', 'layui-icon-search', 1, NULL, NULL, NULL, NULL, NULL, '1');
INSERT INTO `sys_power` VALUES ('1307299332784914432', '系统配置', '1', 'sys:config:main', '/system/config/main', '0', '1', 'layui-icon layui-icon layui-icon-note', 6, NULL, NULL, NULL, NULL, NULL, '1');
INSERT INTO `sys_power` VALUES ('1307562196556840960', '工作流程', '0', '', '', '0', '0', 'layui-icon layui-icon-chat', 5, NULL, NULL, NULL, NULL, NULL, '1');
INSERT INTO `sys_power` VALUES ('1307562519451140096', '模型管理', '1', '/process/model/main', '/process/model/main', '0', '1307562196556840960', 'layui-icon-circle', 0, NULL, NULL, NULL, NULL, NULL, '1');
INSERT INTO `sys_power` VALUES ('1308571483794046976', '流程定义', '1', 'process:defined:main', '/process/defined/main', '0', '1307562196556840960', 'layui-icon-chart-screen', 1, NULL, NULL, NULL, NULL, NULL, '1');
INSERT INTO `sys_power` VALUES ('1310206853057085440', '用户修改', '2', 'sys:user:edit', '', '', '2', 'layui-icon-vercode', 0, NULL, NULL, NULL, NULL, NULL, '1');
INSERT INTO `sys_power` VALUES ('1310208636370288640', '用户删除', '2', 'sys:user:remove', '', '', '2', 'layui-icon-vercode', 0, NULL, NULL, NULL, NULL, NULL, '1');
INSERT INTO `sys_power` VALUES ('1310209696916832256', '角色新增', '2', 'sys:role:add', '', '', '3', 'layui-icon-vercode', 0, NULL, NULL, NULL, NULL, NULL, '1');
INSERT INTO `sys_power` VALUES ('1310209900478988288', '角色删除', '2', 'sys:role:remove', '', '', '3', 'layui-icon-vercode', 0, NULL, NULL, NULL, NULL, NULL, '1');
INSERT INTO `sys_power` VALUES ('1310210054728712192', '角色修改', '2', 'sys:role:edit', '', '', '3', 'layui-icon-vercode', 0, NULL, NULL, NULL, NULL, NULL, '1');
INSERT INTO `sys_power` VALUES ('1310211965188046848', '角色授权', '2', 'sys:role:power', '', '', '3', 'layui-icon-vercode', 1, NULL, NULL, NULL, NULL, NULL, '1');
INSERT INTO `sys_power` VALUES ('1310226416867999744', '权限列表', '2', 'sys:power:data', '', '', '4', 'layui-icon-vercode', 0, NULL, NULL, NULL, NULL, NULL, '1');
INSERT INTO `sys_power` VALUES ('1310226976593674240', '权限新增', '2', 'sys:power:add', '', '', '4', 'layui-icon-vercode', 1, NULL, NULL, NULL, NULL, NULL, '1');
INSERT INTO `sys_power` VALUES ('1310227130998587392', '权限修改', '2', 'sys:power:edit', '', '', '4', 'layui-icon-vercode', 2, NULL, NULL, NULL, NULL, NULL, '1');
INSERT INTO `sys_power` VALUES ('1310227300935008256', '权限删除', '2', 'sys:power:remove', '', '', '4', 'layui-icon-vercode', 3, NULL, NULL, NULL, NULL, NULL, '1');
INSERT INTO `sys_power` VALUES ('1310232350285627392', '操作日志', '2', 'sys:log:operateLog', '', '', '450300705362808832', 'layui-icon layui-icon-vercode', 0, NULL, NULL, NULL, NULL, NULL, '1');
INSERT INTO `sys_power` VALUES ('1310232462562951168', '登录日志', '2', 'sys:log:loginLog', '', '', '450300705362808832', 'layui-icon layui-icon-vercode', 1, NULL, NULL, NULL, NULL, NULL, '1');
INSERT INTO `sys_power` VALUES ('1310238229588344832', '配置列表', '2', 'sys:config:data', '', '', '1307299332784914432', 'layui-icon-vercode', 0, NULL, NULL, NULL, NULL, NULL, '1');
INSERT INTO `sys_power` VALUES ('1310238417082122240', '配置新增', '2', 'sys:config:add', '', '', '1307299332784914432', 'layui-icon-vercode', 1, NULL, NULL, NULL, NULL, NULL, '1');
INSERT INTO `sys_power` VALUES ('1310238574355939328', '配置修改', '2', 'sys:config:edit', '', '', '1307299332784914432', 'layui-icon-vercode', 2, NULL, NULL, NULL, NULL, NULL, '1');
INSERT INTO `sys_power` VALUES ('1310238700705153024', '配置删除', '2', 'sys:config:remove', '', '', '1307299332784914432', 'layui-icon-vercode', 3, NULL, NULL, NULL, NULL, NULL, '1');
INSERT INTO `sys_power` VALUES ('1310243862937075712', '文件列表', '2', 'sys:file:data', '', '', '1304793451996381184', 'layui-icon-vercode', 0, NULL, NULL, NULL, NULL, NULL, '1');
INSERT INTO `sys_power` VALUES ('1310244103824343040', '文件新增', '2', 'sys:file:add', '', '', '1304793451996381184', 'layui-icon-vercode', 1, NULL, NULL, NULL, NULL, NULL, '1');
INSERT INTO `sys_power` VALUES ('1310244248884346880', '文件删除', '2', 'sys:file:remove', '', '', '1304793451996381184', 'layui-icon-vercode', 3, NULL, NULL, NULL, NULL, NULL, '1');
INSERT INTO `sys_power` VALUES ('1310390699333517312', '任务列表', '2', 'sch:job:data', '', '', '442650770626711552', 'layui-icon-vercode', 0, NULL, NULL, NULL, NULL, NULL, '1');
INSERT INTO `sys_power` VALUES ('1310390994826428416', '任务新增', '2', 'sch:job:add', '', '', '442650770626711552', 'layui-icon-vercode', 0, NULL, NULL, NULL, NULL, NULL, '1');
INSERT INTO `sys_power` VALUES ('1310391095670079488', '任务修改', '2', 'sch:job:edit', '', '', '442650770626711552', 'layui-icon-vercode', 2, NULL, NULL, NULL, NULL, NULL, '1');
INSERT INTO `sys_power` VALUES ('1310391707069579264', '任务删除', '2', 'sch:job:remove', '', '', '442650770626711552', 'layui-icon-vercode', 3, NULL, NULL, NULL, NULL, NULL, '1');
INSERT INTO `sys_power` VALUES ('1310395250908332032', '日志列表', '2', 'sch:log:data', '', '', '442651158935375872', 'layui-icon-vercode', 0, NULL, NULL, NULL, NULL, NULL, '1');
INSERT INTO `sys_power` VALUES ('1310397832091402240', '任务恢复', '2', 'sch:job:resume', '', '', '442650770626711552', 'layui-icon-vercode', NULL, NULL, NULL, NULL, NULL, NULL, '1');
INSERT INTO `sys_power` VALUES ('1310398020692475904', '任务停止', '2', 'sch:job:pause', '', '', '442650770626711552', 'layui-icon-vercode', 3, NULL, NULL, NULL, NULL, NULL, '1');
INSERT INTO `sys_power` VALUES ('1310398158974484480', '任务运行', '2', 'sch:job:run', '', '', '442650770626711552', 'layui-icon-vercode', 4, NULL, NULL, NULL, NULL, NULL, '1');
INSERT INTO `sys_power` VALUES ('1310402491631796224', '数据类型列表', '2', 'sys:dictType:data', '', '', '1304387665067507712', 'layui-icon-vercode', 0, NULL, NULL, NULL, NULL, NULL, '1');
INSERT INTO `sys_power` VALUES ('1310402688881524736', '数据类型新增', '2', 'sys:dictType:add', '', '', '1304387665067507712', 'layui-icon-vercode', 1, NULL, NULL, NULL, NULL, NULL, '1');
INSERT INTO `sys_power` VALUES ('1310402817776680960', '数据类型修改', '2', 'sys:dictType:edit', '', '', '1304387665067507712', 'layui-icon-vercode', 3, NULL, NULL, NULL, NULL, NULL, '1');
INSERT INTO `sys_power` VALUES ('1310403004406431744', '数据类型删除', '2', 'sys:dictType:remove', '', '', '1304387665067507712', 'layui-icon-vercode', 3, NULL, NULL, NULL, NULL, NULL, '1');
INSERT INTO `sys_power` VALUES ('1310404584291696640', '数据字典视图', '2', 'sys:dictData:main', '', '', '1304387665067507712', 'layui-icon-vercode', 0, NULL, NULL, NULL, NULL, NULL, '1');
INSERT INTO `sys_power` VALUES ('1310404705934901248', '数据字典列表', '2', 'sys:dictData:data', '', '', '1304387665067507712', 'layui-icon-vercode', 1, NULL, NULL, NULL, NULL, NULL, '1');
INSERT INTO `sys_power` VALUES ('1310404831407505408', '数据字典新增', '2', 'sys:dictData:add', '', '', '1304387665067507712', 'layui-icon-vercode', 5, NULL, NULL, NULL, NULL, NULL, '1');
INSERT INTO `sys_power` VALUES ('1310404999599095808', '数据字典删除', '2', 'sys:dictData:remove', '', '', '1304387665067507712', 'layui-icon-vercode', 6, NULL, NULL, NULL, NULL, NULL, '1');
INSERT INTO `sys_power` VALUES ('1310405161587310592', '数据字典修改', '2', 'sys:dictData:edit', '', '', '1304387665067507712', 'layui-icon-vercode', 0, NULL, NULL, NULL, NULL, NULL, '1');
INSERT INTO `sys_power` VALUES ('1313142510486290432', '公告列表', '1', 'sys:notice:data', '/system/notice/data', '0', '1313142171393589248', 'layui-icon-notice', 1, NULL, NULL, NULL, NULL, NULL, '1');
INSERT INTO `sys_power` VALUES ('1313482983558086656', '公告新增', '2', 'sys:notice:add', '', '', '1313142171393589248', 'layui-icon-vercode', 1, NULL, NULL, NULL, NULL, NULL, '1');
INSERT INTO `sys_power` VALUES ('1313483090852577280', '公告修改', '2', 'sys:notice:edit', '', '', '1313142171393589248', 'layui-icon-vercode', 2, NULL, NULL, NULL, NULL, NULL, '1');
INSERT INTO `sys_power` VALUES ('1313483189850734592', '公告删除', '2', 'sys:notice:remove', '', '', '1313142171393589248', 'layui-icon-vercode', 3, NULL, NULL, NULL, NULL, NULL, '1');
INSERT INTO `sys_power` VALUES ('1315584471046553600', '部门管理', '1', 'sys:dept:main', '/system/dept/main', '_iframe', '1', 'layui-icon layui-icon layui-icon layui-icon-vercode', 3, NULL, NULL, NULL, NULL, NULL, '1');
INSERT INTO `sys_power` VALUES ('1316558444790022144', '部门新增', '2', 'sys:dept:add', '', '', '1315584471046553600', 'layui-icon layui-icon-vercode', 0, NULL, NULL, NULL, NULL, NULL, '1');
INSERT INTO `sys_power` VALUES ('1316558556102656000', '部门修改', '2', 'sys:dept:edit', '', '', '1315584471046553600', 'layui-icon layui-icon-vercode', 1, NULL, NULL, NULL, NULL, NULL, '1');
INSERT INTO `sys_power` VALUES ('1316558685442408448', '部门删除', '2', 'sys:dept:remove', '', '', '1315584471046553600', 'layui-icon layui-icon-vercode', 3, NULL, NULL, NULL, NULL, NULL, '1');
INSERT INTO `sys_power` VALUES ('1317555660455411712', '部门列表', '2', 'sys:dept:data', '', '', '1315584471046553600', 'layui-icon layui-icon layui-icon layui-icon-vercode', 2, NULL, NULL, NULL, NULL, NULL, '1');
INSERT INTO `sys_power` VALUES ('1318229908526202880', '模型新增', '2', 'pro:model:add', '', '', '1307562519451140096', 'layui-icon layui-icon-vercode', 0, NULL, NULL, NULL, NULL, NULL, '1');
INSERT INTO `sys_power` VALUES ('1318230013262168064', '模型修改', '2', 'pro:model:edit', '', '', '1307562519451140096', 'layui-icon layui-icon-vercode', 1, NULL, NULL, NULL, NULL, NULL, '1');
INSERT INTO `sys_power` VALUES ('1318230265385975808', '模型删除', '2', 'pro:model:remove', '', '', '1307562519451140096', 'layui-icon layui-icon-vercode', 2, NULL, NULL, NULL, NULL, NULL, '1');
INSERT INTO `sys_power` VALUES ('1320969572051845120', '111111', '2', '', '', '', '1284020948269268992', 'layui-icon-login-qq', NULL, NULL, NULL, NULL, NULL, NULL, NULL);
INSERT INTO `sys_power` VALUES ('1322085079861690368', '用户管理', '1', 'sys:user:main', '/system/user/main', '_iframe', '1', 'layui-icon layui-icon layui-icon layui-icon layui-icon-rate', 0, NULL, NULL, NULL, NULL, NULL, '1');
INSERT INTO `sys_power` VALUES ('1322085270392143872', '用户列表', '2', 'sys:user:data', '', '', '1322085079861690368', 'layui-icon layui-icon layui-icon layui-icon-vercode', 0, NULL, NULL, NULL, NULL, NULL, '1');
INSERT INTO `sys_power` VALUES ('1322085393021009920', '用户新增', '2', 'sys:user:add', '', '', '1322085079861690368', 'layui-icon layui-icon-vercode', NULL, NULL, NULL, NULL, NULL, NULL, '1');
INSERT INTO `sys_power` VALUES ('1322085497798918144', '用户修改', '2', 'sys:user:edit', '', '', '1322085079861690368', 'layui-icon layui-icon layui-icon-vercode', 2, NULL, NULL, NULL, NULL, NULL, '1');
INSERT INTO `sys_power` VALUES ('1322085659766161408', '用户删除', '2', 'sys:user:remove', '', '', '1322085079861690368', 'layui-icon layui-icon-rate', 3, NULL, NULL, NULL, NULL, NULL, '1');
INSERT INTO `sys_power` VALUES ('1329349076189184000', '', '1', '', '', '', '451002662209589248', 'layui-icon', NULL, NULL, NULL, NULL, NULL, NULL, '1');
INSERT INTO `sys_power` VALUES ('1330865171429588992', '在线用户', '1', 'sys:online:main', '/system/online/main', '_iframe', '694203021537574912', 'layui-icon layui-icon layui-icon-username', 0, NULL, NULL, NULL, NULL, NULL, '1');
INSERT INTO `sys_power` VALUES ('1348562759603716096', '在线列表', '1', 'sys:online:data', '/system/online/data', '_iframe', '1330865171429588992', 'layui-icon layui-icon-username', 1, NULL, NULL, NULL, NULL, NULL, '1');
INSERT INTO `sys_power` VALUES ('1349016358033031168', '环境监控', '1', 'sys:monitor:main', '/system/monitor/main', '_iframe', '694203021537574912', 'layui-icon layui-icon-vercode', 9, NULL, NULL, NULL, NULL, NULL, '1');
INSERT INTO `sys_power` VALUES ('1349279791521464320', '电子邮件', '1', 'sys:mail:main', '/system/mail/main', '_iframe', '1', 'layui-icon layui-icon layui-icon layui-icon-list', 7, NULL, NULL, NULL, NULL, NULL, '1');
INSERT INTO `sys_power` VALUES ('1349636574442160128', '邮件发送', '2', 'sys:mail:save', '', '', '1349279791521464320', 'layui-icon layui-icon layui-icon layui-icon layui-icon layui-icon-vercode', 3, NULL, NULL, NULL, NULL, NULL, '1');
INSERT INTO `sys_power` VALUES ('1349636919478190080', '邮件删除', '2', 'sys:mail:remove', '', '', '1349279791521464320', 'layui-icon layui-icon layui-icon layui-icon layui-icon-vercode', 2, NULL, NULL, NULL, NULL, NULL, '1');
INSERT INTO `sys_power` VALUES ('1349637786285637632', '邮件列表', '2', 'sys:mail:data', '', '', '1349279791521464320', 'layui-icon layui-icon layui-icon-vercode', 0, NULL, NULL, NULL, NULL, NULL, '1');
INSERT INTO `sys_power` VALUES ('1349638479767666688', '邮件新增', '2', 'sys:mail:add', '', '', '1349279791521464320', 'layui-icon layui-icon layui-icon-vercode', 1, NULL, NULL, NULL, NULL, NULL, '1');
INSERT INTO `sys_power` VALUES ('1355962888132493312', '系统设置', '1', 'sys:setup:main', '/system/setup/main', '_iframe', '1', 'layui-icon layui-icon layui-icon-set', 11, NULL, NULL, NULL, NULL, NULL, '1');
INSERT INTO `sys_power` VALUES ('1370412169610395648', '站内消息', '1', 'system:notice:main', '/system/notice/main', '_iframe', '1', 'layui-icon layui-icon layui-icon layui-icon-set-fill', 8, NULL, NULL, NULL, NULL, NULL, '1');
INSERT INTO `sys_power` VALUES ('1370412169610395649', '消息列表', '2', 'system:notice:data', '', NULL, '1370412169610395648', 'layui-icon layui-icon-set-fill', 1, NULL, NULL, NULL, NULL, NULL, '1');
INSERT INTO `sys_power` VALUES ('1370412169610395650', '消息新增', '2', 'system:notice:add', '', NULL, '1370412169610395648', 'layui-icon layui-icon-set-fill', 1, NULL, NULL, NULL, NULL, NULL, '1');
INSERT INTO `sys_power` VALUES ('1370412169610395651', '消息修改', '2', 'system:notice:edit', '', NULL, '1370412169610395648', 'layui-icon layui-icon-set-fill', 1, NULL, NULL, NULL, NULL, NULL, '1');
INSERT INTO `sys_power` VALUES ('1370412169610395652', '消息删除', '2', 'system:notice:remove', '', NULL, '1370412169610395648', 'layui-icon layui-icon-set-fill', 1, NULL, NULL, NULL, NULL, NULL, '1');
INSERT INTO `sys_power` VALUES ('1370974716822552576', '修改设置', '2', 'sys:setup:add', '', '', '1355962888132493312', 'layui-icon layui-icon-vercode', 1, NULL, NULL, NULL, NULL, NULL, '1');
INSERT INTO `sys_power` VALUES ('1386873539440672768', '测试列表', '1', '', 'ajsdsdsk', '_iframe', '1348562759603716096', 'layui-icon ', 213, NULL, NULL, NULL, NULL, NULL, NULL);
INSERT INTO `sys_power` VALUES ('1386876358168150016', '测1', '1', '123123', 'ahjdhsajkdhkaj', '_iframe', '1386876007218151424', 'layui-icon layui-icon-tree', 2, NULL, NULL, NULL, NULL, NULL, '1');
INSERT INTO `sys_power` VALUES ('1386882032914661376', 'test21', '1', 'test21', 'saasdsa', '_iframe', '1386881972105641984', 'layui-icon ', 123, NULL, NULL, NULL, NULL, NULL, NULL);
INSERT INTO `sys_power` VALUES ('1481092151025598464', '多数据源', '1', 'sys:dataSource:main', '/system/dataSource/main', '_iframe', '442417411065516032', 'layui-icon layui-icon-rate', NULL, NULL, NULL, NULL, NULL, NULL, '1');
INSERT INTO `sys_power` VALUES ('1481516107280941056', '数据监控', '1', 'system:druid:main', '/system/druid/main', '_iframe', '694203021537574912', 'layui-icon ', NULL, NULL, NULL, NULL, NULL, NULL, '1');
INSERT INTO `sys_power` VALUES ('2', '用户管理', '2', '', '', '_iframe', '1320969572051845120', 'layui-icon layui-icon layui-icon-username', 0, NULL, NULL, NULL, NULL, NULL, '1');
INSERT INTO `sys_power` VALUES ('3', '角色管理', '1', 'sys:role:main', '/system/role/main', '_iframe', '1', 'layui-icon layui-icon-user', 1, NULL, NULL, NULL, NULL, NULL, '1');
INSERT INTO `sys_power` VALUES ('4', '权限管理', '1', 'sys:power:main', '/system/power/main', '_iframe', '1', 'layui-icon layui-icon-vercode', 2, NULL, NULL, NULL, NULL, NULL, '1');
INSERT INTO `sys_power` VALUES ('442359447487123456', '角色列表', '2', 'sys:role:data', '', '', '3', 'layui-icon layui-icon-rate', 1, NULL, NULL, NULL, NULL, NULL, '1');
INSERT INTO `sys_power` VALUES ('442417411065516032', '开发工具', '0', '', '', '', '0', 'layui-icon layui-icon layui-icon layui-icon-senior', 0, NULL, NULL, NULL, NULL, NULL, '1');
INSERT INTO `sys_power` VALUES ('442418188639145984', '代码生成', '1', 'exp:template:main', '/generate/main', '_iframe', '442417411065516032', 'layui-icon layui-icon layui-icon layui-icon layui-icon layui-icon-template-1', 1, NULL, NULL, NULL, NULL, NULL, '1');
INSERT INTO `sys_power` VALUES ('442650770626711552', '定时任务', '1', 'sch:job:main', '/schedule/job/main', '_iframe', '694203021537574912', 'layui-icon layui-icon layui-icon layui-icon  layui-icon-chat', 0, NULL, NULL, NULL, NULL, NULL, '1');
INSERT INTO `sys_power` VALUES ('442651158935375872', '任务日志', '1', 'sch:log:main', '/schedule/log/main', '_iframe', '694203021537574912', 'layui-icon layui-icon layui-icon  layui-icon-file', 1, NULL, NULL, NULL, NULL, NULL, '1');
INSERT INTO `sys_power` VALUES ('450300705362808832', '行为日志', '1', 'sys:log:main', '/system/log/main', '_iframe', '694203021537574912', 'layui-icon layui-icon layui-icon layui-icon  layui-icon-chart', 7, NULL, NULL, NULL, NULL, NULL, '1');
INSERT INTO `sys_power` VALUES ('451002662209589248', '工作空间', '1', '', '', '', '451002662209589248', 'layui-icon layui-icon layui-icon-home', 0, NULL, NULL, NULL, NULL, NULL, '1');
INSERT INTO `sys_power` VALUES ('451003242072117248', '项目总览', '1', 'process:model:main', '/console', '_iframe', '451002662209589248', 'layui-icon  layui-icon-component', 0, NULL, NULL, NULL, NULL, NULL, '1');
INSERT INTO `sys_power` VALUES ('474356363552755712', '项目介绍', '1', 'home', '/console', '_iframe', '474356044148117504', 'layui-icon layui-icon-home', 1, NULL, NULL, NULL, NULL, NULL, '0');
INSERT INTO `sys_power` VALUES ('694203021537574912', '系统监控', '0', '', '', '', '0', 'layui-icon  layui-icon-console', 3, NULL, NULL, NULL, NULL, NULL, '1');
INSERT INTO `sys_power` VALUES ('694203311615639552', '接口文档', '1', '', '/system/doc/main', '_iframe', '442417411065516032', 'layui-icon layui-icon layui-icon layui-icon layui-icon layui-icon layui-icon  layui-icon-chart', 9, NULL, NULL, NULL, NULL, NULL, '1');

-- ----------------------------
-- Table structure for sys_role
-- ----------------------------
DROP TABLE IF EXISTS `sys_role`;
CREATE TABLE `sys_role`  (
  `role_id` char(19) CHARACTER SET utf8mb4 COLLATE utf8mb4_general_ci NOT NULL COMMENT '角色编号',
  `role_name` varchar(255) CHARACTER SET utf8mb4 COLLATE utf8mb4_general_ci NULL DEFAULT NULL COMMENT '角色名称',
  `role_code` varchar(255) CHARACTER SET utf8mb4 COLLATE utf8mb4_general_ci NULL DEFAULT NULL COMMENT '角色标识',
  `enable` char(1) CHARACTER SET utf8mb4 COLLATE utf8mb4_general_ci NULL DEFAULT NULL COMMENT '是否启用',
  `create_time` datetime NULL DEFAULT NULL COMMENT '创建时间',
  `create_by` char(19) CHARACTER SET utf8mb4 COLLATE utf8mb4_general_ci NULL DEFAULT NULL COMMENT '创建人',
  `update_time` datetime NULL DEFAULT NULL COMMENT '修改时间',
  `update_by` char(19) CHARACTER SET utf8mb4 COLLATE utf8mb4_general_ci NULL DEFAULT NULL COMMENT '修改人',
  `remark` varchar(255) CHARACTER SET utf8mb4 COLLATE utf8mb4_general_ci NULL DEFAULT NULL COMMENT '备注',
  `details` varchar(255) CHARACTER SET utf8mb4 COLLATE utf8mb4_general_ci NULL DEFAULT NULL COMMENT '详情',
  `sort` int NULL DEFAULT NULL COMMENT '排序',
  `data_scope` char(20) CHARACTER SET utf8mb4 COLLATE utf8mb4_general_ci NULL DEFAULT NULL COMMENT '数据权限',
  PRIMARY KEY (`role_id`) USING BTREE
) ENGINE = InnoDB CHARACTER SET = utf8mb4 COLLATE = utf8mb4_general_ci ROW_FORMAT = DYNAMIC;

-- ----------------------------
-- Records of sys_role
-- ----------------------------
INSERT INTO `sys_role` VALUES ('1309851245195821056', '超级管理员', 'admin', '0', NULL, NULL, NULL, NULL, NULL, '超级管理员', 1, 'ALL');
INSERT INTO `sys_role` VALUES ('1313761100243664896', '普通管理员', 'manager', '0', NULL, NULL, NULL, NULL, NULL, '普通管理员', 2, NULL);
INSERT INTO `sys_role` VALUES ('1356112133691015168', '应急管理员', 'users', '0', NULL, NULL, NULL, NULL, NULL, '应急管理员', 2, NULL);

-- ----------------------------
-- Table structure for sys_role_dept
-- ----------------------------
DROP TABLE IF EXISTS `sys_role_dept`;
CREATE TABLE `sys_role_dept`  (
  `id` char(19) CHARACTER SET utf8mb4 COLLATE utf8mb4_0900_ai_ci NULL DEFAULT NULL,
  `role_id` char(19) CHARACTER SET utf8mb4 COLLATE utf8mb4_0900_ai_ci NULL DEFAULT NULL,
  `dept_id` char(19) CHARACTER SET utf8mb4 COLLATE utf8mb4_0900_ai_ci NULL DEFAULT NULL
) ENGINE = InnoDB CHARACTER SET = utf8mb4 COLLATE = utf8mb4_0900_ai_ci ROW_FORMAT = Dynamic;

-- ----------------------------
-- Records of sys_role_dept
-- ----------------------------

-- ----------------------------
-- Table structure for sys_role_power
-- ----------------------------
DROP TABLE IF EXISTS `sys_role_power`;
CREATE TABLE `sys_role_power`  (
  `id` char(19) CHARACTER SET utf8mb4 COLLATE utf8mb4_general_ci NOT NULL,
  `role_id` char(19) CHARACTER SET utf8mb4 COLLATE utf8mb4_general_ci NULL DEFAULT NULL,
  `power_id` char(19) CHARACTER SET utf8mb4 COLLATE utf8mb4_general_ci NULL DEFAULT NULL,
  `create_by` char(19) CHARACTER SET utf8mb4 COLLATE utf8mb4_general_ci NULL DEFAULT NULL,
  `create_time` datetime NULL DEFAULT NULL,
  `update_by` char(19) CHARACTER SET utf8mb4 COLLATE utf8mb4_general_ci NULL DEFAULT NULL,
  `update_time` datetime NULL DEFAULT NULL,
  `remark` varchar(255) CHARACTER SET utf8mb4 COLLATE utf8mb4_general_ci NULL DEFAULT NULL,
  PRIMARY KEY (`id`) USING BTREE
) ENGINE = InnoDB CHARACTER SET = utf8mb4 COLLATE = utf8mb4_general_ci ROW_FORMAT = DYNAMIC;

-- ----------------------------
-- Records of sys_role_power
-- ----------------------------
INSERT INTO `sys_role_power` VALUES ('1284022485632679936', '3', '474356044148117504', NULL, NULL, NULL, NULL, NULL);
INSERT INTO `sys_role_power` VALUES ('1284022485632679937', '3', '474356363552755712', NULL, NULL, NULL, NULL, NULL);
INSERT INTO `sys_role_power` VALUES ('1284022485632679938', '3', '1', NULL, NULL, NULL, NULL, NULL);
INSERT INTO `sys_role_power` VALUES ('1284022485632679939', '3', '3', NULL, NULL, NULL, NULL, NULL);
INSERT INTO `sys_role_power` VALUES ('1284022485632679940', '3', '442359447487123456', NULL, NULL, NULL, NULL, NULL);
INSERT INTO `sys_role_power` VALUES ('1284022485632679941', '3', '4', NULL, NULL, NULL, NULL, NULL);
INSERT INTO `sys_role_power` VALUES ('1284022485632679942', '3', '442722702474743808', NULL, NULL, NULL, NULL, NULL);
INSERT INTO `sys_role_power` VALUES ('1284022485632679943', '3', '2', NULL, NULL, NULL, NULL, NULL);
INSERT INTO `sys_role_power` VALUES ('1284022485632679944', '3', '1284020948269268992', NULL, NULL, NULL, NULL, NULL);
INSERT INTO `sys_role_power` VALUES ('1284022485632679945', '3', '442417411065516032', NULL, NULL, NULL, NULL, NULL);
INSERT INTO `sys_role_power` VALUES ('1284022485632679946', '3', '442418188639145984', NULL, NULL, NULL, NULL, NULL);
INSERT INTO `sys_role_power` VALUES ('1284022485632679947', '3', '694203021537574912', NULL, NULL, NULL, NULL, NULL);
INSERT INTO `sys_role_power` VALUES ('1284022485632679948', '3', '450300705362808832', NULL, NULL, NULL, NULL, NULL);
INSERT INTO `sys_role_power` VALUES ('1284022485632679949', '3', '442520236248403968', NULL, NULL, NULL, NULL, NULL);
INSERT INTO `sys_role_power` VALUES ('1284022485632679950', '3', '694203311615639552', NULL, NULL, NULL, NULL, NULL);
INSERT INTO `sys_role_power` VALUES ('1284022485632679951', '3', '442650387514789888', NULL, NULL, NULL, NULL, NULL);
INSERT INTO `sys_role_power` VALUES ('1284022485632679952', '3', '442650770626711552', NULL, NULL, NULL, NULL, NULL);
INSERT INTO `sys_role_power` VALUES ('1284022485632679953', '3', '442651158935375872', NULL, NULL, NULL, NULL, NULL);
INSERT INTO `sys_role_power` VALUES ('1284022485632679954', '3', '451002662209589248', NULL, NULL, NULL, NULL, NULL);
INSERT INTO `sys_role_power` VALUES ('1284022485632679955', '3', '451003242072117248', NULL, NULL, NULL, NULL, NULL);
INSERT INTO `sys_role_power` VALUES ('1305379650364506112', '2', '474356044148117504', NULL, NULL, NULL, NULL, NULL);
INSERT INTO `sys_role_power` VALUES ('1305379650368700416', '2', '474356363552755712', NULL, NULL, NULL, NULL, NULL);
INSERT INTO `sys_role_power` VALUES ('1305379650368700417', '2', '2', NULL, NULL, NULL, NULL, NULL);
INSERT INTO `sys_role_power` VALUES ('1305379650368700418', '2', '1284020948269268992', NULL, NULL, NULL, NULL, NULL);
INSERT INTO `sys_role_power` VALUES ('1305379650368700419', '2', '450300705362808832', NULL, NULL, NULL, NULL, NULL);
INSERT INTO `sys_role_power` VALUES ('1305379650368700420', '2', '442417411065516032', NULL, NULL, NULL, NULL, NULL);
INSERT INTO `sys_role_power` VALUES ('1305379650368700421', '2', '442418188639145984', NULL, NULL, NULL, NULL, NULL);
INSERT INTO `sys_role_power` VALUES ('1305379650368700422', '2', '694203021537574912', NULL, NULL, NULL, NULL, NULL);
INSERT INTO `sys_role_power` VALUES ('1305379650368700423', '2', '442520236248403968', NULL, NULL, NULL, NULL, NULL);
INSERT INTO `sys_role_power` VALUES ('1305379650368700424', '2', '694203311615639552', NULL, NULL, NULL, NULL, NULL);
INSERT INTO `sys_role_power` VALUES ('1305379650368700425', '2', '442650387514789888', NULL, NULL, NULL, NULL, NULL);
INSERT INTO `sys_role_power` VALUES ('1305379650368700426', '2', '442650770626711552', NULL, NULL, NULL, NULL, NULL);
INSERT INTO `sys_role_power` VALUES ('1305379650368700427', '2', '442651158935375872', NULL, NULL, NULL, NULL, NULL);
INSERT INTO `sys_role_power` VALUES ('1305379650368700428', '2', '451002662209589248', NULL, NULL, NULL, NULL, NULL);
INSERT INTO `sys_role_power` VALUES ('1305379650368700429', '2', '451003242072117248', NULL, NULL, NULL, NULL, NULL);
INSERT INTO `sys_role_power` VALUES ('1308571532737380352', '1', '451002662209589248', NULL, NULL, NULL, NULL, NULL);
INSERT INTO `sys_role_power` VALUES ('1308571532737380353', '1', '451003242072117248', NULL, NULL, NULL, NULL, NULL);
INSERT INTO `sys_role_power` VALUES ('1308571532737380354', '1', '1305875436139446272', NULL, NULL, NULL, NULL, NULL);
INSERT INTO `sys_role_power` VALUES ('1308571532737380355', '1', '1', NULL, NULL, NULL, NULL, NULL);
INSERT INTO `sys_role_power` VALUES ('1308571532737380356', '1', '2', NULL, NULL, NULL, NULL, NULL);
INSERT INTO `sys_role_power` VALUES ('1308571532737380357', '1', '1284020948269268992', NULL, NULL, NULL, NULL, NULL);
INSERT INTO `sys_role_power` VALUES ('1308571532737380358', '1', '1284022967767924736', NULL, NULL, NULL, NULL, NULL);
INSERT INTO `sys_role_power` VALUES ('1308571532737380359', '1', '3', NULL, NULL, NULL, NULL, NULL);
INSERT INTO `sys_role_power` VALUES ('1308571532737380360', '1', '442359447487123456', NULL, NULL, NULL, NULL, NULL);
INSERT INTO `sys_role_power` VALUES ('1308571532737380361', '1', '4', NULL, NULL, NULL, NULL, NULL);
INSERT INTO `sys_role_power` VALUES ('1308571532737380362', '1', '1304387665067507712', NULL, NULL, NULL, NULL, NULL);
INSERT INTO `sys_role_power` VALUES ('1308571532737380363', '1', '450300705362808832', NULL, NULL, NULL, NULL, NULL);
INSERT INTO `sys_role_power` VALUES ('1308571532737380364', '1', '1304793451996381184', NULL, NULL, NULL, NULL, NULL);
INSERT INTO `sys_role_power` VALUES ('1308571532737380365', '1', '1307299332784914432', NULL, NULL, NULL, NULL, NULL);
INSERT INTO `sys_role_power` VALUES ('1308571532737380366', '1', '442650387514789888', NULL, NULL, NULL, NULL, NULL);
INSERT INTO `sys_role_power` VALUES ('1308571532737380367', '1', '442650770626711552', NULL, NULL, NULL, NULL, NULL);
INSERT INTO `sys_role_power` VALUES ('1308571532737380368', '1', '442651158935375872', NULL, NULL, NULL, NULL, NULL);
INSERT INTO `sys_role_power` VALUES ('1308571532737380369', '1', '694203021537574912', NULL, NULL, NULL, NULL, NULL);
INSERT INTO `sys_role_power` VALUES ('1308571532737380370', '1', '442520236248403968', NULL, NULL, NULL, NULL, NULL);
INSERT INTO `sys_role_power` VALUES ('1308571532737380371', '1', '694203311615639552', NULL, NULL, NULL, NULL, NULL);
INSERT INTO `sys_role_power` VALUES ('1308571532737380372', '1', '442417411065516032', NULL, NULL, NULL, NULL, NULL);
INSERT INTO `sys_role_power` VALUES ('1308571532737380373', '1', '442418188639145984', NULL, NULL, NULL, NULL, NULL);
INSERT INTO `sys_role_power` VALUES ('1308571532737380374', '1', '1302180351979814912', NULL, NULL, NULL, NULL, NULL);
INSERT INTO `sys_role_power` VALUES ('1308571532737380375', '1', '1307562196556840960', NULL, NULL, NULL, NULL, NULL);
INSERT INTO `sys_role_power` VALUES ('1308571532737380376', '1', '1307562519451140096', NULL, NULL, NULL, NULL, NULL);
INSERT INTO `sys_role_power` VALUES ('1308571532737380377', '1', '1308571483794046976', NULL, NULL, NULL, NULL, NULL);
INSERT INTO `sys_role_power` VALUES ('1313147486356897792', '1310215420371795968', '451002662209589248', NULL, NULL, NULL, NULL, NULL);
INSERT INTO `sys_role_power` VALUES ('1313147486356897793', '1310215420371795968', '1', NULL, NULL, NULL, NULL, NULL);
INSERT INTO `sys_role_power` VALUES ('1313147486356897794', '1310215420371795968', '2', NULL, NULL, NULL, NULL, NULL);
INSERT INTO `sys_role_power` VALUES ('1313147486356897795', '1310215420371795968', '3', NULL, NULL, NULL, NULL, NULL);
INSERT INTO `sys_role_power` VALUES ('1313147486356897796', '1310215420371795968', '4', NULL, NULL, NULL, NULL, NULL);
INSERT INTO `sys_role_power` VALUES ('1313147486356897797', '1310215420371795968', '1304387665067507712', NULL, NULL, NULL, NULL, NULL);
INSERT INTO `sys_role_power` VALUES ('1313147486356897798', '1310215420371795968', '450300705362808832', NULL, NULL, NULL, NULL, NULL);
INSERT INTO `sys_role_power` VALUES ('1313147486356897799', '1310215420371795968', '1304793451996381184', NULL, NULL, NULL, NULL, NULL);
INSERT INTO `sys_role_power` VALUES ('1313147486356897800', '1310215420371795968', '1307299332784914432', NULL, NULL, NULL, NULL, NULL);
INSERT INTO `sys_role_power` VALUES ('1313147486356897801', '1310215420371795968', '1313142171393589248', NULL, NULL, NULL, NULL, NULL);
INSERT INTO `sys_role_power` VALUES ('1313147486356897802', '1310215420371795968', '1313142510486290432', NULL, NULL, NULL, NULL, NULL);
INSERT INTO `sys_role_power` VALUES ('1313147486356897803', '1310215420371795968', '442650387514789888', NULL, NULL, NULL, NULL, NULL);
INSERT INTO `sys_role_power` VALUES ('1313147486356897804', '1310215420371795968', '694203021537574912', NULL, NULL, NULL, NULL, NULL);
INSERT INTO `sys_role_power` VALUES ('1313147486356897805', '1310215420371795968', '442417411065516032', NULL, NULL, NULL, NULL, NULL);
INSERT INTO `sys_role_power` VALUES ('1313147486356897806', '1310215420371795968', '1307562196556840960', NULL, NULL, NULL, NULL, NULL);
INSERT INTO `sys_role_power` VALUES ('1320969221462556672', '1320969145759563776', '451002662209589248', NULL, NULL, NULL, NULL, NULL);
INSERT INTO `sys_role_power` VALUES ('1320969221462556673', '1320969145759563776', '451003242072117248', NULL, NULL, NULL, NULL, NULL);
INSERT INTO `sys_role_power` VALUES ('1320969221462556674', '1320969145759563776', '1305875436139446272', NULL, NULL, NULL, NULL, NULL);
INSERT INTO `sys_role_power` VALUES ('1386870404294901760', '1313761100243664896', '', NULL, NULL, NULL, NULL, NULL);
INSERT INTO `sys_role_power` VALUES ('1481516294846021632', '1309851245195821056', '442417411065516032', NULL, NULL, NULL, NULL, NULL);
INSERT INTO `sys_role_power` VALUES ('1481516294846021633', '1309851245195821056', '1481092151025598464', NULL, NULL, NULL, NULL, NULL);
INSERT INTO `sys_role_power` VALUES ('1481516294846021634', '1309851245195821056', '1302180351979814912', NULL, NULL, NULL, NULL, NULL);
INSERT INTO `sys_role_power` VALUES ('1481516294846021635', '1309851245195821056', '442418188639145984', NULL, NULL, NULL, NULL, NULL);
INSERT INTO `sys_role_power` VALUES ('1481516294846021636', '1309851245195821056', '694203311615639552', NULL, NULL, NULL, NULL, NULL);
INSERT INTO `sys_role_power` VALUES ('1481516294846021637', '1309851245195821056', '1', NULL, NULL, NULL, NULL, NULL);
INSERT INTO `sys_role_power` VALUES ('1481516294846021638', '1309851245195821056', '1322085079861690368', NULL, NULL, NULL, NULL, NULL);
INSERT INTO `sys_role_power` VALUES ('1481516294846021639', '1309851245195821056', '1322085393021009920', NULL, NULL, NULL, NULL, NULL);
INSERT INTO `sys_role_power` VALUES ('1481516294846021640', '1309851245195821056', '1322085270392143872', NULL, NULL, NULL, NULL, NULL);
INSERT INTO `sys_role_power` VALUES ('1481516294846021641', '1309851245195821056', '1322085497798918144', NULL, NULL, NULL, NULL, NULL);
INSERT INTO `sys_role_power` VALUES ('1481516294846021642', '1309851245195821056', '1322085659766161408', NULL, NULL, NULL, NULL, NULL);
INSERT INTO `sys_role_power` VALUES ('1481516294846021643', '1309851245195821056', '3', NULL, NULL, NULL, NULL, NULL);
INSERT INTO `sys_role_power` VALUES ('1481516294846021644', '1309851245195821056', '1310209696916832256', NULL, NULL, NULL, NULL, NULL);
INSERT INTO `sys_role_power` VALUES ('1481516294846021645', '1309851245195821056', '1310209900478988288', NULL, NULL, NULL, NULL, NULL);
INSERT INTO `sys_role_power` VALUES ('1481516294846021646', '1309851245195821056', '1310210054728712192', NULL, NULL, NULL, NULL, NULL);
INSERT INTO `sys_role_power` VALUES ('1481516294846021647', '1309851245195821056', '1310211965188046848', NULL, NULL, NULL, NULL, NULL);
INSERT INTO `sys_role_power` VALUES ('1481516294846021648', '1309851245195821056', '442359447487123456', NULL, NULL, NULL, NULL, NULL);
INSERT INTO `sys_role_power` VALUES ('1481516294846021649', '1309851245195821056', '1310226416867999744', NULL, NULL, NULL, NULL, NULL);
INSERT INTO `sys_role_power` VALUES ('1481516294846021650', '1309851245195821056', '1310226976593674240', NULL, NULL, NULL, NULL, NULL);
INSERT INTO `sys_role_power` VALUES ('1481516294846021651', '1309851245195821056', '1310227130998587392', NULL, NULL, NULL, NULL, NULL);
INSERT INTO `sys_role_power` VALUES ('1481516294846021652', '1309851245195821056', '1310227300935008256', NULL, NULL, NULL, NULL, NULL);
INSERT INTO `sys_role_power` VALUES ('1481516294846021653', '1309851245195821056', '1316558444790022144', NULL, NULL, NULL, NULL, NULL);
INSERT INTO `sys_role_power` VALUES ('1481516294846021654', '1309851245195821056', '1316558556102656000', NULL, NULL, NULL, NULL, NULL);
INSERT INTO `sys_role_power` VALUES ('1481516294846021655', '1309851245195821056', '1317555660455411712', NULL, NULL, NULL, NULL, NULL);
INSERT INTO `sys_role_power` VALUES ('1481516294846021656', '1309851245195821056', '1316558685442408448', NULL, NULL, NULL, NULL, NULL);
INSERT INTO `sys_role_power` VALUES ('1481516294846021657', '1309851245195821056', '1310402491631796224', NULL, NULL, NULL, NULL, NULL);
INSERT INTO `sys_role_power` VALUES ('1481516294846021658', '1309851245195821056', '1310404584291696640', NULL, NULL, NULL, NULL, NULL);
INSERT INTO `sys_role_power` VALUES ('1481516294846021659', '1309851245195821056', '1310405161587310592', NULL, NULL, NULL, NULL, NULL);
INSERT INTO `sys_role_power` VALUES ('1481516294846021660', '1309851245195821056', '1310402688881524736', NULL, NULL, NULL, NULL, NULL);
INSERT INTO `sys_role_power` VALUES ('1481516294846021661', '1309851245195821056', '1310404705934901248', NULL, NULL, NULL, NULL, NULL);
INSERT INTO `sys_role_power` VALUES ('1481516294846021662', '1309851245195821056', '1310402817776680960', NULL, NULL, NULL, NULL, NULL);
INSERT INTO `sys_role_power` VALUES ('1481516294846021663', '1309851245195821056', '1310403004406431744', NULL, NULL, NULL, NULL, NULL);
INSERT INTO `sys_role_power` VALUES ('1481516294846021664', '1309851245195821056', '1310404831407505408', NULL, NULL, NULL, NULL, NULL);
INSERT INTO `sys_role_power` VALUES ('1481516294846021665', '1309851245195821056', '1310404999599095808', NULL, NULL, NULL, NULL, NULL);
INSERT INTO `sys_role_power` VALUES ('1481516294846021666', '1309851245195821056', '1310243862937075712', NULL, NULL, NULL, NULL, NULL);
INSERT INTO `sys_role_power` VALUES ('1481516294846021667', '1309851245195821056', '1310244103824343040', NULL, NULL, NULL, NULL, NULL);
INSERT INTO `sys_role_power` VALUES ('1481516294846021668', '1309851245195821056', '1310244248884346880', NULL, NULL, NULL, NULL, NULL);
INSERT INTO `sys_role_power` VALUES ('1481516294846021669', '1309851245195821056', '1310238229588344832', NULL, NULL, NULL, NULL, NULL);
INSERT INTO `sys_role_power` VALUES ('1481516294846021670', '1309851245195821056', '1310238417082122240', NULL, NULL, NULL, NULL, NULL);
INSERT INTO `sys_role_power` VALUES ('1481516294846021671', '1309851245195821056', '1310238574355939328', NULL, NULL, NULL, NULL, NULL);
INSERT INTO `sys_role_power` VALUES ('1481516294846021672', '1309851245195821056', '1310238700705153024', NULL, NULL, NULL, NULL, NULL);
INSERT INTO `sys_role_power` VALUES ('1481516294846021673', '1309851245195821056', '1349637786285637632', NULL, NULL, NULL, NULL, NULL);
INSERT INTO `sys_role_power` VALUES ('1481516294846021674', '1309851245195821056', '1349638479767666688', NULL, NULL, NULL, NULL, NULL);
INSERT INTO `sys_role_power` VALUES ('1481516294846021675', '1309851245195821056', '1349636919478190080', NULL, NULL, NULL, NULL, NULL);
INSERT INTO `sys_role_power` VALUES ('1481516294846021676', '1309851245195821056', '1349636574442160128', NULL, NULL, NULL, NULL, NULL);
INSERT INTO `sys_role_power` VALUES ('1481516294846021677', '1309851245195821056', '694203021537574912', NULL, NULL, NULL, NULL, NULL);
INSERT INTO `sys_role_power` VALUES ('1481516294846021678', '1309851245195821056', '1481516107280941056', NULL, NULL, NULL, NULL, NULL);
INSERT INTO `sys_role_power` VALUES ('1481516294846021679', '1309851245195821056', '1330865171429588992', NULL, NULL, NULL, NULL, NULL);
INSERT INTO `sys_role_power` VALUES ('1481516294846021680', '1309851245195821056', '1348562759603716096', NULL, NULL, NULL, NULL, NULL);
INSERT INTO `sys_role_power` VALUES ('1481516294846021681', '1309851245195821056', '442650770626711552', NULL, NULL, NULL, NULL, NULL);
INSERT INTO `sys_role_power` VALUES ('1481516294846021682', '1309851245195821056', '1310397832091402240', NULL, NULL, NULL, NULL, NULL);
INSERT INTO `sys_role_power` VALUES ('1481516294846021683', '1309851245195821056', '1310390699333517312', NULL, NULL, NULL, NULL, NULL);
INSERT INTO `sys_role_power` VALUES ('1481516294846021684', '1309851245195821056', '1310390994826428416', NULL, NULL, NULL, NULL, NULL);
INSERT INTO `sys_role_power` VALUES ('1481516294846021685', '1309851245195821056', '1310391095670079488', NULL, NULL, NULL, NULL, NULL);
INSERT INTO `sys_role_power` VALUES ('1481516294846021686', '1309851245195821056', '1310391707069579264', NULL, NULL, NULL, NULL, NULL);
INSERT INTO `sys_role_power` VALUES ('1481516294846021687', '1309851245195821056', '1310398020692475904', NULL, NULL, NULL, NULL, NULL);
INSERT INTO `sys_role_power` VALUES ('1481516294846021688', '1309851245195821056', '1310398158974484480', NULL, NULL, NULL, NULL, NULL);
INSERT INTO `sys_role_power` VALUES ('1481516294846021689', '1309851245195821056', '442651158935375872', NULL, NULL, NULL, NULL, NULL);
INSERT INTO `sys_role_power` VALUES ('1481516294846021690', '1309851245195821056', '1310395250908332032', NULL, NULL, NULL, NULL, NULL);
INSERT INTO `sys_role_power` VALUES ('1481516294846021691', '1309851245195821056', '450300705362808832', NULL, NULL, NULL, NULL, NULL);
INSERT INTO `sys_role_power` VALUES ('1481516294846021692', '1309851245195821056', '1310232350285627392', NULL, NULL, NULL, NULL, NULL);
INSERT INTO `sys_role_power` VALUES ('1481516294846021693', '1309851245195821056', '1310232462562951168', NULL, NULL, NULL, NULL, NULL);
INSERT INTO `sys_role_power` VALUES ('1481516294846021694', '1309851245195821056', '1349016358033031168', NULL, NULL, NULL, NULL, NULL);
INSERT INTO `sys_role_power` VALUES ('1481516294846021695', '1309851245195821056', '1307562196556840960', NULL, NULL, NULL, NULL, NULL);
INSERT INTO `sys_role_power` VALUES ('1481516294846021696', '1309851245195821056', '1307562519451140096', NULL, NULL, NULL, NULL, NULL);
INSERT INTO `sys_role_power` VALUES ('1481516294846021697', '1309851245195821056', '1318229908526202880', NULL, NULL, NULL, NULL, NULL);
INSERT INTO `sys_role_power` VALUES ('1481516294846021698', '1309851245195821056', '1318230013262168064', NULL, NULL, NULL, NULL, NULL);
INSERT INTO `sys_role_power` VALUES ('1481516294846021699', '1309851245195821056', '1318230265385975808', NULL, NULL, NULL, NULL, NULL);
INSERT INTO `sys_role_power` VALUES ('1481516294846021700', '1309851245195821056', '1308571483794046976', NULL, NULL, NULL, NULL, NULL);
INSERT INTO `sys_role_power` VALUES ('442062615250866176', '693913251020275712', '1', NULL, NULL, NULL, NULL, NULL);
INSERT INTO `sys_role_power` VALUES ('442062615250866177', '693913251020275712', '2', NULL, NULL, NULL, NULL, NULL);
INSERT INTO `sys_role_power` VALUES ('442062615250866178', '693913251020275712', '3', NULL, NULL, NULL, NULL, NULL);
INSERT INTO `sys_role_power` VALUES ('442062615250866179', '693913251020275712', '4', NULL, NULL, NULL, NULL, NULL);

-- ----------------------------
-- Table structure for sys_user
-- ----------------------------
DROP TABLE IF EXISTS `sys_user`;
CREATE TABLE `sys_user`  (
  `user_id` char(19) CHARACTER SET utf8mb4 COLLATE utf8mb4_general_ci NOT NULL COMMENT '编号',
  `username` char(20) CHARACTER SET utf8mb4 COLLATE utf8mb4_general_ci NULL DEFAULT NULL COMMENT '账户',
  `password` char(60) CHARACTER SET utf8mb4 COLLATE utf8mb4_general_ci NULL DEFAULT NULL COMMENT '密码',
  `salt` char(10) CHARACTER SET utf8mb4 COLLATE utf8mb4_general_ci NULL DEFAULT NULL COMMENT '姓名',
  `status` char(1) CHARACTER SET utf8mb4 COLLATE utf8mb4_general_ci NULL DEFAULT NULL COMMENT '状态',
  `real_name` char(8) CHARACTER SET utf8mb4 COLLATE utf8mb4_general_ci NULL DEFAULT NULL COMMENT '姓名',
  `email` char(20) CHARACTER SET utf8mb4 COLLATE utf8mb4_general_ci NULL DEFAULT NULL COMMENT '邮箱',
  `avatar` varchar(30) CHARACTER SET utf8mb4 COLLATE utf8mb4_general_ci NULL DEFAULT NULL COMMENT '头像',
  `sex` char(1) CHARACTER SET utf8mb4 COLLATE utf8mb4_general_ci NULL DEFAULT NULL COMMENT '性别',
  `phone` char(11) CHARACTER SET utf8mb4 COLLATE utf8mb4_general_ci NULL DEFAULT NULL COMMENT '电话',
  `create_time` datetime NULL DEFAULT NULL COMMENT '创建时间',
  `create_by` char(19) CHARACTER SET utf8mb4 COLLATE utf8mb4_general_ci NULL DEFAULT NULL COMMENT '创建人',
  `update_time` datetime NULL DEFAULT NULL COMMENT '修改时间',
  `update_by` char(19) CHARACTER SET utf8mb4 COLLATE utf8mb4_general_ci NULL DEFAULT NULL COMMENT '修改人',
  `remark` varchar(255) CHARACTER SET utf8mb4 COLLATE utf8mb4_general_ci NULL DEFAULT NULL COMMENT '备注',
  `enable` char(1) CHARACTER SET utf8mb4 COLLATE utf8mb4_general_ci NULL DEFAULT NULL COMMENT '是否启用',
  `login` char(1) CHARACTER SET utf8mb4 COLLATE utf8mb4_general_ci NULL DEFAULT NULL COMMENT '是否登录',
  `dept_id` char(19) CHARACTER SET utf8mb4 COLLATE utf8mb4_general_ci NULL DEFAULT NULL COMMENT '部门编号',
  `last_time` datetime NULL DEFAULT NULL COMMENT '最后一次登录时间',
  PRIMARY KEY (`user_id`) USING BTREE
) ENGINE = InnoDB CHARACTER SET = utf8mb4 COLLATE = utf8mb4_general_ci ROW_FORMAT = DYNAMIC;

-- ----------------------------
-- Records of sys_user
-- ----------------------------
INSERT INTO `sys_user` VALUES ('1306230031168569344', 'feng', '$2a$10$jjf2h8Cx2lkFMKy3NY9pguADYAMewyPr2IJw8YAI5zSH2/0R/9Kra', NULL, '1', '风筝', 'feng@gmail.com', NULL, '0', '15553726531', '2000-02-09 00:00:00', NULL, NULL, NULL, '被岁月镂空，亦受其雕琢', '1', NULL, '10', NULL);
INSERT INTO `sys_user` VALUES ('1309861917694623744', 'admin', '$2a$10$6T.NGloFO.mD/QOAUelMTOcjAH8N49h34TsXduDVlnNMrASIGBNz6', NULL, '1', '管理', 'Jmys1992@qq.com', '', '0', '15553726531', '2020-09-26 22:26:32', NULL, '2022-01-26 00:30:35', '1309861917694623744', '被岁月镂空，亦受其雕琢', '1', NULL, '1', '2022-01-26 00:30:35');
INSERT INTO `sys_user` VALUES ('1310409555649232897', 'ruhua', '$2a$10$pkvLdCLdFp2sXZpmK34wveekbWvHinW2ldBnic4SqjiKO8jK4Etka', NULL, '1', '如花', 'ruhua@gmail.com', NULL, '0', '15553726531', '2020-09-28 10:42:39', NULL, NULL, NULL, NULL, '1', NULL, '1', NULL);
INSERT INTO `sys_user` VALUES ('1349016976730619905', 'mwj', '$2a$10$mD0pnwOGjmOKihboidaTveUdrqcDYoluzfCOA0Ho87iwr9PKrDA6i', NULL, '1', '风筝', '', NULL, '1', '666666666', '2021-01-12 23:34:45', NULL, NULL, NULL, NULL, '1', NULL, '6', '2021-01-12 23:35:12');
INSERT INTO `sys_user` VALUES ('1349021166525743105', 'xiana', '$2a$10$6VuyGmiEbIix/gPDU8oe3O7DZSxGVByjXCHQGtyEMoRAt74M/daee', NULL, '1', '夏娜', 'xiana@gmail.com', NULL, '0', '15553726531', '2021-01-12 23:51:24', NULL, NULL, NULL, NULL, '1', NULL, '1', NULL);
INSERT INTO `sys_user` VALUES ('1355966975355912193', 'sanman', '$2a$10$AD3QnQMRhYY7RUDHd1EEL.KHaDW8/S66SsESwh.9ta8bLiUXrZcJe', NULL, '1', '散漫', 'sanman@gmail.com', NULL, '0', '15553726531', '2021-02-01 03:51:34', NULL, NULL, NULL, NULL, '1', NULL, '1', NULL);
INSERT INTO `sys_user` VALUES ('1355967204012589057', 'langhua', '$2a$10$MNbf6dSvvncpoPsNFyMW6ObPwfj3jCKsZa7LvVAiXco1DWtgA46he', NULL, '1', '浪花', 'langhua@gmail.com', NULL, '0', '15553726531', '2021-02-01 03:52:29', NULL, NULL, NULL, NULL, '1', NULL, '1', NULL);
INSERT INTO `sys_user` VALUES ('1355967579994193921', 'zidian', '$2a$10$c9OatFOMGnj37A6UJTwfGOKqCwCx50K8eZsjV5YoBRlpYHcz8WfyW', NULL, '1', '字典', 'zidian', NULL, '0', '15553726531', '2021-02-01 03:53:58', NULL, NULL, NULL, NULL, '1', NULL, '1', NULL);
INSERT INTO `sys_user` VALUES ('1370973608502886401', 'duanlang', '$2a$10$XNcKlX3AnXR/Gh2g8aLX5OFtLD69Yjl1O8PDLmITH4WCQT.shsrWe', NULL, '1', '断浪', 'duanlang@gmail.com', NULL, '0', '15553726531', '2021-03-14 13:42:34', NULL, '2022-01-25 23:44:50', '1309861917694623744', NULL, '1', NULL, '1', '2021-03-14 13:47:28');
INSERT INTO `sys_user` VALUES ('1460505942704521217', '2342332', '$2a$10$4WI5yQhbRrzoq98El4G1xej7K0qTu1i5O41kSlvm3vkJqCqCL10ZS', NULL, '1', '32423423', '32423', NULL, '1', '3242342', NULL, NULL, NULL, NULL, NULL, '1', NULL, '1', NULL);
INSERT INTO `sys_user` VALUES ('1460509791712444417', '3424', '$2a$10$JusbybebfX1nplA600Jnae4OIlBGzvodZqyn4HdXIAxfB0uOmOvZa', NULL, '1', '32432', '32423', NULL, '0', '324', NULL, NULL, NULL, NULL, NULL, '1', NULL, '1', NULL);
INSERT INTO `sys_user` VALUES ('1460511736024006657', '32422342342', '$2a$10$iYKEXmPhwILlI.K88noBnuDXxPZoC6W2ILOO7miPJNHC3AumkfnQa', NULL, '1', '34234', '2342', NULL, '1', '3242', NULL, NULL, NULL, NULL, NULL, '1', NULL, '8', NULL);
INSERT INTO `sys_user` VALUES ('1460514484282982401', '1111111111', '$2a$10$XR4I//fjz/3QDFWIf/CiXemV60hnUsH8xzjF6zpC1APXT78rHWM1m', NULL, '1', '1111111', '111111111111', NULL, '0', '11111111111', NULL, NULL, NULL, NULL, NULL, '1', NULL, '1', NULL);
INSERT INTO `sys_user` VALUES ('1460517758222467073', '122222222', '$2a$10$jCHiBbu9fKSs7m.Ex/rr7O4pH.YlYirxSKRG4RlXo1zEOu.kUuoGK', NULL, '1', '22222', '22222222', NULL, '0', '2222222222', NULL, NULL, NULL, NULL, NULL, '1', NULL, '1', NULL);
INSERT INTO `sys_user` VALUES ('1460519251675709441', '77777777', '$2a$10$Rr10/cvROrH5lbOxfR41neJb6dm0FzpQe/olBpY.OPd/4kZvcxXD.', NULL, '1', '7777', '777777', NULL, '0', '77777', NULL, NULL, NULL, NULL, NULL, '1', NULL, '1', NULL);
INSERT INTO `sys_user` VALUES ('1480925147811545089', '324', '$2a$10$F4f9cnWayohY8du85Ki/gukuXCp8whFwAT8GMuMm5yZdYCXY3Qn8W', NULL, '1', '324', '234', NULL, '0', '23423', NULL, NULL, NULL, NULL, NULL, '1', NULL, '1', NULL);

-- ----------------------------
-- Table structure for sys_user_role
-- ----------------------------
DROP TABLE IF EXISTS `sys_user_role`;
CREATE TABLE `sys_user_role`  (
  `id` char(19) CHARACTER SET utf8mb4 COLLATE utf8mb4_general_ci NOT NULL COMMENT '标识',
  `user_id` char(19) CHARACTER SET utf8mb4 COLLATE utf8mb4_general_ci NULL DEFAULT NULL COMMENT '用户编号',
  `role_id` char(19) CHARACTER SET utf8mb4 COLLATE utf8mb4_general_ci NULL DEFAULT NULL COMMENT '角色编号',
  PRIMARY KEY (`id`) USING BTREE
) ENGINE = InnoDB CHARACTER SET = utf8mb4 COLLATE = utf8mb4_general_ci ROW_FORMAT = DYNAMIC;

-- ----------------------------
-- Records of sys_user_role
-- ----------------------------
INSERT INTO `sys_user_role` VALUES ('1302196622322565120', '1302196622007992320', '1');
INSERT INTO `sys_user_role` VALUES ('1304443027040763904', '1304443026482921472', '1');
INSERT INTO `sys_user_role` VALUES ('1304443027044958208', '1304443026482921472', '2');
INSERT INTO `sys_user_role` VALUES ('1304443027044958209', '1304443026482921472', '3');
INSERT INTO `sys_user_role` VALUES ('1304443307404820480', '1304443306888921088', '1');
INSERT INTO `sys_user_role` VALUES ('1304443307404820481', '1304443306888921088', '2');
INSERT INTO `sys_user_role` VALUES ('1305359805342285824', '1305359804906078208', '');
INSERT INTO `sys_user_role` VALUES ('1305359807724650496', '1305359807296831488', '');
INSERT INTO `sys_user_role` VALUES ('1305390235135246336', '1305390234694844416', '');
INSERT INTO `sys_user_role` VALUES ('1306229860422647808', '1306229859755753472', '1');
INSERT INTO `sys_user_role` VALUES ('1306229892144168960', '1306229891624075264', '1');
INSERT INTO `sys_user_role` VALUES ('1306243520893288448', '1306243520482246656', '');
INSERT INTO `sys_user_role` VALUES ('1308074663896678400', '1308074663313670144', '1');
INSERT INTO `sys_user_role` VALUES ('1308074663896678401', '1308074663313670144', '1306230258952830976');
INSERT INTO `sys_user_role` VALUES ('1308074663896678402', '1308074663313670144', '2');
INSERT INTO `sys_user_role` VALUES ('1308075167091523584', '1308075166433017856', '1');
INSERT INTO `sys_user_role` VALUES ('1308075167091523585', '1308075166433017856', '1306230258952830976');
INSERT INTO `sys_user_role` VALUES ('1308075241188098048', '1308074939114323968', '1');
INSERT INTO `sys_user_role` VALUES ('1308075241188098049', '1308074939114323968', '1306230258952830976');
INSERT INTO `sys_user_role` VALUES ('1308075407685189632', '1308075407114764288', '1');
INSERT INTO `sys_user_role` VALUES ('1308075407685189633', '1308075407114764288', '1306230258952830976');
INSERT INTO `sys_user_role` VALUES ('1308075638158000128', '1308075637621129216', '1306230258952830976');
INSERT INTO `sys_user_role` VALUES ('1308328954523811840', '1308328954045661184', '1');
INSERT INTO `sys_user_role` VALUES ('1308328954523811841', '1308328954045661184', '1306230258952830976');
INSERT INTO `sys_user_role` VALUES ('1308328954523811842', '1308328954045661184', '2');
INSERT INTO `sys_user_role` VALUES ('1308571264494862336', '1308076162903179264', '1306230258952830976');
INSERT INTO `sys_user_role` VALUES ('1309445423668133888', '1309444883659882496', '1306230258952830976');
INSERT INTO `sys_user_role` VALUES ('1309445423668133889', '1309444883659882496', '1309121036125470720');
INSERT INTO `sys_user_role` VALUES ('1309445423668133890', '1309444883659882496', '2');
INSERT INTO `sys_user_role` VALUES ('1309752526945386496', '1', '1306230258952830976');
INSERT INTO `sys_user_role` VALUES ('1309752526945386497', '1', '1309121036125470720');
INSERT INTO `sys_user_role` VALUES ('1309752526945386498', '1', '2');
INSERT INTO `sys_user_role` VALUES ('1309860016655695872', '1309860016043327488', '1309851245195821056');
INSERT INTO `sys_user_role` VALUES ('1309860554432577536', '1309860553891512320', '1309851245195821056');
INSERT INTO `sys_user_role` VALUES ('1309861324494209024', '1309861323898617856', '1309851245195821056');
INSERT INTO `sys_user_role` VALUES ('1309861325593116672', '1309861324909445120', '1309851245195821056');
INSERT INTO `sys_user_role` VALUES ('1310080380040118272', '1310080379331280896', '1306230258952830976');
INSERT INTO `sys_user_role` VALUES ('1310080380589572096', '1310080379935260672', '1306230258952830976');
INSERT INTO `sys_user_role` VALUES ('1310080718918909952', '1310080718256209920', '1306230258952830976');
INSERT INTO `sys_user_role` VALUES ('1310080719917154304', '1310080719208316928', '1306230258952830976');
INSERT INTO `sys_user_role` VALUES ('1310082314557980672', '1310082313954000896', '1306230258952830976');
INSERT INTO `sys_user_role` VALUES ('1310082315195514880', '1310082314545397760', '1306230258952830976');
INSERT INTO `sys_user_role` VALUES ('1310083089153654784', '1310083088511926272', '1309121036125470720');
INSERT INTO `sys_user_role` VALUES ('1310083089828937728', '1310083089216569344', '1309121036125470720');
INSERT INTO `sys_user_role` VALUES ('1310083324709961728', '1310083324110176256', '1306230258952830976');
INSERT INTO `sys_user_role` VALUES ('1310208453033066496', '1310208452424892416', '1309121036125470720');
INSERT INTO `sys_user_role` VALUES ('1310209026096627712', '1310209025576534016', '1306230258952830976');
INSERT INTO `sys_user_role` VALUES ('1310209026096627713', '1310209025576534016', '1309121036125470720');
INSERT INTO `sys_user_role` VALUES ('1310381721815875584', '1306229381332467712', '1309851245195821056');
INSERT INTO `sys_user_role` VALUES ('1310424875067768832', '1310421836906889217', '1310421428759166976');
INSERT INTO `sys_user_role` VALUES ('1314015448013996032', '1304491590080790528', '1309851245195821056');
INSERT INTO `sys_user_role` VALUES ('1314410103465574400', '1314410059245027329', '1309851245195821056');
INSERT INTO `sys_user_role` VALUES ('1314416691479838720', '1314416690875858945', '');
INSERT INTO `sys_user_role` VALUES ('1316275764227735552', '1316275763711836161', '1309851245195821056');
INSERT INTO `sys_user_role` VALUES ('1316275764227735553', '1316275763711836161', '1313761100243664896');
INSERT INTO `sys_user_role` VALUES ('1316275899439513600', '1315827004456566785', '1309851245195821056');
INSERT INTO `sys_user_role` VALUES ('1316275899439513601', '1315827004456566785', '1313761100243664896');
INSERT INTO `sys_user_role` VALUES ('1316275930657718272', '1315829324519047169', '1309851245195821056');
INSERT INTO `sys_user_role` VALUES ('1316276059032780800', '1310409555649232897', '');
INSERT INTO `sys_user_role` VALUES ('1316410619078901760', '1306229606205882368', '1309851245195821056');
INSERT INTO `sys_user_role` VALUES ('1316410619078901761', '1306229606205882368', '1313761100243664896');
INSERT INTO `sys_user_role` VALUES ('1316410619078901762', '1306229606205882368', '1316407534105395200');
INSERT INTO `sys_user_role` VALUES ('1316410619078901763', '1306229606205882368', '1316408008376320000');
INSERT INTO `sys_user_role` VALUES ('1318205966671413248', '1318205965996130305', '');
INSERT INTO `sys_user_role` VALUES ('1320899195875360768', '1320899195225243649', '');
INSERT INTO `sys_user_role` VALUES ('1329795580615983104', '1329795579919728641', '1309851245195821056');
INSERT INTO `sys_user_role` VALUES ('1329795580615983105', '1329795579919728641', '1313761100243664896');
INSERT INTO `sys_user_role` VALUES ('1329795614484987904', '1329795613730013185', '1309851245195821056');
INSERT INTO `sys_user_role` VALUES ('1329795688124383232', '1329795687465877505', '1313761100243664896');
INSERT INTO `sys_user_role` VALUES ('1329795704863850496', '1329795703882383361', '1313761100243664896');
INSERT INTO `sys_user_role` VALUES ('1329795716930863104', '1329795716255580161', '1313761100243664896');
INSERT INTO `sys_user_role` VALUES ('1329795741211688960', '1329795740536406017', '1309851245195821056');
INSERT INTO `sys_user_role` VALUES ('1349021014649995264', '1349016976730619905', '1313761100243664896');
INSERT INTO `sys_user_role` VALUES ('1349021167326855168', '1349021166525743105', '1309851245195821056');
INSERT INTO `sys_user_role` VALUES ('1349021167326855169', '1349021166525743105', '1313761100243664896');
INSERT INTO `sys_user_role` VALUES ('1355967256000987136', '1355966975355912193', '1309851245195821056');
INSERT INTO `sys_user_role` VALUES ('1355967256000987137', '1355966975355912193', '1313761100243664896');
INSERT INTO `sys_user_role` VALUES ('1355967330718318592', '1355967204012589057', '1309851245195821056');
INSERT INTO `sys_user_role` VALUES ('1355967330718318593', '1355967204012589057', '1313761100243664896');
INSERT INTO `sys_user_role` VALUES ('1355967580686254080', '1355967579994193921', '1309851245195821056');
INSERT INTO `sys_user_role` VALUES ('1355967580686254081', '1355967579994193921', '1313761100243664896');
INSERT INTO `sys_user_role` VALUES ('1460505375164858368', '1460505374258888705', '1309851245195821056');
INSERT INTO `sys_user_role` VALUES ('1460505490055233536', '1460505488876634113', '1309851245195821056');
INSERT INTO `sys_user_role` VALUES ('1460505503292456960', '1460505502331961345', '1309851245195821056');
INSERT INTO `sys_user_role` VALUES ('1460505556761444352', '1460505555851280385', '1309851245195821056');
INSERT INTO `sys_user_role` VALUES ('1460505813201190912', '1460505812278444033', '1309851245195821056');
INSERT INTO `sys_user_role` VALUES ('1460505944159944704', '1460505942704521217', '1309851245195821056');
INSERT INTO `sys_user_role` VALUES ('1460509792618414080', '1460509791712444417', '1309851245195821056');
INSERT INTO `sys_user_role` VALUES ('1460511737194217472', '1460511736024006657', '1309851245195821056');
INSERT INTO `sys_user_role` VALUES ('1460514455744937984', '1460514454805413889', '1309851245195821056');
INSERT INTO `sys_user_role` VALUES ('1460514485184757760', '1460514484282982401', '1309851245195821056');
INSERT INTO `sys_user_role` VALUES ('1460517759153602560', '1460517758222467073', '1309851245195821056');
INSERT INTO `sys_user_role` VALUES ('1460519252669759488', '1460519251675709441', '1309851245195821056');
INSERT INTO `sys_user_role` VALUES ('1464440904973549568', '1306230031168569344', '');
INSERT INTO `sys_user_role` VALUES ('1480925148579102720', '1480925147811545089', '1309851245195821056');
INSERT INTO `sys_user_role` VALUES ('1480925148579102721', '1480925147811545089', '1313761100243664896');
INSERT INTO `sys_user_role` VALUES ('1481092459923505152', '1309861917694623744', '1309851245195821056');
INSERT INTO `sys_user_role` VALUES ('1481092459923505153', '1309861917694623744', '1313761100243664896');
INSERT INTO `sys_user_role` VALUES ('1486002124293668864', '1370973608502886401', '1309851245195821056');
INSERT INTO `sys_user_role` VALUES ('1486002124293668865', '1370973608502886401', '1313761100243664896');
INSERT INTO `sys_user_role` VALUES ('442110794142978048', NULL, '1');
INSERT INTO `sys_user_role` VALUES ('442110794142978049', NULL, '2');
INSERT INTO `sys_user_role` VALUES ('442110794142978050', NULL, '3');
INSERT INTO `sys_user_role` VALUES ('442114944884936704', '442114944884936704', '1');
INSERT INTO `sys_user_role` VALUES ('442114944884936705', '442114944884936704', '2');
INSERT INTO `sys_user_role` VALUES ('442114944884936706', '442114944884936704', '3');
INSERT INTO `sys_user_role` VALUES ('442114944884936707', '442114944884936704', '693913251020275712');
INSERT INTO `sys_user_role` VALUES ('442114944884936708', '442114944884936704', '693949793801601024');
INSERT INTO `sys_user_role` VALUES ('442114944884936709', '442114944884936704', '694106517393113088');
INSERT INTO `sys_user_role` VALUES ('442127724396548096', '3', '1');
INSERT INTO `sys_user_role` VALUES ('442127724396548097', '3', '2');
INSERT INTO `sys_user_role` VALUES ('442127724396548098', '3', '3');
INSERT INTO `sys_user_role` VALUES ('445004989551742976', '442492965651353600', '1');
INSERT INTO `sys_user_role` VALUES ('445004989551742977', '442492965651353600', '2');
INSERT INTO `sys_user_role` VALUES ('445005010271604736', '444226209941950464', '1');
INSERT INTO `sys_user_role` VALUES ('445005010271604737', '444226209941950464', '2');
INSERT INTO `sys_user_role` VALUES ('445005010271604738', '444226209941950464', '3');
INSERT INTO `sys_user_role` VALUES ('447196043407396864', '447196042723725312', '1');
INSERT INTO `sys_user_role` VALUES ('447196043407396865', '447196042723725312', '2');
INSERT INTO `sys_user_role` VALUES ('447197132043194368', '447197131518906368', '1');
INSERT INTO `sys_user_role` VALUES ('447197773046091776', '447197772274339840', '1');
INSERT INTO `sys_user_role` VALUES ('447200144400715776', '447199996320813056', '1');
INSERT INTO `sys_user_role` VALUES ('447200144400715777', '447199996320813056', '2');
INSERT INTO `sys_user_role` VALUES ('449248198469488640', '449248198058446848', '3');
INSERT INTO `sys_user_role` VALUES ('463926002653990912', '463926002318446592', '3');
INSERT INTO `sys_user_role` VALUES ('463926371165540352', '442488661347536896', '3');

SET FOREIGN_KEY_CHECKS = 1;
